#
# A fatal error has been detected by the Java Runtime Environment:
#
#  Internal Error (assembler_aarch64.hpp:264), pid=21508, tid=29955
#  guarantee(chk == -1 || chk == 0) failed: Field too big for insn
#
# JRE version: OpenJDK Runtime Environment (20.0.1+9) (build 20.0.1+9-29)
# Java VM: OpenJDK 64-Bit Server VM (20.0.1+9-29, mixed mode, sharing, tiered, compressed oops, compressed class ptrs, g1 gc, bsd-aarch64)
# No core dump will be written. Core dumps have been disabled. To enable core dumping, try "ulimit -c unlimited" before starting Java again
#
# If you would like to submit a bug report, please visit:
#   https://bugreport.java.com/bugreport/crash.jsp
#

---------------  S U M M A R Y ------------

Command Line: --add-opens=java.base/java.lang=ALL-UNNAMED --add-opens=java.base/java.lang.invoke=ALL-UNNAMED --add-opens=java.base/java.util=ALL-UNNAMED --add-opens=java.prefs/java.util.prefs=ALL-UNNAMED --add-exports=jdk.compiler/com.sun.tools.javac.api=ALL-UNNAMED --add-exports=jdk.compiler/com.sun.tools.javac.util=ALL-UNNAMED --add-opens=java.base/java.nio.charset=ALL-UNNAMED --add-opens=java.base/java.net=ALL-UNNAMED --add-opens=java.base/java.util.concurrent=ALL-UNNAMED --add-opens=java.base/java.util.concurrent.atomic=ALL-UNNAMED --add-opens=java.xml/javax.xml.namespace=ALL-UNNAMED --add-opens=java.base/java.time=ALL-UNNAMED -Xmx2048m -Dfile.encoding=UTF-8 -Duser.country=VN -Duser.language=en -Duser.variant -javaagent:/Users/loitran/.gradle/wrapper/dists/gradle-9.5.0-bin/bvnork1r7n8i6kp5cnkibsc9q/gradle-9.5.0/lib/agents/gradle-instrumentation-agent-9.5.0.jar org.gradle.launcher.daemon.bootstrap.GradleDaemon 9.5.0

Host: "Mac17,2" arm64, 10 cores, 16G, Darwin 25.4.0, macOS 26.4.1 (25E253)
Time: Sat Jun  6 16:36:00 2026 +07 elapsed time: 75765.324183 seconds (0d 21h 2m 45s)

---------------  T H R E A D  ---------------

Current thread (0x00000001418c3800):  JavaThread "C1 CompilerThread0" daemon [_thread_in_native, id=29955, stack(0x000000016f7cc000,0x000000016f9cf000)]


Current CompileTask:
C1:75765324 407728 % !   2       org.jetbrains.uast.kotlin.FirKotlinUastResolveProviderService::getArgumentForParameter @ 2522 (2846 bytes)

Stack: [0x000000016f7cc000,0x000000016f9cf000],  sp=0x000000016f9cd760,  free space=2053k
Native frames: (J=compiled Java code, j=interpreted, Vv=VM code, C=native code)
V  [libjvm.dylib+0x9ac4d4]  VMError::report_and_die(int, char const*, char const*, char*, Thread*, unsigned char*, void*, void*, char const*, int, unsigned long)+0x480  (assembler_aarch64.hpp:264)
V  [libjvm.dylib+0x9acda8]  VMError::report_and_die(Thread*, void*, char const*, int, char const*, char const*, char*)+0x40
V  [libjvm.dylib+0x2da9cc]  report_vm_error(char const*, int, char const*, char const*, ...)+0x78
V  [libjvm.dylib+0x84d50]  Address::encode_pair(Instruction_aarch64*) const+0x128
V  [libjvm.dylib+0x19c544]  LIR_Assembler::osr_entry()+0x18c
V  [libjvm.dylib+0x19a548]  LIR_Assembler::emit_lir_list(LIR_List*)+0x9c
V  [libjvm.dylib+0x19a5f0]  LIR_Assembler::emit_code(BlockList*)+0x74
V  [libjvm.dylib+0x16d360]  Compilation::emit_code_body()+0xe0
V  [libjvm.dylib+0x16dacc]  Compilation::compile_java_method()+0x368
V  [libjvm.dylib+0x16dd08]  Compilation::compile_method()+0x124
V  [libjvm.dylib+0x16e0b0]  Compilation::Compilation(AbstractCompiler*, ciEnv*, ciMethod*, int, BufferBlob*, bool, DirectiveSet*)+0x1b0
V  [libjvm.dylib+0x16f9e0]  Compiler::compile_method(ciEnv*, ciMethod*, int, bool, DirectiveSet*)+0x5c
V  [libjvm.dylib+0x2a9500]  CompileBroker::invoke_compiler_on_method(CompileTask*)+0x4a4
V  [libjvm.dylib+0x2a8fe0]  CompileBroker::compiler_thread_loop()+0x484
V  [libjvm.dylib+0x4b4320]  JavaThread::thread_main_inner()+0x98
V  [libjvm.dylib+0x938e0c]  Thread::call_run()+0xc8
V  [libjvm.dylib+0x7f16ec]  thread_native_entry(Thread*)+0x158
C  [libsystem_pthread.dylib+0x6c58]  _pthread_start+0x88

---------------  P R O C E S S  ---------------

Threads class SMR info:
_java_thread_list=0x0000600007e67f00, length=288, elements={
0x0000000131808a00, 0x00000001418c0000, 0x00000001418bbe00, 0x00000001418bc400,
0x00000001418bca00, 0x00000001418c2c00, 0x00000001418c3200, 0x00000001418c3800,
0x000000013183f400, 0x00000001238c2a00, 0x0000000142390c00, 0x000000013191de00,
0x0000000141e45a00, 0x0000000133385c00, 0x0000000133384c00, 0x0000000133373400,
0x000000014254e200, 0x0000000131d38800, 0x0000000131d74600, 0x000000014260fa00,
0x0000000133a41200, 0x00000001426ccc00, 0x0000000133b44400, 0x00000001426b3000,
0x00000001426bba00, 0x0000000123bdc200, 0x00000001274bee00, 0x0000000140dba400,
0x0000000132319200, 0x0000000130343600, 0x000000031edd0e00, 0x0000000133ec3a00,
0x0000000130214400, 0x00000001303f3400, 0x0000000126a86a00, 0x0000000127b35e00,
0x0000000132013e00, 0x000000013282c600, 0x000000013342d200, 0x0000000140153a00,
0x0000000133a60200, 0x000000013370f400, 0x0000000140116400, 0x0000000130381a00,
0x00000001338b2600, 0x000000013036d600, 0x0000000130824000, 0x0000000127170800,
0x00000001337ab400, 0x000000014041f800, 0x00000001333b4600, 0x000000031effd200,
0x000000031d2f9200, 0x000000031d2f6c00, 0x0000000123b4a800, 0x000000014091c200,
0x00000001308bf800, 0x000000013375e400, 0x000000031cc9a600, 0x0000000130057000,
0x0000000126b34a00, 0x000000031d522a00, 0x000000031ccf9600, 0x0000000140820c00,
0x0000000130813c00, 0x000000031cd02800, 0x000000031cd3d600, 0x0000000133758c00,
0x00000001335dd000, 0x000000014090ee00, 0x0000000131840c00, 0x0000000131d09e00,
0x0000000140c77800, 0x0000000126a85c00, 0x00000001318ea400, 0x0000000131c50c00,
0x00000001308af600, 0x0000000133b05a00, 0x00000001308fce00, 0x0000000142008c00,
0x0000000131c5c800, 0x00000001337a8a00, 0x00000001307c5000, 0x0000000130009000,
0x00000001274d7400, 0x000000031cce1e00, 0x0000000130064600, 0x00000001334b3e00,
0x00000001337aa200, 0x00000001271ede00, 0x000000031cd05000, 0x0000000123889e00,
0x0000000123b5b400, 0x00000001274e1000, 0x0000000140425600, 0x0000000127052600,
0x00000001404d0a00, 0x0000000131a75a00, 0x0000000127837400, 0x0000000140110c00,
0x0000000132dd0800, 0x00000001271e6c00, 0x0000000140ffd800, 0x00000001405d4400,
0x000000031cc03600, 0x0000000130213600, 0x000000012799e000, 0x0000000130316000,
0x0000000133aec400, 0x0000000132dab200, 0x0000000123ac4e00, 0x0000000133445a00,
0x000000013186c400, 0x0000000140057600, 0x0000000131861c00, 0x0000000133fe8a00,
0x0000000140229400, 0x0000000131fddc00, 0x0000000126b3c400, 0x000000013217f000,
0x0000000132e58e00, 0x00000001336a5000, 0x000000014014e200, 0x000000012703ce00,
0x0000000130315800, 0x0000000133f02e00, 0x00000001270f3800, 0x0000000131928600,
0x00000001405b1a00, 0x00000001303d1e00, 0x0000000127c09a00, 0x0000000131f87c00,
0x00000001303ab800, 0x0000000126dd2800, 0x0000000130939e00, 0x00000001303e0400,
0x00000001305a4200, 0x0000000130e56e00, 0x0000000130312e00, 0x000000013343fc00,
0x000000031c9c9a00, 0x0000000131972400, 0x00000001271dee00, 0x00000001448a0c00,
0x0000000131cfe400, 0x0000000131f3d000, 0x0000000140183c00, 0x000000013059ee00,
0x0000000130585800, 0x0000000132ddac00, 0x0000000142658c00, 0x000000013219d400,
0x00000001327e4400, 0x0000000140169e00, 0x00000001320fb800, 0x000000014005fc00,
0x0000000140492e00, 0x00000001327e2200, 0x00000001303c8c00, 0x00000001303c6a00,
0x000000013230b600, 0x0000000130343000, 0x0000000130312800, 0x000000013033ba00,
0x00000001302e4e00, 0x00000001302aea00, 0x0000000130223a00, 0x000000013230bc00,
0x0000000126a86200, 0x00000001327e2800, 0x00000001278db400, 0x000000031ea77200,
0x0000000130270200, 0x0000000140654200, 0x0000000140408a00, 0x000000014056b400,
0x000000014056ae00, 0x0000000127017e00, 0x0000000127072000, 0x0000000140632600,
0x0000000140632000, 0x000000031e808200, 0x000000031e9cf800, 0x0000000127219400,
0x0000000140eddc00, 0x00000001239b6e00, 0x0000000130307800, 0x0000000132184800,
0x0000000130227a00, 0x0000000127218e00, 0x00000001301f3a00, 0x000000013358aa00,
0x0000000130064c00, 0x0000000130758200, 0x00000001425f4200, 0x0000000142431e00,
0x000000013036dc00, 0x0000000130012400, 0x0000000140f0ac00, 0x0000000132f0b800,
0x0000000126a6ec00, 0x0000000127c04600, 0x00000001426ce000, 0x0000000123aab000,
0x000000013289c200, 0x000000014097a600, 0x0000000130290400, 0x000000014097ac00,
0x000000031edcee00, 0x0000000130187200, 0x000000013020f200, 0x0000000127c86000,
0x000000013042e000, 0x000000013262f000, 0x000000013023b600, 0x000000013077e400,
0x000000031ea2d600, 0x0000000133ad1a00, 0x0000000130455c00, 0x00000001270f1800,
0x0000000140d4b000, 0x0000000133718c00, 0x000000013042f400, 0x0000000132444a00,
0x0000000140d9c600, 0x00000001303b2600, 0x000000014097c600, 0x00000001337a8400,
0x00000001334ec000, 0x00000001277c1000, 0x00000001437c8200, 0x000000012769ea00,
0x000000014097d400, 0x00000001303b3400, 0x00000001303b3a00, 0x00000001303b4000,
0x0000000133710a00, 0x000000013272ae00, 0x00000001303b1400, 0x00000001303b2c00,
0x00000001303b1a00, 0x0000000133d7b000, 0x0000000133b08800, 0x0000000133ec3000,
0x00000001278dba00, 0x0000000133711000, 0x00000001303b2000, 0x00000001304b3400,
0x0000000127fff400, 0x0000000143408600, 0x000000013272dc00, 0x0000000127f41200,
0x0000000143408c00, 0x0000000143409c00, 0x00000001303b0400, 0x0000000143407e00,
0x00000001303b0a00, 0x0000000127451000, 0x0000000133ec2800, 0x000000014329cc00,
0x0000000123c3da00, 0x00000001238aa600, 0x00000001276ed800, 0x00000001424b3c00,
0x00000001276eb600, 0x00000001276f0000, 0x000000014329d200, 0x00000001424b4c00,
0x00000001424b4200, 0x00000001424b5200, 0x0000000126def200, 0x00000001276f0600,
0x0000000133fd9e00, 0x0000000126ded000, 0x0000000126df2800, 0x00000001276ebc00,
0x00000001276ec200, 0x00000001276ec800, 0x0000000126def800, 0x0000000126deea00,
0x000000013272d400, 0x0000000132729c00, 0x00000001304b1200, 0x00000001304b1800,
0x00000001304b1e00, 0x000000014097cc00, 0x0000000123bfbc00, 0x000000013078a800
}

Java Threads: ( => current thread )
  0x0000000131808a00 JavaThread "main" [_thread_blocked, id=5379, stack(0x000000016db8c000,0x000000016dd8f000)]
  0x00000001418c0000 JavaThread "Reference Handler" daemon [_thread_blocked, id=22531, stack(0x000000016eb84000,0x000000016ed87000)]
  0x00000001418bbe00 JavaThread "Finalizer" daemon [_thread_blocked, id=22787, stack(0x000000016ed90000,0x000000016ef93000)]
  0x00000001418bc400 JavaThread "Signal Dispatcher" daemon [_thread_blocked, id=23299, stack(0x000000016ef9c000,0x000000016f19f000)]
  0x00000001418bca00 JavaThread "Service Thread" daemon [_thread_blocked, id=31491, stack(0x000000016f1a8000,0x000000016f3ab000)]
  0x00000001418c2c00 JavaThread "Monitor Deflation Thread" daemon [_thread_blocked, id=30979, stack(0x000000016f3b4000,0x000000016f5b7000)]
  0x00000001418c3200 JavaThread "C2 CompilerThread0" daemon [_thread_in_native, id=30467, stack(0x000000016f5c0000,0x000000016f7c3000)]
=>0x00000001418c3800 JavaThread "C1 CompilerThread0" daemon [_thread_in_native, id=29955, stack(0x000000016f7cc000,0x000000016f9cf000)]
  0x000000013183f400 JavaThread "Common-Cleaner" daemon [_thread_blocked, id=29443, stack(0x000000016f9d8000,0x000000016fbdb000)]
  0x00000001238c2a00 JavaThread "Notification Thread" daemon [_thread_blocked, id=23811, stack(0x000000016fbe4000,0x000000016fde7000)]
  0x0000000142390c00 JavaThread "Daemon health stats" [_thread_blocked, id=26371, stack(0x0000000170a38000,0x0000000170c3b000)]
  0x000000013191de00 JavaThread "Incoming local TCP Connector on port 61564" [_thread_in_native, id=24579, stack(0x0000000170c44000,0x0000000170e47000)]
  0x0000000141e45a00 JavaThread "Daemon periodic checks" [_thread_blocked, id=24835, stack(0x0000000170e50000,0x0000000171053000)]
  0x0000000133385c00 JavaThread "Cache worker for journal cache (/Users/loitran/.gradle/caches/journal-1)" [_thread_blocked, id=41731, stack(0x0000000171eb0000,0x00000001720b3000)]
  0x0000000133384c00 JavaThread "File lock request listener" [_thread_in_native, id=34307, stack(0x00000001720bc000,0x00000001722bf000)]
  0x0000000133373400 JavaThread "Cache worker for file hash cache (/Users/loitran/.gradle/caches/9.5.0/fileHashes)" [_thread_blocked, id=34819, stack(0x00000001722c8000,0x00000001724cb000)]
  0x000000014254e200 JavaThread "Cache worker for file content cache (/Users/loitran/.gradle/caches/9.5.0/fileContent)" [_thread_blocked, id=38403, stack(0x0000000173328000,0x000000017352b000)]
  0x0000000131d38800 JavaThread "File watcher server" daemon [_thread_in_native, id=37891, stack(0x0000000173534000,0x0000000173737000)]
  0x0000000131d74600 JavaThread "File watcher consumer" daemon [_thread_blocked, id=37379, stack(0x0000000173740000,0x0000000173943000)]
  0x000000014260fa00 JavaThread "Memory manager" [_thread_blocked, id=43531, stack(0x0000000173d64000,0x0000000173f67000)]
  0x0000000133a41200 JavaThread "pool-2-thread-1" [_thread_blocked, id=57347, stack(0x0000000177090000,0x0000000177293000)]
  0x00000001426ccc00 JavaThread "RMI Scheduler(0)" daemon [_thread_blocked, id=54803, stack(0x0000000318004000,0x0000000318207000)]
  0x0000000133b44400 JavaThread "RMI TCP Accept-0" daemon [_thread_in_native, id=54019, stack(0x0000000318628000,0x000000031882b000)]
  0x00000001426b3000 JavaThread "Cache worker for Java compile cache (/Users/loitran/.gradle/caches/9.5.0/javaCompile)" [_thread_blocked, id=32531, stack(0x0000000318c4c000,0x0000000318e4f000)]
  0x00000001426bba00 JavaThread "pool-6-thread-1" [_thread_blocked, id=128263, stack(0x0000000176030000,0x0000000176233000)]
  0x0000000123bdc200 JavaThread "pool-9-thread-1" [_thread_blocked, id=127523, stack(0x0000000175e24000,0x0000000176027000)]
  0x00000001274bee00 JavaThread "pool-12-thread-1" [_thread_blocked, id=52747, stack(0x0000000176860000,0x0000000176a63000)]
  0x0000000140dba400 JavaThread "pool-15-thread-1" [_thread_blocked, id=66099, stack(0x000000017623c000,0x000000017643f000)]
  0x0000000132319200 JavaThread "pool-18-thread-1" [_thread_blocked, id=71539, stack(0x00000001774a8000,0x00000001776ab000)]
  0x0000000130343600 JavaThread "pool-21-thread-1" [_thread_blocked, id=124459, stack(0x0000000176448000,0x000000017664b000)]
  0x000000031edd0e00 JavaThread "pool-24-thread-1" [_thread_blocked, id=78139, stack(0x000000017729c000,0x000000017749f000)]
  0x0000000133ec3a00 JavaThread "pool-27-thread-1" [_thread_blocked, id=51019, stack(0x0000000176e84000,0x0000000177087000)]
  0x0000000130214400 JavaThread "pool-31-thread-1" [_thread_blocked, id=119827, stack(0x0000000176654000,0x0000000176857000)]
  0x00000001303f3400 JavaThread "pool-33-thread-1" [_thread_blocked, id=76435, stack(0x0000000176a6c000,0x0000000176c6f000)]
  0x0000000126a86a00 JavaThread "pool-35-thread-1" [_thread_blocked, id=88347, stack(0x000000030c004000,0x000000030c207000)]
  0x0000000127b35e00 JavaThread "pool-40-thread-1" [_thread_blocked, id=65083, stack(0x00000001776b4000,0x00000001778b7000)]
  0x0000000132013e00 JavaThread "pool-42-thread-1" [_thread_blocked, id=39059, stack(0x0000000176c78000,0x0000000176e7b000)]
  0x000000013282c600 JavaThread "pool-44-thread-1" [_thread_blocked, id=49283, stack(0x00000001778c0000,0x0000000177ac3000)]
  0x000000013342d200 JavaThread "pool-47-thread-1" [_thread_blocked, id=99651, stack(0x000000030d894000,0x000000030da97000)]
  0x0000000140153a00 JavaThread "pool-50-thread-1" [_thread_blocked, id=56923, stack(0x0000000177acc000,0x0000000177ccf000)]
  0x0000000133a60200 JavaThread "pool-52-thread-1" [_thread_blocked, id=56171, stack(0x0000000177cd8000,0x0000000177edb000)]
  0x000000013370f400 JavaThread "pool-54-thread-1" [_thread_blocked, id=69363, stack(0x000000030c41c000,0x000000030c61f000)]
  0x0000000140116400 JavaThread "pool-58-thread-1" [_thread_blocked, id=120163, stack(0x000000030c210000,0x000000030c413000)]
  0x0000000130381a00 JavaThread "pool-61-thread-1" [_thread_blocked, id=101695, stack(0x000000030c834000,0x000000030ca37000)]
  0x00000001338b2600 JavaThread "pool-63-thread-1" [_thread_blocked, id=70507, stack(0x000000030d270000,0x000000030d473000)]
  0x000000013036d600 JavaThread "pool-67-thread-1" [_thread_blocked, id=102515, stack(0x000000030c628000,0x000000030c82b000)]
  0x0000000130824000 JavaThread "pool-69-thread-1" [_thread_blocked, id=116299, stack(0x000000030ca40000,0x000000030cc43000)]
  0x0000000127170800 JavaThread "pool-72-thread-1" [_thread_blocked, id=97875, stack(0x000000030cc4c000,0x000000030ce4f000)]
  0x00000001337ab400 JavaThread "pool-75-thread-1" [_thread_blocked, id=78987, stack(0x000000030ce58000,0x000000030d05b000)]
  0x000000014041f800 JavaThread "pool-77-thread-1" [_thread_blocked, id=116595, stack(0x0000000300a40000,0x0000000300c43000)]
  0x00000001333b4600 JavaThread "pool-81-thread-1" [_thread_blocked, id=76263, stack(0x0000000300004000,0x0000000300207000)]
  0x000000031effd200 JavaThread "pool-84-thread-1" [_thread_blocked, id=59379, stack(0x0000000300210000,0x0000000300413000)]
  0x000000031d2f9200 JavaThread "pool-87-thread-1" [_thread_blocked, id=114835, stack(0x0000000300834000,0x0000000300a37000)]
  0x000000031d2f6c00 JavaThread "pool-91-thread-1" [_thread_blocked, id=91243, stack(0x000000030041c000,0x000000030061f000)]
  0x0000000123b4a800 JavaThread "pool-93-thread-1" [_thread_blocked, id=124795, stack(0x0000000301688000,0x000000030188b000)]
  0x000000014091c200 JavaThread "pool-95-thread-1" [_thread_blocked, id=44119, stack(0x0000000300c4c000,0x0000000300e4f000)]
  0x00000001308bf800 JavaThread "pool-99-thread-1" [_thread_blocked, id=60867, stack(0x0000000300e58000,0x000000030105b000)]
  0x000000013375e400 JavaThread "pool-101-thread-1" [_thread_blocked, id=104255, stack(0x0000000300628000,0x000000030082b000)]
  0x000000031cc9a600 JavaThread "pool-104-thread-1" [_thread_blocked, id=87059, stack(0x0000000301064000,0x0000000301267000)]
  0x0000000130057000 JavaThread "pool-107-thread-1" [_thread_blocked, id=57291, stack(0x000000030147c000,0x000000030167f000)]
  0x0000000126b34a00 JavaThread "pool-110-thread-1" [_thread_blocked, id=90795, stack(0x0000000301cac000,0x0000000301eaf000)]
  0x000000031d522a00 JavaThread "pool-113-thread-1" [_thread_blocked, id=76839, stack(0x0000000301270000,0x0000000301473000)]
  0x000000031ccf9600 JavaThread "pool-115-thread-1" [_thread_blocked, id=79451, stack(0x0000000301894000,0x0000000301a97000)]
  0x0000000140820c00 JavaThread "pool-118-thread-1" [_thread_blocked, id=114531, stack(0x0000000301eb8000,0x00000003020bb000)]
  0x0000000130813c00 JavaThread "pool-121-thread-1" [_thread_blocked, id=48747, stack(0x00000003022d0000,0x00000003024d3000)]
  0x000000031cd02800 JavaThread "pool-124-thread-1" [_thread_blocked, id=95211, stack(0x00000003020c4000,0x00000003022c7000)]
  0x000000031cd3d600 JavaThread "pool-127-thread-1" [_thread_blocked, id=72787, stack(0x00000003024dc000,0x00000003026df000)]
  0x0000000133758c00 JavaThread "pool-131-thread-1" [_thread_blocked, id=50243, stack(0x00000003026e8000,0x00000003028eb000)]
  0x00000001335dd000 JavaThread "pool-133-thread-1" [_thread_blocked, id=110883, stack(0x0000000301aa0000,0x0000000301ca3000)]
  0x000000014090ee00 JavaThread "pool-135-thread-1" [_thread_blocked, id=48255, stack(0x0000000302b00000,0x0000000302d03000)]
  0x0000000131840c00 JavaThread "pool-137-thread-1" [_thread_blocked, id=88731, stack(0x00000003028f4000,0x0000000302af7000)]
  0x0000000131d09e00 JavaThread "pool-140-thread-1" [_thread_blocked, id=82059, stack(0x0000000302d0c000,0x0000000302f0f000)]
  0x0000000140c77800 JavaThread "pool-143-thread-1" [_thread_blocked, id=96715, stack(0x0000000303b60000,0x0000000303d63000)]
  0x0000000126a85c00 JavaThread "pool-147-thread-1" [_thread_blocked, id=93579, stack(0x0000000303330000,0x0000000303533000)]
  0x00000001318ea400 JavaThread "pool-149-thread-1" [_thread_blocked, id=93299, stack(0x0000000302f18000,0x000000030311b000)]
  0x0000000131c50c00 JavaThread "pool-152-thread-1" [_thread_blocked, id=85787, stack(0x0000000303124000,0x0000000303327000)]
  0x00000001308af600 JavaThread "pool-154-thread-1" [_thread_blocked, id=93027, stack(0x00000003049b4000,0x0000000304bb7000)]
  0x0000000133b05a00 JavaThread "pool-157-thread-1" [_thread_blocked, id=74635, stack(0x000000030353c000,0x000000030373f000)]
  0x00000001308fce00 JavaThread "pool-160-thread-1" [_thread_blocked, id=87375, stack(0x0000000303954000,0x0000000303b57000)]
  0x0000000142008c00 JavaThread "pool-163-thread-1" [_thread_blocked, id=174483, stack(0x0000000303748000,0x000000030394b000)]
  0x0000000131c5c800 JavaThread "jar transforms" [_thread_blocked, id=101015, stack(0x000000017417c000,0x000000017437f000)]
  0x00000001337a8a00 JavaThread "jar transforms Thread 2" [_thread_blocked, id=51443, stack(0x0000000174388000,0x000000017458b000)]
  0x00000001307c5000 JavaThread "jar transforms Thread 3" [_thread_blocked, id=34135, stack(0x0000000174594000,0x0000000174797000)]
  0x0000000130009000 JavaThread "jar transforms Thread 4" [_thread_blocked, id=68627, stack(0x0000000175c18000,0x0000000175e1b000)]
  0x00000001274d7400 JavaThread "jar transforms Thread 5" [_thread_blocked, id=105071, stack(0x0000000304184000,0x0000000304387000)]
  0x000000031cce1e00 JavaThread "jar transforms Thread 6" [_thread_blocked, id=174083, stack(0x0000000304bc0000,0x0000000304dc3000)]
  0x0000000130064600 JavaThread "pool-167-thread-1" [_thread_blocked, id=112187, stack(0x0000000304dcc000,0x0000000304fcf000)]
  0x00000001334b3e00 JavaThread "pool-172-thread-1" [_thread_blocked, id=72239, stack(0x00000003051e4000,0x00000003053e7000)]
  0x00000001337aa200 JavaThread "pool-174-thread-1" [_thread_blocked, id=75151, stack(0x0000000305a14000,0x0000000305c17000)]
  0x00000001271ede00 JavaThread "pool-177-thread-1" [_thread_blocked, id=169491, stack(0x00000003055fc000,0x00000003057ff000)]
  0x000000031cd05000 JavaThread "jar transforms Thread 7" [_thread_blocked, id=85367, stack(0x0000000173f70000,0x0000000174173000)]
  0x0000000123889e00 JavaThread "jar transforms Thread 8" [_thread_blocked, id=133651, stack(0x00000001747a0000,0x00000001749a3000)]
  0x0000000123b5b400 JavaThread "jar transforms Thread 9" [_thread_blocked, id=129283, stack(0x00000001749ac000,0x0000000174baf000)]
  0x00000001274e1000 JavaThread "jar transforms Thread 10" [_thread_blocked, id=42143, stack(0x0000000304390000,0x0000000304593000)]
  0x0000000140425600 JavaThread "pool-181-thread-1" [_thread_blocked, id=112099, stack(0x00000003053f0000,0x00000003055f3000)]
  0x0000000127052600 JavaThread "pool-183-thread-1" [_thread_blocked, id=171843, stack(0x0000000306038000,0x000000030623b000)]
  0x00000001404d0a00 JavaThread "pool-188-thread-1" [_thread_blocked, id=171347, stack(0x0000000305808000,0x0000000305a0b000)]
  0x0000000131a75a00 JavaThread "pool-190-thread-1" [_thread_blocked, id=135963, stack(0x0000000306244000,0x0000000306447000)]
  0x0000000127837400 JavaThread "pool-193-thread-1" [_thread_blocked, id=136475, stack(0x000000030665c000,0x000000030685f000)]
  0x0000000140110c00 JavaThread "pool-197-thread-1" [_thread_blocked, id=50695, stack(0x0000000305e2c000,0x000000030602f000)]
  0x0000000132dd0800 JavaThread "pool-201-thread-1" [_thread_blocked, id=170851, stack(0x0000000306c80000,0x0000000306e83000)]
  0x00000001271e6c00 JavaThread "pool-204-thread-1" [_thread_blocked, id=171635, stack(0x0000000306a74000,0x0000000306c77000)]
  0x0000000140ffd800 JavaThread "pool-207-thread-1" [_thread_blocked, id=86299, stack(0x0000000306868000,0x0000000306a6b000)]
  0x00000001405d4400 JavaThread "pool-210-thread-1" [_thread_blocked, id=83683, stack(0x0000000306e8c000,0x000000030708f000)]
  0x000000031cc03600 JavaThread "pool-213-thread-1" [_thread_blocked, id=80595, stack(0x00000003072a4000,0x00000003074a7000)]
  0x0000000130213600 JavaThread "pool-215-thread-1" [_thread_blocked, id=82483, stack(0x0000000307098000,0x000000030729b000)]
  0x000000012799e000 JavaThread "pool-217-thread-1" [_thread_blocked, id=109867, stack(0x00000003074b0000,0x00000003076b3000)]
  0x0000000130316000 JavaThread "pool-220-thread-1" [_thread_blocked, id=116159, stack(0x0000000307ce0000,0x0000000307ee3000)]
  0x0000000133aec400 JavaThread "pool-223-thread-1" [_thread_blocked, id=113215, stack(0x000000030deb8000,0x000000030e0bb000)]
  0x0000000132dab200 JavaThread "pool-227-thread-1" [_thread_blocked, id=121651, stack(0x00000003078c8000,0x0000000307acb000)]
  0x0000000123ac4e00 JavaThread "pool-231-thread-1" [_thread_blocked, id=173607, stack(0x000000030d47c000,0x000000030d67f000)]
  0x0000000133445a00 JavaThread "pool-235-thread-1" [_thread_blocked, id=55779, stack(0x0000000307ad4000,0x0000000307cd7000)]
  0x000000013186c400 JavaThread "pool-239-thread-1" [_thread_blocked, id=73955, stack(0x000000030d064000,0x000000030d267000)]
  0x0000000140057600 JavaThread "pool-244-thread-1" [_thread_blocked, id=136719, stack(0x0000000305c20000,0x0000000305e23000)]
  0x0000000131861c00 JavaThread "process reaper (pid 78482)" daemon [_thread_in_native, id=110103, stack(0x000000016eaac000,0x000000016eae3000)]
  0x0000000133fe8a00 JavaThread "RMI GC Daemon" daemon [_thread_blocked, id=127171, stack(0x000000030fd6c000,0x000000030ff6f000)]
  0x0000000140229400 JavaThread "RMI TCP Accept-0" daemon [_thread_in_native, id=105743, stack(0x0000000318210000,0x0000000318413000)]
  0x0000000131fddc00 JavaThread "RMI Reaper" [_thread_blocked, id=77095, stack(0x000000031841c000,0x000000031861f000)]
  0x0000000126b3c400 JavaThread "pool-249-thread-1" [_thread_blocked, id=96035, stack(0x000000030dcac000,0x000000030deaf000)]
  0x000000013217f000 JavaThread "pool-253-thread-1" [_thread_blocked, id=43243, stack(0x000000030e2d0000,0x000000030e4d3000)]
  0x0000000132e58e00 JavaThread "pool-257-thread-1" [_thread_blocked, id=131779, stack(0x000000030daa0000,0x000000030dca3000)]
  0x00000001336a5000 JavaThread "pool-262-thread-1" [_thread_blocked, id=126267, stack(0x0000000306450000,0x0000000306653000)]
  0x000000014014e200 JavaThread "pool-265-thread-1" [_thread_blocked, id=112455, stack(0x000000030eb00000,0x000000030ed03000)]
  0x000000012703ce00 JavaThread "pool-268-thread-1" [_thread_blocked, id=43415, stack(0x000000030e6e8000,0x000000030e8eb000)]
  0x0000000130315800 JavaThread "pool-273-thread-1" [_thread_blocked, id=127927, stack(0x00000003076bc000,0x00000003078bf000)]
  0x0000000133f02e00 JavaThread "DefaultDispatcher-worker-1" daemon [_thread_blocked, id=158779, stack(0x000000031bb60000,0x000000031bd63000)]
  0x00000001270f3800 JavaThread "DefaultDispatcher-worker-2" daemon [_thread_blocked, id=93987, stack(0x000000031bd6c000,0x000000031bf6f000)]
  0x0000000131928600 JavaThread "DefaultDispatcher-worker-3" daemon [_thread_blocked, id=162683, stack(0x000000031bf78000,0x000000031c17b000)]
  0x00000001405b1a00 JavaThread "Periodic tasks thread" daemon [_thread_blocked, id=91875, stack(0x000000031c390000,0x000000031c593000)]
  0x00000001303d1e00 JavaThread "ApplicationImpl pooled thread 1" [_thread_blocked, id=63827, stack(0x000000031c59c000,0x000000031c79f000)]
  0x0000000127c09a00 JavaThread "AppKit Thread" daemon [_thread_in_native, id=259, stack(0x000000016d304000,0x000000016db00000)]
  0x0000000131f87c00 JavaThread "ApplicationImpl pooled thread 2" [_thread_blocked, id=66811, stack(0x000000031de28000,0x000000031e02b000)]
  0x00000001303ab800 JavaThread "DefaultDispatcher-worker-4" daemon [_thread_blocked, id=120663, stack(0x000000031f004000,0x000000031f207000)]
  0x0000000126dd2800 JavaThread "pool-279-thread-1" [_thread_blocked, id=118251, stack(0x000000030d688000,0x000000030d88b000)]
  0x0000000130939e00 JavaThread "pool-282-thread-1" [_thread_blocked, id=44451, stack(0x000000030e0c4000,0x000000030e2c7000)]
  0x00000001303e0400 JavaThread "pool-286-thread-1" [_thread_blocked, id=48067, stack(0x000000030e4dc000,0x000000030e6df000)]
  0x00000001305a4200 JavaThread "pool-291-thread-1" [_thread_blocked, id=61719, stack(0x000000030ed0c000,0x000000030ef0f000)]
  0x0000000130e56e00 JavaThread "Java2D Disposer" daemon [_thread_blocked, id=111411, stack(0x000000031a4dc000,0x000000031a6df000)]
  0x0000000130312e00 JavaThread "pool-294-thread-1" [_thread_blocked, id=47483, stack(0x000000030ef18000,0x000000030f11b000)]
  0x000000013343fc00 JavaThread "pool-299-thread-1" [_thread_blocked, id=62387, stack(0x000000030f330000,0x000000030f533000)]
  0x000000031c9c9a00 JavaThread "pool-303-thread-1" [_thread_blocked, id=138523, stack(0x000000030f53c000,0x000000030f73f000)]
  0x0000000131972400 JavaThread "ForkJoinPool.commonPool-worker-426" daemon [_thread_blocked, id=45723, stack(0x0000000313098000,0x000000031329b000)]
  0x00000001271dee00 JavaThread "ForkJoinPool.commonPool-worker-428" daemon [_thread_blocked, id=132987, stack(0x00000003134b0000,0x00000003136b3000)]
  0x00000001448a0c00 JavaThread "ForkJoinPool.commonPool-worker-430" daemon [_thread_blocked, id=115267, stack(0x00000003138c8000,0x0000000313acb000)]
  0x0000000131cfe400 JavaThread "ForkJoinPool.commonPool-worker-431" daemon [_thread_blocked, id=135123, stack(0x0000000313ad4000,0x0000000313cd7000)]
  0x0000000131f3d000 JavaThread "ForkJoinPool.commonPool-worker-432" daemon [_thread_blocked, id=78567, stack(0x0000000313ce0000,0x0000000313ee3000)]
  0x0000000140183c00 JavaThread "Daemon Thread 89" [_thread_blocked, id=63595, stack(0x000000017105c000,0x000000017125f000)]
  0x000000013059ee00 JavaThread "Handler for socket connection from /127.0.0.1:61564 to /127.0.0.1:63320" [_thread_in_native, id=128695, stack(0x0000000171268000,0x000000017146b000)]
  0x0000000130585800 JavaThread "Cancel handler" [_thread_blocked, id=86267, stack(0x0000000171474000,0x0000000171677000)]
  0x0000000132ddac00 JavaThread "Daemon worker Thread 87" [_thread_blocked, id=159031, stack(0x0000000171680000,0x0000000171883000)]
  0x0000000142658c00 JavaThread "Asynchronous log dispatcher for DefaultDaemonConnection: socket connection from /127.0.0.1:61564 to /127.0.0.1:63320" [_thread_blocked, id=96843, stack(0x000000017188c000,0x0000000171a8f000)]
  0x000000013219d400 JavaThread "Stdin handler" [_thread_blocked, id=110627, stack(0x0000000171a98000,0x0000000171c9b000)]
  0x00000001327e4400 JavaThread "Daemon client event forwarder" [_thread_blocked, id=84127, stack(0x0000000171ca4000,0x0000000171ea7000)]
  0x0000000140169e00 JavaThread "Cache worker for file hash cache (/Users/loitran/AndroidStudioProjects/@mckimquyen/@gameKotlin/5_Neon/.gradle/9.5.0/fileHashes)" [_thread_blocked, id=165411, stack(0x0000000172d04000,0x0000000172f07000)]
  0x00000001320fb800 JavaThread "Cache worker for checksums cache (/Users/loitran/AndroidStudioProjects/@mckimquyen/@gameKotlin/5_Neon/.gradle/9.5.0/checksums)" [_thread_blocked, id=72539, stack(0x0000000172f10000,0x0000000173113000)]
  0x000000014005fc00 JavaThread "Cache worker for Build Output Cleanup Cache (/Users/loitran/AndroidStudioProjects/@mckimquyen/@gameKotlin/5_Neon/.gradle/buildOutputCleanup)" [_thread_blocked, id=129807, stack(0x000000017311c000,0x000000017331f000)]
  0x0000000140492e00 JavaThread "Cache worker for cache directory md-supplier (/Users/loitran/.gradle/caches/9.5.0/md-supplier)" [_thread_blocked, id=173859, stack(0x000000017394c000,0x0000000173b4f000)]
  0x00000001327e2200 JavaThread "Cache worker for cache directory md-rule (/Users/loitran/.gradle/caches/9.5.0/md-rule)" [_thread_blocked, id=163123, stack(0x0000000173b58000,0x0000000173d5b000)]
  0x00000001303c8c00 JavaThread "Build operations" [_thread_blocked, id=169939, stack(0x0000000174bb8000,0x0000000174dbb000)]
  0x00000001303c6a00 JavaThread "Build operations Thread 2" [_thread_blocked, id=92191, stack(0x0000000174dc4000,0x0000000174fc7000)]
  0x000000013230b600 JavaThread "Build operations Thread 3" [_thread_blocked, id=137451, stack(0x0000000174fd0000,0x00000001751d3000)]
  0x0000000130343000 JavaThread "Build operations Thread 4" [_thread_blocked, id=161211, stack(0x00000001751dc000,0x00000001753df000)]
  0x0000000130312800 JavaThread "Build operations Thread 5" [_thread_blocked, id=46671, stack(0x00000001753e8000,0x00000001755eb000)]
  0x000000013033ba00 JavaThread "Build operations Thread 6" [_thread_blocked, id=58407, stack(0x00000001755f4000,0x00000001757f7000)]
  0x00000001302e4e00 JavaThread "Build operations Thread 7" [_thread_blocked, id=123939, stack(0x0000000175800000,0x0000000175a03000)]
  0x00000001302aea00 JavaThread "Build operations Thread 8" [_thread_blocked, id=132659, stack(0x0000000175a0c000,0x0000000175c0f000)]
  0x0000000130223a00 JavaThread "Build operations Thread 9" [_thread_blocked, id=166875, stack(0x0000000303d6c000,0x0000000303f6f000)]
  0x000000013230bc00 JavaThread "Build operations Thread 10" [_thread_blocked, id=48423, stack(0x0000000303f78000,0x000000030417b000)]
  0x0000000126a86200 JavaThread "Configuration cache report writer" [_thread_blocked, id=172555, stack(0x000000030459c000,0x000000030479f000)]
  0x00000001327e2800 JavaThread "build event listener" [_thread_blocked, id=97715, stack(0x00000003047a8000,0x00000003049ab000)]
  0x00000001278db400 JavaThread "build event listener" [_thread_blocked, id=103911, stack(0x0000000304fd8000,0x00000003051db000)]
  0x000000031ea77200 JavaThread "pool-309-thread-1" [_thread_blocked, id=98903, stack(0x000000030e8f4000,0x000000030eaf7000)]
  0x0000000130270200 JavaThread "build event listener" [_thread_blocked, id=89979, stack(0x000000030f124000,0x000000030f327000)]
  0x0000000140654200 JavaThread "included builds" [_thread_blocked, id=133303, stack(0x000000030f748000,0x000000030f94b000)]
  0x0000000140408a00 JavaThread "Execution worker" [_thread_blocked, id=70743, stack(0x000000030f954000,0x000000030fb57000)]
  0x000000014056b400 JavaThread "Execution worker Thread 2" [_thread_blocked, id=70995, stack(0x000000030fb60000,0x000000030fd63000)]
  0x000000014056ae00 JavaThread "Execution worker Thread 3" [_thread_blocked, id=131535, stack(0x000000030ff78000,0x000000031017b000)]
  0x0000000127017e00 JavaThread "Execution worker Thread 4" [_thread_blocked, id=59779, stack(0x0000000310184000,0x0000000310387000)]
  0x0000000127072000 JavaThread "Execution worker Thread 5" [_thread_blocked, id=61491, stack(0x0000000310390000,0x0000000310593000)]
  0x0000000140632600 JavaThread "Execution worker Thread 6" [_thread_blocked, id=139675, stack(0x000000031059c000,0x000000031079f000)]
  0x0000000140632000 JavaThread "Execution worker Thread 7" [_thread_blocked, id=65599, stack(0x00000003107a8000,0x00000003109ab000)]
  0x000000031e808200 JavaThread "Cache worker for execution history cache (/Users/loitran/AndroidStudioProjects/@mckimquyen/@gameKotlin/5_Neon/.gradle/9.5.0/executionHistory)" [_thread_blocked, id=87675, stack(0x00000003109b4000,0x0000000310bb7000)]
  0x000000031e9cf800 JavaThread "Execution worker Thread 8" [_thread_blocked, id=123775, stack(0x0000000310bc0000,0x0000000310dc3000)]
  0x0000000127219400 JavaThread "Execution worker Thread 9" [_thread_blocked, id=171083, stack(0x0000000310dcc000,0x0000000310fcf000)]
  0x0000000140eddc00 JavaThread "WorkerExecutor Queue" [_thread_blocked, id=137499, stack(0x0000000310fd8000,0x00000003111db000)]
  0x00000001239b6e00 JavaThread "WorkerExecutor Queue Thread 3" [_thread_blocked, id=103611, stack(0x00000003113f0000,0x00000003115f3000)]
  0x0000000130307800 JavaThread "WorkerExecutor Queue Thread 4" [_thread_blocked, id=160331, stack(0x00000003115fc000,0x00000003117ff000)]
  0x0000000132184800 JavaThread "WorkerExecutor Queue Thread 5" [_thread_blocked, id=160683, stack(0x0000000311808000,0x0000000311a0b000)]
  0x0000000130227a00 JavaThread "WorkerExecutor Queue Thread 6" [_thread_blocked, id=48979, stack(0x0000000311a14000,0x0000000311c17000)]
  0x0000000127218e00 JavaThread "WorkerExecutor Queue Thread 7" [_thread_blocked, id=117251, stack(0x0000000311c20000,0x0000000311e23000)]
  0x00000001301f3a00 JavaThread "WorkerExecutor Queue Thread 8" [_thread_in_Java, id=164659, stack(0x0000000311e2c000,0x000000031202f000)]
  0x000000013358aa00 JavaThread "WorkerExecutor Queue Thread 9" [_thread_blocked, id=77651, stack(0x0000000312038000,0x000000031223b000)]
  0x0000000130064c00 JavaThread "WorkerExecutor Queue Thread 10" [_thread_blocked, id=128947, stack(0x0000000312244000,0x0000000312447000)]
  0x0000000130758200 JavaThread "RMI TCP Connection(498)-127.0.0.1" daemon [_thread_in_native, id=90483, stack(0x0000000312868000,0x0000000312a6b000)]
  0x00000001425f4200 JavaThread "pool-310-thread-1" [_thread_blocked, id=165035, stack(0x0000000312a74000,0x0000000312c77000)]
  0x0000000142431e00 JavaThread "process reaper (pid 13823)" daemon [_thread_in_native, id=140899, stack(0x000000016ea6c000,0x000000016eaa3000)]
  0x000000013036dc00 JavaThread "stderr" [_thread_in_native, id=163491, stack(0x0000000312c80000,0x0000000312e83000)]
  0x0000000130012400 JavaThread "stdout" [_thread_in_native, id=79987, stack(0x0000000312e8c000,0x000000031308f000)]
  0x0000000140f0ac00 JavaThread "ForkJoinPool-16-worker-1" daemon [_thread_blocked, id=109571, stack(0x00000003132a4000,0x00000003134a7000)]
  0x0000000132f0b800 JavaThread "ForkJoinPool-16-worker-2" daemon [_thread_blocked, id=164227, stack(0x00000003136bc000,0x00000003138bf000)]
  0x0000000126a6ec00 JavaThread "ForkJoinPool-16-worker-3" daemon [_thread_blocked, id=161607, stack(0x0000000313eec000,0x00000003140ef000)]
  0x0000000127c04600 JavaThread "ForkJoinPool-16-worker-4" daemon [_thread_blocked, id=69675, stack(0x00000003140f8000,0x00000003142fb000)]
  0x00000001426ce000 JavaThread "ForkJoinPool-16-worker-5" daemon [_thread_blocked, id=109155, stack(0x0000000314304000,0x0000000314507000)]
  0x0000000123aab000 JavaThread "ForkJoinPool-16-worker-7" daemon [_thread_blocked, id=119699, stack(0x0000000314510000,0x0000000314713000)]
  0x000000013289c200 JavaThread "ForkJoinPool-16-worker-6" daemon [_thread_blocked, id=161847, stack(0x000000031471c000,0x000000031491f000)]
  0x000000014097a600 JavaThread "ForkJoinPool-16-worker-8" daemon [_thread_blocked, id=53103, stack(0x0000000314928000,0x0000000314b2b000)]
  0x0000000130290400 JavaThread "ForkJoinPool-16-worker-9" daemon [_thread_blocked, id=82703, stack(0x0000000314b34000,0x0000000314d37000)]
  0x000000014097ac00 JavaThread "ForkJoinPool-16-worker-10" daemon [_thread_blocked, id=135371, stack(0x0000000314d40000,0x0000000314f43000)]
  0x000000031edcee00 JavaThread "pool-311-thread-1" [_thread_blocked, id=170339, stack(0x0000000314f4c000,0x000000031514f000)]
  0x0000000130187200 JavaThread "pool-311-thread-2" [_thread_blocked, id=166323, stack(0x0000000315158000,0x000000031535b000)]
  0x000000013020f200 JavaThread "RMI TCP Connection(500)-127.0.0.1" daemon [_thread_in_native, id=125239, stack(0x000000031577c000,0x000000031597f000)]
  0x0000000127c86000 JavaThread "Exec process Thread 171" [_thread_blocked, id=135507, stack(0x0000000315da0000,0x0000000315fa3000)]
  0x000000013042e000 JavaThread "process reaper" daemon [_thread_blocked, id=166643, stack(0x0000000177ee4000,0x0000000177f1b000)]
  0x000000013262f000 JavaThread "Exec process Thread 172" [_thread_blocked, id=75447, stack(0x00000003161b8000,0x00000003163bb000)]
  0x000000013023b600 JavaThread "Exec process Thread 173" [_thread_blocked, id=138143, stack(0x00000003163c4000,0x00000003165c7000)]
  0x000000013077e400 JavaThread "Exec process Thread 174" [_thread_blocked, id=93899, stack(0x00000003165d0000,0x00000003167d3000)]
  0x000000031ea2d600 JavaThread "RMI TCP Connection(501)-127.0.0.1" daemon [_thread_in_native, id=165875, stack(0x0000000315fac000,0x00000003161af000)]
  0x0000000133ad1a00 JavaThread "WorkerExecutor Queue Thread 12" [_thread_blocked, id=115923, stack(0x000000031700c000,0x000000031720f000)]
  0x0000000130455c00 JavaThread "ForkJoinPool.commonPool-worker-433" daemon [_thread_blocked, id=138815, stack(0x0000000317218000,0x000000031741b000)]
  0x00000001270f1800 JavaThread "ForkJoinPool.commonPool-worker-434" daemon [_thread_blocked, id=68507, stack(0x0000000317424000,0x0000000317627000)]
  0x0000000140d4b000 JavaThread "ForkJoinPool.commonPool-worker-435" daemon [_thread_blocked, id=130583, stack(0x0000000317630000,0x0000000317833000)]
  0x0000000133718c00 JavaThread "ForkJoinPool.commonPool-worker-436" daemon [_thread_blocked, id=122679, stack(0x000000031783c000,0x0000000317a3f000)]
  0x000000013042f400 JavaThread "Unconstrained build operations" [_thread_blocked, id=66443, stack(0x0000000315570000,0x0000000315773000)]
  0x0000000132444a00 JavaThread "Unconstrained build operations Thread 2" [_thread_blocked, id=123135, stack(0x0000000315988000,0x0000000315b8b000)]
  0x0000000140d9c600 JavaThread "Unconstrained build operations Thread 3" [_thread_blocked, id=141099, stack(0x0000000315b94000,0x0000000315d97000)]
  0x00000001303b2600 JavaThread "Unconstrained build operations Thread 4" [_thread_blocked, id=159275, stack(0x00000003167dc000,0x00000003169df000)]
  0x000000014097c600 JavaThread "Unconstrained build operations Thread 5" [_thread_blocked, id=111643, stack(0x00000003169e8000,0x0000000316beb000)]
  0x00000001337a8400 JavaThread "Unconstrained build operations Thread 6" [_thread_blocked, id=80279, stack(0x0000000316bf4000,0x0000000316df7000)]
  0x00000001334ec000 JavaThread "Unconstrained build operations Thread 7" [_thread_blocked, id=134211, stack(0x0000000316e00000,0x0000000317003000)]
  0x00000001277c1000 JavaThread "Unconstrained build operations Thread 8" [_thread_blocked, id=106787, stack(0x0000000317a48000,0x0000000317c4b000)]
  0x00000001437c8200 JavaThread "Unconstrained build operations Thread 9" [_thread_blocked, id=36187, stack(0x0000000317c54000,0x0000000317e57000)]
  0x000000012769ea00 JavaThread "Unconstrained build operations Thread 10" [_thread_blocked, id=83203, stack(0x0000000318834000,0x0000000318a37000)]
  0x000000014097d400 JavaThread "Unconstrained build operations Thread 11" [_thread_blocked, id=39551, stack(0x0000000318a40000,0x0000000318c43000)]
  0x00000001303b3400 JavaThread "Unconstrained build operations Thread 12" [_thread_blocked, id=74339, stack(0x0000000318e58000,0x000000031905b000)]
  0x00000001303b3a00 JavaThread "Unconstrained build operations Thread 13" [_thread_blocked, id=159519, stack(0x0000000319064000,0x0000000319267000)]
  0x00000001303b4000 JavaThread "Unconstrained build operations Thread 14" [_thread_blocked, id=85127, stack(0x0000000319270000,0x0000000319473000)]
  0x0000000133710a00 JavaThread "Unconstrained build operations Thread 15" [_thread_blocked, id=61167, stack(0x000000031947c000,0x000000031967f000)]
  0x000000013272ae00 JavaThread "Unconstrained build operations Thread 16" [_thread_blocked, id=115595, stack(0x000000031a004000,0x000000031a207000)]
  0x00000001303b1400 JavaThread "Unconstrained build operations Thread 17" [_thread_blocked, id=82371, stack(0x000000031a210000,0x000000031a413000)]
  0x00000001303b2c00 JavaThread "Unconstrained build operations Thread 18" [_thread_blocked, id=169315, stack(0x000000031c184000,0x000000031c387000)]
  0x00000001303b1a00 JavaThread "Unconstrained build operations Thread 19" [_thread_blocked, id=108695, stack(0x000000031d804000,0x000000031da07000)]
  0x0000000133d7b000 JavaThread "Unconstrained build operations Thread 20" [_thread_blocked, id=36843, stack(0x000000031da10000,0x000000031dc13000)]
  0x0000000133b08800 JavaThread "Unconstrained build operations Thread 21" [_thread_blocked, id=158211, stack(0x000000031dc1c000,0x000000031de1f000)]
  0x0000000133ec3000 JavaThread "Unconstrained build operations Thread 22" [_thread_blocked, id=141827, stack(0x000000031e240000,0x000000031e443000)]
  0x00000001278dba00 JavaThread "Unconstrained build operations Thread 23" [_thread_blocked, id=142083, stack(0x000000031e44c000,0x000000031e64f000)]
  0x0000000133711000 JavaThread "Unconstrained build operations Thread 24" [_thread_blocked, id=157443, stack(0x0000000325128000,0x000000032532b000)]
  0x00000001303b2000 JavaThread "Unconstrained build operations Thread 25" [_thread_blocked, id=157187, stack(0x0000000325334000,0x0000000325537000)]
  0x00000001304b3400 JavaThread "Unconstrained build operations Thread 26" [_thread_blocked, id=143107, stack(0x0000000325540000,0x0000000325743000)]
  0x0000000127fff400 JavaThread "Unconstrained build operations Thread 27" [_thread_blocked, id=156675, stack(0x000000032574c000,0x000000032594f000)]
  0x0000000143408600 JavaThread "Unconstrained build operations Thread 28" [_thread_blocked, id=143619, stack(0x0000000325958000,0x0000000325b5b000)]
  0x000000013272dc00 JavaThread "Unconstrained build operations Thread 29" [_thread_blocked, id=143875, stack(0x0000000325b64000,0x0000000325d67000)]
  0x0000000127f41200 JavaThread "Unconstrained build operations Thread 30" [_thread_blocked, id=155907, stack(0x0000000325d70000,0x0000000325f73000)]
  0x0000000143408c00 JavaThread "Unconstrained build operations Thread 31" [_thread_blocked, id=144387, stack(0x0000000325f7c000,0x000000032617f000)]
  0x0000000143409c00 JavaThread "Unconstrained build operations Thread 32" [_thread_blocked, id=155651, stack(0x0000000326188000,0x000000032638b000)]
  0x00000001303b0400 JavaThread "Unconstrained build operations Thread 33" [_thread_blocked, id=155395, stack(0x0000000326394000,0x0000000326597000)]
  0x0000000143407e00 JavaThread "Unconstrained build operations Thread 34" [_thread_blocked, id=155139, stack(0x00000003265a0000,0x00000003267a3000)]
  0x00000001303b0a00 JavaThread "Unconstrained build operations Thread 35" [_thread_blocked, id=145411, stack(0x00000003267ac000,0x00000003269af000)]
  0x0000000127451000 JavaThread "Unconstrained build operations Thread 36" [_thread_blocked, id=145923, stack(0x00000003269b8000,0x0000000326bbb000)]
  0x0000000133ec2800 JavaThread "Unconstrained build operations Thread 37" [_thread_blocked, id=154371, stack(0x0000000326bc4000,0x0000000326dc7000)]
  0x000000014329cc00 JavaThread "Unconstrained build operations Thread 38" [_thread_blocked, id=153859, stack(0x0000000326dd0000,0x0000000326fd3000)]
  0x0000000123c3da00 JavaThread "Unconstrained build operations Thread 39" [_thread_blocked, id=153603, stack(0x0000000326fdc000,0x00000003271df000)]
  0x00000001238aa600 JavaThread "Unconstrained build operations Thread 40" [_thread_blocked, id=146435, stack(0x00000003271e8000,0x00000003273eb000)]
  0x00000001276ed800 JavaThread "Unconstrained build operations Thread 41" [_thread_blocked, id=146691, stack(0x00000003273f4000,0x00000003275f7000)]
  0x00000001424b3c00 JavaThread "Unconstrained build operations Thread 42" [_thread_blocked, id=152835, stack(0x0000000327600000,0x0000000327803000)]
  0x00000001276eb600 JavaThread "Unconstrained build operations Thread 43" [_thread_blocked, id=152323, stack(0x000000032780c000,0x0000000327a0f000)]
  0x00000001276f0000 JavaThread "Unconstrained build operations Thread 44" [_thread_blocked, id=152067, stack(0x0000000327a18000,0x0000000327c1b000)]
  0x000000014329d200 JavaThread "Unconstrained build operations Thread 45" [_thread_blocked, id=147715, stack(0x0000000327c24000,0x0000000327e27000)]
  0x00000001424b4c00 JavaThread "Unconstrained build operations Thread 46" [_thread_blocked, id=147971, stack(0x0000000350004000,0x0000000350207000)]
  0x00000001424b4200 JavaThread "Unconstrained build operations Thread 47" [_thread_blocked, id=148483, stack(0x0000000350210000,0x0000000350413000)]
  0x00000001424b5200 JavaThread "Unconstrained build operations Thread 48" [_thread_blocked, id=151299, stack(0x000000035041c000,0x000000035061f000)]
  0x0000000126def200 JavaThread "Unconstrained build operations Thread 49" [_thread_blocked, id=151043, stack(0x0000000350628000,0x000000035082b000)]
  0x00000001276f0600 JavaThread "Unconstrained build operations Thread 50" [_thread_blocked, id=150531, stack(0x0000000350834000,0x0000000350a37000)]
  0x0000000133fd9e00 JavaThread "Unconstrained build operations Thread 51" [_thread_blocked, id=150019, stack(0x0000000350a40000,0x0000000350c43000)]
  0x0000000126ded000 JavaThread "Unconstrained build operations Thread 52" [_thread_blocked, id=149763, stack(0x0000000350c4c000,0x0000000350e4f000)]
  0x0000000126df2800 JavaThread "Unconstrained build operations Thread 53" [_thread_blocked, id=149507, stack(0x0000000350e58000,0x000000035105b000)]
  0x00000001276ebc00 JavaThread "Unconstrained build operations Thread 54" [_thread_blocked, id=261891, stack(0x0000000351064000,0x0000000351267000)]
  0x00000001276ec200 JavaThread "Unconstrained build operations Thread 55" [_thread_blocked, id=261379, stack(0x0000000351270000,0x0000000351473000)]
  0x00000001276ec800 JavaThread "Unconstrained build operations Thread 56" [_thread_blocked, id=261123, stack(0x000000035147c000,0x000000035167f000)]
  0x0000000126def800 JavaThread "Unconstrained build operations Thread 57" [_thread_blocked, id=175107, stack(0x0000000351688000,0x000000035188b000)]
  0x0000000126deea00 JavaThread "Unconstrained build operations Thread 58" [_thread_blocked, id=175363, stack(0x0000000351894000,0x0000000351a97000)]
  0x000000013272d400 JavaThread "Unconstrained build operations Thread 59" [_thread_blocked, id=260355, stack(0x0000000351aa0000,0x0000000351ca3000)]
  0x0000000132729c00 JavaThread "Unconstrained build operations Thread 60" [_thread_blocked, id=259843, stack(0x0000000351cac000,0x0000000351eaf000)]
  0x00000001304b1200 JavaThread "Unconstrained build operations Thread 61" [_thread_blocked, id=259331, stack(0x0000000351eb8000,0x00000003520bb000)]
  0x00000001304b1800 JavaThread "Unconstrained build operations Thread 62" [_thread_blocked, id=175875, stack(0x00000003520c4000,0x00000003522c7000)]
  0x00000001304b1e00 JavaThread "Unconstrained build operations Thread 63" [_thread_blocked, id=258563, stack(0x00000003522d0000,0x00000003524d3000)]
  0x000000014097cc00 JavaThread "Unconstrained build operations Thread 64" [_thread_blocked, id=176131, stack(0x00000003524dc000,0x00000003526df000)]
  0x0000000123bfbc00 JavaThread "RMI TCP Connection(502)-127.0.0.1" daemon [_thread_in_native, id=257795, stack(0x00000003526e8000,0x00000003528eb000)]
  0x000000013078a800 JavaThread "RMI TCP Connection(503)-127.0.0.1" daemon [_thread_in_native, id=176643, stack(0x00000003528f4000,0x0000000352af7000)]

Other Threads:
  0x000000014160e210 VMThread "VM Thread" [stack: 0x000000016e7d4000,0x000000016e9d7000] [id=19971]
  0x00000001240222e0 WatcherThread "VM Periodic Task Thread" [stack: 0x000000016fdf0000,0x000000016fff3000] [id=28931]
  0x0000000131606670 WorkerThread "GC Thread#0" [stack: 0x000000016dd98000,0x000000016df9b000] [id=14339]
  0x00000001316140b0 WorkerThread "GC Thread#1" [stack: 0x000000016fffc000,0x00000001701ff000] [id=28419]
  0x0000000131614550 WorkerThread "GC Thread#2" [stack: 0x0000000170208000,0x000000017040b000] [id=27907]
  0x00000001316149f0 WorkerThread "GC Thread#3" [stack: 0x0000000170414000,0x0000000170617000] [id=27395]
  0x000000014161a280 WorkerThread "GC Thread#4" [stack: 0x0000000170620000,0x0000000170823000] [id=24323]
  0x000000014161a720 WorkerThread "GC Thread#5" [stack: 0x000000017082c000,0x0000000170a2f000] [id=26883]
  0x0000000141657320 WorkerThread "GC Thread#6" [stack: 0x00000001724d4000,0x00000001726d7000] [id=41219]
  0x00000001416577c0 WorkerThread "GC Thread#7" [stack: 0x00000001726e0000,0x00000001728e3000] [id=40707]
  0x0000000141657c60 WorkerThread "GC Thread#8" [stack: 0x00000001728ec000,0x0000000172aef000] [id=40195]
  0x0000000131606d40 ConcurrentGCThread "G1 Main Marker" [stack: 0x000000016dfa4000,0x000000016e1a7000] [id=14083]
  0x00000001416083f0 WorkerThread "G1 Conc#0" [stack: 0x000000016e1b0000,0x000000016e3b3000] [id=12803]
  0x0000000141658a50 WorkerThread "G1 Conc#1" [stack: 0x0000000172af8000,0x0000000172cfb000] [id=35587]
  0x000000014160a540 ConcurrentGCThread "G1 Refine#0" [stack: 0x000000016e3bc000,0x000000016e5bf000] [id=13059]
  0x000000011f5c0400 ConcurrentGCThread "G1 Refine#1" [stack: 0x000000031e034000,0x000000031e237000] [id=85587]
  0x000000011f6c03d0 ConcurrentGCThread "G1 Refine#2" [stack: 0x0000000315364000,0x0000000315567000] [id=62947]
  0x000000014160ae30 ConcurrentGCThread "G1 Service" [stack: 0x000000016e5c8000,0x000000016e7cb000] [id=16643]

Threads with active compile tasks:
C2 CompilerThread0  75765332 388003 %     4       org.jetbrains.org.objectweb.asm.ClassReader::readField @ 76 (669 bytes)
C1 CompilerThread0  75765332 407728 % !   2       org.jetbrains.uast.kotlin.FirKotlinUastResolveProviderService::getArgumentForParameter @ 2522 (2846 bytes)

VM state: not at safepoint (normal execution)

VM Mutex/Monitor currently owned by a thread: None

Heap address: 0x0000000780000000, size: 2048 MB, Compressed Oops mode: Zero based, Oop shift amount: 3

CDS archive(s) mapped at: [0x0000000800000000-0x0000000800c6c000-0x0000000800c6c000), size 13025280, SharedBaseAddress: 0x0000000800000000, ArchiveRelocationMode: 0.
Compressed class space mapped at: 0x0000000801000000-0x0000000841000000, reserved size: 1073741824
Narrow klass base: 0x0000000800000000, Narrow klass shift: 0, Narrow klass range: 0x100000000

GC Precious Log:
 CardTable entry size: 512
 Card Set container configuration: InlinePtr #cards 5 size 8 Array Of Cards #cards 12 size 40 Howl #buckets 4 coarsen threshold 1843 Howl Bitmap #cards 512 size 80 coarsen threshold 460 Card regions per heap region 1 cards per card region 2048
 CPUs: 10 total, 10 available
 Memory: 16384M
 Large Page Support: Disabled
 NUMA Support: Disabled
 Compressed Oops: Enabled (Zero based)
 Heap Region Size: 1M
 Heap Min Capacity: 8M
 Heap Initial Capacity: 256M
 Heap Max Capacity: 2G
 Pre-touch: Disabled
 Parallel Workers: 9
 Concurrent Workers: 2
 Concurrent Refinement Workers: 9
 Periodic GC: Disabled

Heap:
 garbage-first heap   total 2097152K, used 1166222K [0x0000000780000000, 0x0000000800000000)
  region size 1024K, 211 young (216064K), 66 survivors (67584K)
 Metaspace       used 377750K, committed 381376K, reserved 1441792K
  class space    used 44305K, committed 46272K, reserved 1048576K

Heap Regions: E=young(eden), S=young(survivor), O=old, HS=humongous(starts), HC=humongous(continues), CS=collection set, F=free, OA=open archive, CA=closed archive, TAMS=top-at-mark-start, PB=parsable bottom
|   0|0x0000000780000000, 0x0000000780100000, 0x0000000780100000|100%|HS|  |TAMS 0x0000000780000000| PB 0x0000000780000000| Complete 
|   1|0x0000000780100000, 0x0000000780200000, 0x0000000780200000|100%|HC|  |TAMS 0x0000000780100000| PB 0x0000000780100000| Complete 
|   2|0x0000000780200000, 0x0000000780300000, 0x0000000780300000|100%|HC|  |TAMS 0x0000000780200000| PB 0x0000000780200000| Complete 
|   3|0x0000000780300000, 0x0000000780400000, 0x0000000780400000|100%|HC|  |TAMS 0x0000000780300000| PB 0x0000000780300000| Complete 
|   4|0x0000000780400000, 0x00000007804ffff0, 0x0000000780500000| 99%| O|  |TAMS 0x0000000780400000| PB 0x0000000780400000| Untracked 
|   5|0x0000000780500000, 0x0000000780600000, 0x0000000780600000|100%| O|  |TAMS 0x0000000780500000| PB 0x0000000780500000| Untracked 
|   6|0x0000000780600000, 0x0000000780700000, 0x0000000780700000|100%| O|  |TAMS 0x0000000780600000| PB 0x0000000780600000| Untracked 
|   7|0x0000000780700000, 0x00000007807ffff0, 0x0000000780800000| 99%| O|  |TAMS 0x0000000780700000| PB 0x0000000780700000| Untracked 
|   8|0x0000000780800000, 0x0000000780900000, 0x0000000780900000|100%|HS|  |TAMS 0x0000000780800000| PB 0x0000000780800000| Complete 
|   9|0x0000000780900000, 0x0000000780a00000, 0x0000000780a00000|100%|HS|  |TAMS 0x0000000780900000| PB 0x0000000780900000| Complete 
|  10|0x0000000780a00000, 0x0000000780afffa8, 0x0000000780b00000| 99%| O|  |TAMS 0x0000000780a00000| PB 0x0000000780a00000| Untracked 
|  11|0x0000000780b00000, 0x0000000780c00000, 0x0000000780c00000|100%| O|  |TAMS 0x0000000780b00000| PB 0x0000000780b00000| Untracked 
|  12|0x0000000780c00000, 0x0000000780cfdbe0, 0x0000000780d00000| 99%| O|  |TAMS 0x0000000780c00000| PB 0x0000000780c00000| Untracked 
|  13|0x0000000780d00000, 0x0000000780e00000, 0x0000000780e00000|100%|HS|  |TAMS 0x0000000780d00000| PB 0x0000000780d00000| Complete 
|  14|0x0000000780e00000, 0x0000000780f00000, 0x0000000780f00000|100%|HS|  |TAMS 0x0000000780e00000| PB 0x0000000780e00000| Complete 
|  15|0x0000000780f00000, 0x0000000781000000, 0x0000000781000000|100%|HC|  |TAMS 0x0000000780f00000| PB 0x0000000780f00000| Complete 
|  16|0x0000000781000000, 0x0000000781100000, 0x0000000781100000|100%|HS|  |TAMS 0x0000000781000000| PB 0x0000000781000000| Complete 
|  17|0x0000000781100000, 0x0000000781200000, 0x0000000781200000|100%|HS|  |TAMS 0x0000000781100000| PB 0x0000000781100000| Complete 
|  18|0x0000000781200000, 0x0000000781300000, 0x0000000781300000|100%|HS|  |TAMS 0x0000000781200000| PB 0x0000000781200000| Complete 
|  19|0x0000000781300000, 0x0000000781400000, 0x0000000781400000|100%|HC|  |TAMS 0x0000000781300000| PB 0x0000000781300000| Complete 
|  20|0x0000000781400000, 0x0000000781500000, 0x0000000781500000|100%| O|  |TAMS 0x0000000781400000| PB 0x0000000781400000| Untracked 
|  21|0x0000000781500000, 0x00000007815fffe0, 0x0000000781600000| 99%| O|  |TAMS 0x0000000781500000| PB 0x0000000781500000| Untracked 
|  22|0x0000000781600000, 0x00000007816ffff8, 0x0000000781700000| 99%| O|  |TAMS 0x0000000781600000| PB 0x0000000781600000| Untracked 
|  23|0x0000000781700000, 0x00000007817ffff8, 0x0000000781800000| 99%| O|  |TAMS 0x0000000781700000| PB 0x0000000781700000| Untracked 
|  24|0x0000000781800000, 0x00000007818fffe8, 0x0000000781900000| 99%| O|  |TAMS 0x0000000781800000| PB 0x0000000781800000| Untracked 
|  25|0x0000000781900000, 0x00000007819f6638, 0x0000000781a00000| 96%| O|  |TAMS 0x0000000781900000| PB 0x0000000781900000| Untracked 
|  26|0x0000000781a00000, 0x0000000781afff30, 0x0000000781b00000| 99%| O|  |TAMS 0x0000000781a00000| PB 0x0000000781a00000| Untracked 
|  27|0x0000000781b00000, 0x0000000781c00000, 0x0000000781c00000|100%|HS|  |TAMS 0x0000000781b00000| PB 0x0000000781b00000| Complete 
|  28|0x0000000781c00000, 0x0000000781cfffe0, 0x0000000781d00000| 99%| O|  |TAMS 0x0000000781c00000| PB 0x0000000781c00000| Untracked 
|  29|0x0000000781d00000, 0x0000000781e00000, 0x0000000781e00000|100%| O|  |TAMS 0x0000000781d00000| PB 0x0000000781d00000| Untracked 
|  30|0x0000000781e00000, 0x0000000781f00000, 0x0000000781f00000|100%| O|  |TAMS 0x0000000781e00000| PB 0x0000000781e00000| Untracked 
|  31|0x0000000781f00000, 0x0000000781fffff8, 0x0000000782000000| 99%| O|  |TAMS 0x0000000781f00000| PB 0x0000000781f00000| Untracked 
|  32|0x0000000782000000, 0x00000007820fd428, 0x0000000782100000| 98%| O|  |TAMS 0x0000000782000000| PB 0x0000000782000000| Untracked 
|  33|0x0000000782100000, 0x0000000782200000, 0x0000000782200000|100%| O|  |TAMS 0x0000000782100000| PB 0x0000000782100000| Untracked 
|  34|0x0000000782200000, 0x00000007822fffc8, 0x0000000782300000| 99%| O|  |TAMS 0x0000000782200000| PB 0x0000000782200000| Untracked 
|  35|0x0000000782300000, 0x00000007823fffd8, 0x0000000782400000| 99%| O|  |TAMS 0x0000000782300000| PB 0x0000000782300000| Untracked 
|  36|0x0000000782400000, 0x0000000782500000, 0x0000000782500000|100%|HS|  |TAMS 0x0000000782400000| PB 0x0000000782400000| Complete 
|  37|0x0000000782500000, 0x00000007825fffc0, 0x0000000782600000| 99%| O|  |TAMS 0x0000000782500000| PB 0x0000000782500000| Untracked 
|  38|0x0000000782600000, 0x00000007826fff80, 0x0000000782700000| 99%| O|  |TAMS 0x0000000782600000| PB 0x0000000782600000| Untracked 
|  39|0x0000000782700000, 0x00000007827ffff8, 0x0000000782800000| 99%| O|  |TAMS 0x0000000782700000| PB 0x0000000782700000| Untracked 
|  40|0x0000000782800000, 0x00000007828f2e88, 0x0000000782900000| 94%| O|  |TAMS 0x0000000782800000| PB 0x0000000782800000| Untracked 
|  41|0x0000000782900000, 0x0000000782a00000, 0x0000000782a00000|100%| O|  |TAMS 0x0000000782900000| PB 0x0000000782900000| Untracked 
|  42|0x0000000782a00000, 0x0000000782b00000, 0x0000000782b00000|100%| O|  |TAMS 0x0000000782a00000| PB 0x0000000782a00000| Untracked 
|  43|0x0000000782b00000, 0x0000000782c00000, 0x0000000782c00000|100%| O|  |TAMS 0x0000000782b00000| PB 0x0000000782b00000| Untracked 
|  44|0x0000000782c00000, 0x0000000782cffff0, 0x0000000782d00000| 99%| O|  |TAMS 0x0000000782c00000| PB 0x0000000782c00000| Untracked 
|  45|0x0000000782d00000, 0x0000000782e00000, 0x0000000782e00000|100%| O|  |TAMS 0x0000000782d00000| PB 0x0000000782d00000| Untracked 
|  46|0x0000000782e00000, 0x0000000782efffe0, 0x0000000782f00000| 99%| O|  |TAMS 0x0000000782e00000| PB 0x0000000782e00000| Untracked 
|  47|0x0000000782f00000, 0x0000000782fffff8, 0x0000000783000000| 99%| O|  |TAMS 0x0000000782f00000| PB 0x0000000782f00000| Untracked 
|  48|0x0000000783000000, 0x00000007830ffff8, 0x0000000783100000| 99%| O|  |TAMS 0x0000000783000000| PB 0x0000000783000000| Untracked 
|  49|0x0000000783100000, 0x00000007831ffff0, 0x0000000783200000| 99%| O|  |TAMS 0x0000000783100000| PB 0x0000000783100000| Untracked 
|  50|0x0000000783200000, 0x00000007832fffe0, 0x0000000783300000| 99%| O|  |TAMS 0x0000000783200000| PB 0x0000000783200000| Untracked 
|  51|0x0000000783300000, 0x00000007833ffff8, 0x0000000783400000| 99%| O|  |TAMS 0x0000000783300000| PB 0x0000000783300000| Untracked 
|  52|0x0000000783400000, 0x00000007834fff58, 0x0000000783500000| 99%| O|  |TAMS 0x0000000783400000| PB 0x0000000783400000| Untracked 
|  53|0x0000000783500000, 0x00000007835fffb0, 0x0000000783600000| 99%| O|  |TAMS 0x0000000783500000| PB 0x0000000783500000| Untracked 
|  54|0x0000000783600000, 0x00000007836fffd0, 0x0000000783700000| 99%| O|  |TAMS 0x0000000783600000| PB 0x0000000783600000| Untracked 
|  55|0x0000000783700000, 0x0000000783800000, 0x0000000783800000|100%| O|  |TAMS 0x0000000783700000| PB 0x0000000783700000| Untracked 
|  56|0x0000000783800000, 0x00000007838ffff0, 0x0000000783900000| 99%| O|  |TAMS 0x0000000783800000| PB 0x0000000783800000| Untracked 
|  57|0x0000000783900000, 0x0000000783a00000, 0x0000000783a00000|100%| O|  |TAMS 0x0000000783900000| PB 0x0000000783900000| Untracked 
|  58|0x0000000783a00000, 0x0000000783affff0, 0x0000000783b00000| 99%| O|  |TAMS 0x0000000783a00000| PB 0x0000000783a00000| Untracked 
|  59|0x0000000783b00000, 0x0000000783bffff8, 0x0000000783c00000| 99%| O|  |TAMS 0x0000000783b00000| PB 0x0000000783b00000| Untracked 
|  60|0x0000000783c00000, 0x0000000783cff860, 0x0000000783d00000| 99%| O|  |TAMS 0x0000000783c00000| PB 0x0000000783c00000| Untracked 
|  61|0x0000000783d00000, 0x0000000783e00000, 0x0000000783e00000|100%| O|  |TAMS 0x0000000783d00000| PB 0x0000000783d00000| Untracked 
|  62|0x0000000783e00000, 0x0000000783effff8, 0x0000000783f00000| 99%| O|  |TAMS 0x0000000783e00000| PB 0x0000000783e00000| Untracked 
|  63|0x0000000783f00000, 0x0000000783ffffe8, 0x0000000784000000| 99%| O|  |TAMS 0x0000000783f00000| PB 0x0000000783f00000| Untracked 
|  64|0x0000000784000000, 0x0000000784100000, 0x0000000784100000|100%| O|  |TAMS 0x0000000784000000| PB 0x0000000784000000| Untracked 
|  65|0x0000000784100000, 0x0000000784200000, 0x0000000784200000|100%|HS|  |TAMS 0x0000000784100000| PB 0x0000000784100000| Complete 
|  66|0x0000000784200000, 0x0000000784300000, 0x0000000784300000|100%|HC|  |TAMS 0x0000000784200000| PB 0x0000000784200000| Complete 
|  67|0x0000000784300000, 0x0000000784400000, 0x0000000784400000|100%|HC|  |TAMS 0x0000000784300000| PB 0x0000000784300000| Complete 
|  68|0x0000000784400000, 0x0000000784500000, 0x0000000784500000|100%|HC|  |TAMS 0x0000000784400000| PB 0x0000000784400000| Complete 
|  69|0x0000000784500000, 0x0000000784600000, 0x0000000784600000|100%| O|  |TAMS 0x0000000784500000| PB 0x0000000784500000| Untracked 
|  70|0x0000000784600000, 0x00000007846fffe8, 0x0000000784700000| 99%| O|  |TAMS 0x0000000784600000| PB 0x0000000784600000| Untracked 
|  71|0x0000000784700000, 0x0000000784800000, 0x0000000784800000|100%| O|  |TAMS 0x0000000784700000| PB 0x0000000784700000| Untracked 
|  72|0x0000000784800000, 0x0000000784900000, 0x0000000784900000|100%| O|  |TAMS 0x0000000784800000| PB 0x0000000784800000| Untracked 
|  73|0x0000000784900000, 0x00000007849ffff0, 0x0000000784a00000| 99%| O|  |TAMS 0x0000000784900000| PB 0x0000000784900000| Untracked 
|  74|0x0000000784a00000, 0x0000000784affff0, 0x0000000784b00000| 99%| O|  |TAMS 0x0000000784a00000| PB 0x0000000784a00000| Untracked 
|  75|0x0000000784b00000, 0x0000000784c00000, 0x0000000784c00000|100%| O|  |TAMS 0x0000000784b00000| PB 0x0000000784b00000| Untracked 
|  76|0x0000000784c00000, 0x0000000784cffff0, 0x0000000784d00000| 99%| O|  |TAMS 0x0000000784c00000| PB 0x0000000784c00000| Untracked 
|  77|0x0000000784d00000, 0x0000000784dfff98, 0x0000000784e00000| 99%| O|  |TAMS 0x0000000784d00000| PB 0x0000000784d00000| Untracked 
|  78|0x0000000784e00000, 0x0000000784f00000, 0x0000000784f00000|100%| O|  |TAMS 0x0000000784e00000| PB 0x0000000784e00000| Untracked 
|  79|0x0000000784f00000, 0x0000000784ffffe8, 0x0000000785000000| 99%| O|  |TAMS 0x0000000784f00000| PB 0x0000000784f00000| Untracked 
|  80|0x0000000785000000, 0x00000007850fffe0, 0x0000000785100000| 99%| O|  |TAMS 0x0000000785000000| PB 0x0000000785000000| Untracked 
|  81|0x0000000785100000, 0x00000007851ffff8, 0x0000000785200000| 99%| O|  |TAMS 0x0000000785100000| PB 0x0000000785100000| Untracked 
|  82|0x0000000785200000, 0x00000007852ff5e0, 0x0000000785300000| 99%| O|  |TAMS 0x0000000785200000| PB 0x0000000785200000| Untracked 
|  83|0x0000000785300000, 0x0000000785400000, 0x0000000785400000|100%| O|  |TAMS 0x0000000785300000| PB 0x0000000785300000| Untracked 
|  84|0x0000000785400000, 0x00000007854fffb0, 0x0000000785500000| 99%| O|  |TAMS 0x0000000785400000| PB 0x0000000785400000| Untracked 
|  85|0x0000000785500000, 0x00000007855fffc8, 0x0000000785600000| 99%| O|  |TAMS 0x0000000785500000| PB 0x0000000785500000| Untracked 
|  86|0x0000000785600000, 0x00000007856fffb0, 0x0000000785700000| 99%| O|  |TAMS 0x0000000785600000| PB 0x0000000785600000| Untracked 
|  87|0x0000000785700000, 0x00000007857fffa0, 0x0000000785800000| 99%| O|  |TAMS 0x0000000785700000| PB 0x0000000785700000| Untracked 
|  88|0x0000000785800000, 0x00000007858ffff0, 0x0000000785900000| 99%| O|  |TAMS 0x0000000785800000| PB 0x0000000785800000| Untracked 
|  89|0x0000000785900000, 0x00000007859fc508, 0x0000000785a00000| 98%| O|  |TAMS 0x0000000785900000| PB 0x0000000785900000| Untracked 
|  90|0x0000000785a00000, 0x0000000785affd00, 0x0000000785b00000| 99%| O|  |TAMS 0x0000000785a00000| PB 0x0000000785a00000| Untracked 
|  91|0x0000000785b00000, 0x0000000785bffff0, 0x0000000785c00000| 99%| O|  |TAMS 0x0000000785b00000| PB 0x0000000785b00000| Untracked 
|  92|0x0000000785c00000, 0x0000000785d00000, 0x0000000785d00000|100%| O|  |TAMS 0x0000000785c00000| PB 0x0000000785c00000| Untracked 
|  93|0x0000000785d00000, 0x0000000785dfffa0, 0x0000000785e00000| 99%| O|  |TAMS 0x0000000785d00000| PB 0x0000000785d00000| Untracked 
|  94|0x0000000785e00000, 0x0000000785efffe0, 0x0000000785f00000| 99%| O|  |TAMS 0x0000000785e00000| PB 0x0000000785e00000| Untracked 
|  95|0x0000000785f00000, 0x0000000785ffffc8, 0x0000000786000000| 99%| O|  |TAMS 0x0000000785f00000| PB 0x0000000785f00000| Untracked 
|  96|0x0000000786000000, 0x00000007860ffff8, 0x0000000786100000| 99%| O|  |TAMS 0x0000000786000000| PB 0x0000000786000000| Untracked 
|  97|0x0000000786100000, 0x00000007861fffd0, 0x0000000786200000| 99%| O|  |TAMS 0x0000000786100000| PB 0x0000000786100000| Untracked 
|  98|0x0000000786200000, 0x00000007862fff50, 0x0000000786300000| 99%| O|  |TAMS 0x0000000786200000| PB 0x0000000786200000| Untracked 
|  99|0x0000000786300000, 0x00000007863fffe0, 0x0000000786400000| 99%| O|  |TAMS 0x0000000786300000| PB 0x0000000786300000| Untracked 
| 100|0x0000000786400000, 0x00000007864ffff8, 0x0000000786500000| 99%| O|  |TAMS 0x0000000786400000| PB 0x0000000786400000| Untracked 
| 101|0x0000000786500000, 0x0000000786600000, 0x0000000786600000|100%| O|  |TAMS 0x0000000786500000| PB 0x0000000786500000| Untracked 
| 102|0x0000000786600000, 0x0000000786700000, 0x0000000786700000|100%| O|  |TAMS 0x0000000786600000| PB 0x0000000786600000| Untracked 
| 103|0x0000000786700000, 0x00000007867ffdc8, 0x0000000786800000| 99%| O|  |TAMS 0x0000000786700000| PB 0x0000000786700000| Untracked 
| 104|0x0000000786800000, 0x0000000786900000, 0x0000000786900000|100%| O|  |TAMS 0x0000000786800000| PB 0x0000000786800000| Untracked 
| 105|0x0000000786900000, 0x00000007869ffff8, 0x0000000786a00000| 99%| O|  |TAMS 0x0000000786900000| PB 0x0000000786900000| Untracked 
| 106|0x0000000786a00000, 0x0000000786afffb8, 0x0000000786b00000| 99%| O|  |TAMS 0x0000000786a00000| PB 0x0000000786a00000| Untracked 
| 107|0x0000000786b00000, 0x0000000786bfffa8, 0x0000000786c00000| 99%| O|  |TAMS 0x0000000786b00000| PB 0x0000000786b00000| Untracked 
| 108|0x0000000786c00000, 0x0000000786cffff8, 0x0000000786d00000| 99%| O|  |TAMS 0x0000000786c00000| PB 0x0000000786c00000| Untracked 
| 109|0x0000000786d00000, 0x0000000786dfffd8, 0x0000000786e00000| 99%| O|  |TAMS 0x0000000786d00000| PB 0x0000000786d00000| Untracked 
| 110|0x0000000786e00000, 0x0000000786effff8, 0x0000000786f00000| 99%| O|  |TAMS 0x0000000786e00000| PB 0x0000000786e00000| Untracked 
| 111|0x0000000786f00000, 0x0000000787000000, 0x0000000787000000|100%| O|  |TAMS 0x0000000786f00000| PB 0x0000000786f00000| Untracked 
| 112|0x0000000787000000, 0x0000000787100000, 0x0000000787100000|100%| O|  |TAMS 0x0000000787000000| PB 0x0000000787000000| Untracked 
| 113|0x0000000787100000, 0x00000007871fff30, 0x0000000787200000| 99%| O|  |TAMS 0x0000000787100000| PB 0x0000000787100000| Untracked 
| 114|0x0000000787200000, 0x00000007872fe158, 0x0000000787300000| 99%| O|  |TAMS 0x0000000787200000| PB 0x0000000787200000| Untracked 
| 115|0x0000000787300000, 0x00000007873fffc0, 0x0000000787400000| 99%| O|  |TAMS 0x0000000787300000| PB 0x0000000787300000| Complete 
| 116|0x0000000787400000, 0x0000000787500000, 0x0000000787500000|100%| O|  |TAMS 0x0000000787400000| PB 0x0000000787400000| Untracked 
| 117|0x0000000787500000, 0x0000000787600000, 0x0000000787600000|100%| O|  |TAMS 0x0000000787500000| PB 0x0000000787500000| Untracked 
| 118|0x0000000787600000, 0x00000007876fc908, 0x0000000787700000| 98%| O|  |TAMS 0x0000000787600000| PB 0x0000000787600000| Complete 
| 119|0x0000000787700000, 0x00000007877ffff0, 0x0000000787800000| 99%| O|  |TAMS 0x0000000787700000| PB 0x0000000787700000| Untracked 
| 120|0x0000000787800000, 0x0000000787900000, 0x0000000787900000|100%|HS|  |TAMS 0x0000000787800000| PB 0x0000000787800000| Complete 
| 121|0x0000000787900000, 0x00000007879ffff8, 0x0000000787a00000| 99%| O|  |TAMS 0x0000000787900000| PB 0x0000000787900000| Untracked 
| 122|0x0000000787a00000, 0x0000000787affff8, 0x0000000787b00000| 99%| O|  |TAMS 0x0000000787a00000| PB 0x0000000787a00000| Untracked 
| 123|0x0000000787b00000, 0x0000000787c00000, 0x0000000787c00000|100%| O|  |TAMS 0x0000000787b00000| PB 0x0000000787b00000| Untracked 
| 124|0x0000000787c00000, 0x0000000787d00000, 0x0000000787d00000|100%| O|  |TAMS 0x0000000787c00000| PB 0x0000000787c00000| Untracked 
| 125|0x0000000787d00000, 0x0000000787dfffd8, 0x0000000787e00000| 99%| O|  |TAMS 0x0000000787d00000| PB 0x0000000787d00000| Untracked 
| 126|0x0000000787e00000, 0x0000000787effff0, 0x0000000787f00000| 99%| O|  |TAMS 0x0000000787e00000| PB 0x0000000787e00000| Untracked 
| 127|0x0000000787f00000, 0x0000000787fffff0, 0x0000000788000000| 99%| O|  |TAMS 0x0000000787f00000| PB 0x0000000787f00000| Untracked 
| 128|0x0000000788000000, 0x0000000788100000, 0x0000000788100000|100%| O|  |TAMS 0x0000000788000000| PB 0x0000000788000000| Untracked 
| 129|0x0000000788100000, 0x00000007881fffe0, 0x0000000788200000| 99%| O|  |TAMS 0x0000000788100000| PB 0x0000000788100000| Untracked 
| 130|0x0000000788200000, 0x00000007882fffe0, 0x0000000788300000| 99%| O|  |TAMS 0x0000000788200000| PB 0x0000000788200000| Untracked 
| 131|0x0000000788300000, 0x0000000788400000, 0x0000000788400000|100%|HS|  |TAMS 0x0000000788300000| PB 0x0000000788300000| Complete 
| 132|0x0000000788400000, 0x0000000788500000, 0x0000000788500000|100%|HC|  |TAMS 0x0000000788400000| PB 0x0000000788400000| Complete 
| 133|0x0000000788500000, 0x0000000788600000, 0x0000000788600000|100%| O|  |TAMS 0x0000000788500000| PB 0x0000000788500000| Untracked 
| 134|0x0000000788600000, 0x0000000788700000, 0x0000000788700000|100%| O|  |TAMS 0x0000000788600000| PB 0x0000000788600000| Untracked 
| 135|0x0000000788700000, 0x00000007887c2478, 0x0000000788800000| 75%| O|  |TAMS 0x0000000788700000| PB 0x0000000788700000| Untracked 
| 136|0x0000000788800000, 0x00000007888ff588, 0x0000000788900000| 99%| O|  |TAMS 0x0000000788800000| PB 0x0000000788800000| Untracked 
| 137|0x0000000788900000, 0x00000007889ffff8, 0x0000000788a00000| 99%| O|  |TAMS 0x0000000788900000| PB 0x0000000788900000| Untracked 
| 138|0x0000000788a00000, 0x0000000788affff0, 0x0000000788b00000| 99%| O|  |TAMS 0x0000000788a00000| PB 0x0000000788a00000| Untracked 
| 139|0x0000000788b00000, 0x0000000788bfffd0, 0x0000000788c00000| 99%| O|  |TAMS 0x0000000788b00000| PB 0x0000000788b00000| Untracked 
| 140|0x0000000788c00000, 0x0000000788cfff38, 0x0000000788d00000| 99%| O|  |TAMS 0x0000000788c00000| PB 0x0000000788c00000| Untracked 
| 141|0x0000000788d00000, 0x0000000788dfffd8, 0x0000000788e00000| 99%| O|  |TAMS 0x0000000788d00000| PB 0x0000000788d00000| Untracked 
| 142|0x0000000788e00000, 0x0000000788effff0, 0x0000000788f00000| 99%| O|  |TAMS 0x0000000788e00000| PB 0x0000000788e00000| Untracked 
| 143|0x0000000788f00000, 0x0000000789000000, 0x0000000789000000|100%| O|  |TAMS 0x0000000788f00000| PB 0x0000000788f00000| Untracked 
| 144|0x0000000789000000, 0x00000007890ff540, 0x0000000789100000| 99%| O|  |TAMS 0x0000000789000000| PB 0x0000000789000000| Untracked 
| 145|0x0000000789100000, 0x0000000789200000, 0x0000000789200000|100%|HS|  |TAMS 0x0000000789100000| PB 0x0000000789100000| Complete 
| 146|0x0000000789200000, 0x0000000789300000, 0x0000000789300000|100%|HC|  |TAMS 0x0000000789200000| PB 0x0000000789200000| Complete 
| 147|0x0000000789300000, 0x0000000789400000, 0x0000000789400000|100%| O|  |TAMS 0x0000000789300000| PB 0x0000000789300000| Untracked 
| 148|0x0000000789400000, 0x0000000789500000, 0x0000000789500000|100%| O|  |TAMS 0x0000000789400000| PB 0x0000000789400000| Untracked 
| 149|0x0000000789500000, 0x00000007895fffc8, 0x0000000789600000| 99%| O|  |TAMS 0x0000000789500000| PB 0x0000000789500000| Untracked 
| 150|0x0000000789600000, 0x0000000789700000, 0x0000000789700000|100%| O|  |TAMS 0x0000000789600000| PB 0x0000000789600000| Untracked 
| 151|0x0000000789700000, 0x0000000789800000, 0x0000000789800000|100%| O|  |TAMS 0x0000000789700000| PB 0x0000000789700000| Untracked 
| 152|0x0000000789800000, 0x0000000789900000, 0x0000000789900000|100%| O|  |TAMS 0x0000000789800000| PB 0x0000000789800000| Untracked 
| 153|0x0000000789900000, 0x0000000789a00000, 0x0000000789a00000|100%|HS|  |TAMS 0x0000000789900000| PB 0x0000000789900000| Complete 
| 154|0x0000000789a00000, 0x0000000789b00000, 0x0000000789b00000|100%|HC|  |TAMS 0x0000000789a00000| PB 0x0000000789a00000| Complete 
| 155|0x0000000789b00000, 0x0000000789c00000, 0x0000000789c00000|100%| O|  |TAMS 0x0000000789b00000| PB 0x0000000789b00000| Untracked 
| 156|0x0000000789c00000, 0x0000000789d00000, 0x0000000789d00000|100%|HS|  |TAMS 0x0000000789c00000| PB 0x0000000789c00000| Complete 
| 157|0x0000000789d00000, 0x0000000789e00000, 0x0000000789e00000|100%|HC|  |TAMS 0x0000000789d00000| PB 0x0000000789d00000| Complete 
| 158|0x0000000789e00000, 0x0000000789f00000, 0x0000000789f00000|100%|HC|  |TAMS 0x0000000789e00000| PB 0x0000000789e00000| Complete 
| 159|0x0000000789f00000, 0x000000078a000000, 0x000000078a000000|100%| O|  |TAMS 0x0000000789f00000| PB 0x0000000789f00000| Untracked 
| 160|0x000000078a000000, 0x000000078a0fffe8, 0x000000078a100000| 99%| O|  |TAMS 0x000000078a000000| PB 0x000000078a000000| Untracked 
| 161|0x000000078a100000, 0x000000078a200000, 0x000000078a200000|100%| O|  |TAMS 0x000000078a100000| PB 0x000000078a100000| Complete 
| 162|0x000000078a200000, 0x000000078a300000, 0x000000078a300000|100%| O|  |TAMS 0x000000078a200000| PB 0x000000078a200000| Complete 
| 163|0x000000078a300000, 0x000000078a3fff90, 0x000000078a400000| 99%| O|  |TAMS 0x000000078a300000| PB 0x000000078a300000| Untracked 
| 164|0x000000078a400000, 0x000000078a500000, 0x000000078a500000|100%| O|  |TAMS 0x000000078a400000| PB 0x000000078a400000| Untracked 
| 165|0x000000078a500000, 0x000000078a600000, 0x000000078a600000|100%| O|  |TAMS 0x000000078a500000| PB 0x000000078a500000| Untracked 
| 166|0x000000078a600000, 0x000000078a6fffe8, 0x000000078a700000| 99%| O|  |TAMS 0x000000078a600000| PB 0x000000078a600000| Untracked 
| 167|0x000000078a700000, 0x000000078a800000, 0x000000078a800000|100%| O|  |TAMS 0x000000078a700000| PB 0x000000078a700000| Untracked 
| 168|0x000000078a800000, 0x000000078a900000, 0x000000078a900000|100%| O|  |TAMS 0x000000078a800000| PB 0x000000078a800000| Untracked 
| 169|0x000000078a900000, 0x000000078aa00000, 0x000000078aa00000|100%| O|  |TAMS 0x000000078a900000| PB 0x000000078a900000| Untracked 
| 170|0x000000078aa00000, 0x000000078ab00000, 0x000000078ab00000|100%| O|  |TAMS 0x000000078aa00000| PB 0x000000078aa00000| Untracked 
| 171|0x000000078ab00000, 0x000000078ac00000, 0x000000078ac00000|100%| O|  |TAMS 0x000000078ab00000| PB 0x000000078ab00000| Untracked 
| 172|0x000000078ac00000, 0x000000078ad00000, 0x000000078ad00000|100%| O|  |TAMS 0x000000078ac00000| PB 0x000000078ac00000| Untracked 
| 173|0x000000078ad00000, 0x000000078ae00000, 0x000000078ae00000|100%| O|  |TAMS 0x000000078ad00000| PB 0x000000078ad00000| Untracked 
| 174|0x000000078ae00000, 0x000000078aefffd0, 0x000000078af00000| 99%| O|  |TAMS 0x000000078ae00000| PB 0x000000078ae00000| Untracked 
| 175|0x000000078af00000, 0x000000078b000000, 0x000000078b000000|100%| O|  |TAMS 0x000000078af00000| PB 0x000000078af00000| Untracked 
| 176|0x000000078b000000, 0x000000078b100000, 0x000000078b100000|100%| O|  |TAMS 0x000000078b000000| PB 0x000000078b000000| Untracked 
| 177|0x000000078b100000, 0x000000078b200000, 0x000000078b200000|100%| O|  |TAMS 0x000000078b100000| PB 0x000000078b100000| Untracked 
| 178|0x000000078b200000, 0x000000078b2fffc0, 0x000000078b300000| 99%| O|  |TAMS 0x000000078b200000| PB 0x000000078b200000| Untracked 
| 179|0x000000078b300000, 0x000000078b400000, 0x000000078b400000|100%| O|  |TAMS 0x000000078b300000| PB 0x000000078b300000| Untracked 
| 180|0x000000078b400000, 0x000000078b500000, 0x000000078b500000|100%| O|  |TAMS 0x000000078b400000| PB 0x000000078b400000| Untracked 
| 181|0x000000078b500000, 0x000000078b5ffeb0, 0x000000078b600000| 99%| O|  |TAMS 0x000000078b500000| PB 0x000000078b500000| Untracked 
| 182|0x000000078b600000, 0x000000078b700000, 0x000000078b700000|100%| O|  |TAMS 0x000000078b600000| PB 0x000000078b600000| Untracked 
| 183|0x000000078b700000, 0x000000078b7ffff8, 0x000000078b800000| 99%| O|  |TAMS 0x000000078b700000| PB 0x000000078b700000| Untracked 
| 184|0x000000078b800000, 0x000000078b900000, 0x000000078b900000|100%| O|  |TAMS 0x000000078b800000| PB 0x000000078b800000| Untracked 
| 185|0x000000078b900000, 0x000000078ba00000, 0x000000078ba00000|100%| O|  |TAMS 0x000000078b900000| PB 0x000000078b900000| Complete 
| 186|0x000000078ba00000, 0x000000078bb00000, 0x000000078bb00000|100%| O|  |TAMS 0x000000078ba00000| PB 0x000000078ba00000| Untracked 
| 187|0x000000078bb00000, 0x000000078bc00000, 0x000000078bc00000|100%| O|  |TAMS 0x000000078bb00000| PB 0x000000078bb00000| Untracked 
| 188|0x000000078bc00000, 0x000000078bd00000, 0x000000078bd00000|100%| O|  |TAMS 0x000000078bc00000| PB 0x000000078bc00000| Untracked 
| 189|0x000000078bd00000, 0x000000078be00000, 0x000000078be00000|100%| O|  |TAMS 0x000000078bd00000| PB 0x000000078bd00000| Untracked 
| 190|0x000000078be00000, 0x000000078bf00000, 0x000000078bf00000|100%| O|  |TAMS 0x000000078be00000| PB 0x000000078be00000| Untracked 
| 191|0x000000078bf00000, 0x000000078bfffff0, 0x000000078c000000| 99%| O|  |TAMS 0x000000078bf00000| PB 0x000000078bf00000| Untracked 
| 192|0x000000078c000000, 0x000000078c100000, 0x000000078c100000|100%| O|  |TAMS 0x000000078c000000| PB 0x000000078c000000| Untracked 
| 193|0x000000078c100000, 0x000000078c200000, 0x000000078c200000|100%| O|  |TAMS 0x000000078c100000| PB 0x000000078c100000| Untracked 
| 194|0x000000078c200000, 0x000000078c300000, 0x000000078c300000|100%| O|  |TAMS 0x000000078c200000| PB 0x000000078c200000| Untracked 
| 195|0x000000078c300000, 0x000000078c3ffff8, 0x000000078c400000| 99%| O|  |TAMS 0x000000078c300000| PB 0x000000078c300000| Complete 
| 196|0x000000078c400000, 0x000000078c500000, 0x000000078c500000|100%| O|  |TAMS 0x000000078c400000| PB 0x000000078c400000| Untracked 
| 197|0x000000078c500000, 0x000000078c600000, 0x000000078c600000|100%| O|  |TAMS 0x000000078c500000| PB 0x000000078c500000| Untracked 
| 198|0x000000078c600000, 0x000000078c700000, 0x000000078c700000|100%| O|  |TAMS 0x000000078c600000| PB 0x000000078c600000| Untracked 
| 199|0x000000078c700000, 0x000000078c800000, 0x000000078c800000|100%| O|  |TAMS 0x000000078c700000| PB 0x000000078c700000| Untracked 
| 200|0x000000078c800000, 0x000000078c900000, 0x000000078c900000|100%| O|  |TAMS 0x000000078c800000| PB 0x000000078c800000| Untracked 
| 201|0x000000078c900000, 0x000000078ca00000, 0x000000078ca00000|100%| O|  |TAMS 0x000000078c900000| PB 0x000000078c900000| Untracked 
| 202|0x000000078ca00000, 0x000000078cb00000, 0x000000078cb00000|100%| O|  |TAMS 0x000000078ca00000| PB 0x000000078ca00000| Untracked 
| 203|0x000000078cb00000, 0x000000078cbf2810, 0x000000078cc00000| 94%| O|  |TAMS 0x000000078cb00000| PB 0x000000078cb00000| Untracked 
| 204|0x000000078cc00000, 0x000000078cd00000, 0x000000078cd00000|100%| O|  |TAMS 0x000000078cc00000| PB 0x000000078cc00000| Untracked 
| 205|0x000000078cd00000, 0x000000078ce00000, 0x000000078ce00000|100%| O|  |TAMS 0x000000078cd00000| PB 0x000000078cd00000| Untracked 
| 206|0x000000078ce00000, 0x000000078cf00000, 0x000000078cf00000|100%| O|  |TAMS 0x000000078ce00000| PB 0x000000078ce00000| Untracked 
| 207|0x000000078cf00000, 0x000000078cfffff0, 0x000000078d000000| 99%| O|  |TAMS 0x000000078cf00000| PB 0x000000078cf00000| Complete 
| 208|0x000000078d000000, 0x000000078d100000, 0x000000078d100000|100%| O|  |TAMS 0x000000078d000000| PB 0x000000078d000000| Untracked 
| 209|0x000000078d100000, 0x000000078d200000, 0x000000078d200000|100%| O|  |TAMS 0x000000078d100000| PB 0x000000078d100000| Untracked 
| 210|0x000000078d200000, 0x000000078d300000, 0x000000078d300000|100%| O|  |TAMS 0x000000078d200000| PB 0x000000078d200000| Untracked 
| 211|0x000000078d300000, 0x000000078d400000, 0x000000078d400000|100%| O|  |TAMS 0x000000078d300000| PB 0x000000078d300000| Untracked 
| 212|0x000000078d400000, 0x000000078d500000, 0x000000078d500000|100%| O|  |TAMS 0x000000078d400000| PB 0x000000078d400000| Untracked 
| 213|0x000000078d500000, 0x000000078d5fffb8, 0x000000078d600000| 99%| O|  |TAMS 0x000000078d500000| PB 0x000000078d500000| Untracked 
| 214|0x000000078d600000, 0x000000078d700000, 0x000000078d700000|100%| O|  |TAMS 0x000000078d600000| PB 0x000000078d600000| Untracked 
| 215|0x000000078d700000, 0x000000078d800000, 0x000000078d800000|100%| O|  |TAMS 0x000000078d700000| PB 0x000000078d700000| Complete 
| 216|0x000000078d800000, 0x000000078d900000, 0x000000078d900000|100%| O|  |TAMS 0x000000078d800000| PB 0x000000078d800000| Untracked 
| 217|0x000000078d900000, 0x000000078da00000, 0x000000078da00000|100%| O|  |TAMS 0x000000078d900000| PB 0x000000078d900000| Untracked 
| 218|0x000000078da00000, 0x000000078db00000, 0x000000078db00000|100%| O|  |TAMS 0x000000078da00000| PB 0x000000078da00000| Untracked 
| 219|0x000000078db00000, 0x000000078dc00000, 0x000000078dc00000|100%| O|  |TAMS 0x000000078db00000| PB 0x000000078db00000| Untracked 
| 220|0x000000078dc00000, 0x000000078dd00000, 0x000000078dd00000|100%| O|  |TAMS 0x000000078dc00000| PB 0x000000078dc00000| Untracked 
| 221|0x000000078dd00000, 0x000000078de00000, 0x000000078de00000|100%| O|  |TAMS 0x000000078dd00000| PB 0x000000078dd00000| Complete 
| 222|0x000000078de00000, 0x000000078defffe8, 0x000000078df00000| 99%| O|  |TAMS 0x000000078de00000| PB 0x000000078de00000| Untracked 
| 223|0x000000078df00000, 0x000000078dfffff8, 0x000000078e000000| 99%| O|  |TAMS 0x000000078df00000| PB 0x000000078df00000| Untracked 
| 224|0x000000078e000000, 0x000000078e100000, 0x000000078e100000|100%| O|  |TAMS 0x000000078e000000| PB 0x000000078e000000| Untracked 
| 225|0x000000078e100000, 0x000000078e200000, 0x000000078e200000|100%| O|  |TAMS 0x000000078e100000| PB 0x000000078e100000| Untracked 
| 226|0x000000078e200000, 0x000000078e2fffe0, 0x000000078e300000| 99%| O|  |TAMS 0x000000078e200000| PB 0x000000078e200000| Untracked 
| 227|0x000000078e300000, 0x000000078e400000, 0x000000078e400000|100%| O|  |TAMS 0x000000078e300000| PB 0x000000078e300000| Untracked 
| 228|0x000000078e400000, 0x000000078e4ffff8, 0x000000078e500000| 99%| O|  |TAMS 0x000000078e400000| PB 0x000000078e400000| Untracked 
| 229|0x000000078e500000, 0x000000078e600000, 0x000000078e600000|100%| O|  |TAMS 0x000000078e500000| PB 0x000000078e500000| Untracked 
| 230|0x000000078e600000, 0x000000078e700000, 0x000000078e700000|100%| O|  |TAMS 0x000000078e600000| PB 0x000000078e600000| Untracked 
| 231|0x000000078e700000, 0x000000078e800000, 0x000000078e800000|100%| O|  |TAMS 0x000000078e700000| PB 0x000000078e700000| Complete 
| 232|0x000000078e800000, 0x000000078e900000, 0x000000078e900000|100%| O|  |TAMS 0x000000078e800000| PB 0x000000078e800000| Untracked 
| 233|0x000000078e900000, 0x000000078ea00000, 0x000000078ea00000|100%| O|  |TAMS 0x000000078e900000| PB 0x000000078e900000| Untracked 
| 234|0x000000078ea00000, 0x000000078eb00000, 0x000000078eb00000|100%| O|  |TAMS 0x000000078ea00000| PB 0x000000078ea00000| Untracked 
| 235|0x000000078eb00000, 0x000000078ec00000, 0x000000078ec00000|100%| O|  |TAMS 0x000000078eb00000| PB 0x000000078eb00000| Untracked 
| 236|0x000000078ec00000, 0x000000078ecfffa8, 0x000000078ed00000| 99%| O|  |TAMS 0x000000078ec00000| PB 0x000000078ec00000| Untracked 
| 237|0x000000078ed00000, 0x000000078edfeca0, 0x000000078ee00000| 99%| O|  |TAMS 0x000000078ed00000| PB 0x000000078ed00000| Untracked 
| 238|0x000000078ee00000, 0x000000078ef00000, 0x000000078ef00000|100%| O|  |TAMS 0x000000078ee00000| PB 0x000000078ee00000| Untracked 
| 239|0x000000078ef00000, 0x000000078effffd8, 0x000000078f000000| 99%| O|  |TAMS 0x000000078ef00000| PB 0x000000078ef00000| Untracked 
| 240|0x000000078f000000, 0x000000078f100000, 0x000000078f100000|100%| O|  |TAMS 0x000000078f000000| PB 0x000000078f000000| Untracked 
| 241|0x000000078f100000, 0x000000078f200000, 0x000000078f200000|100%| O|  |TAMS 0x000000078f100000| PB 0x000000078f100000| Untracked 
| 242|0x000000078f200000, 0x000000078f300000, 0x000000078f300000|100%| O|  |TAMS 0x000000078f200000| PB 0x000000078f200000| Untracked 
| 243|0x000000078f300000, 0x000000078f400000, 0x000000078f400000|100%| O|  |TAMS 0x000000078f300000| PB 0x000000078f300000| Untracked 
| 244|0x000000078f400000, 0x000000078f500000, 0x000000078f500000|100%| O|  |TAMS 0x000000078f400000| PB 0x000000078f400000| Untracked 
| 245|0x000000078f500000, 0x000000078f5ffff0, 0x000000078f600000| 99%| O|  |TAMS 0x000000078f500000| PB 0x000000078f500000| Untracked 
| 246|0x000000078f600000, 0x000000078f700000, 0x000000078f700000|100%| O|  |TAMS 0x000000078f600000| PB 0x000000078f600000| Untracked 
| 247|0x000000078f700000, 0x000000078f7fff48, 0x000000078f800000| 99%| O|  |TAMS 0x000000078f700000| PB 0x000000078f700000| Untracked 
| 248|0x000000078f800000, 0x000000078f900000, 0x000000078f900000|100%| O|  |TAMS 0x000000078f800000| PB 0x000000078f800000| Untracked 
| 249|0x000000078f900000, 0x000000078fa00000, 0x000000078fa00000|100%| O|  |TAMS 0x000000078f900000| PB 0x000000078f900000| Untracked 
| 250|0x000000078fa00000, 0x000000078faffff0, 0x000000078fb00000| 99%| O|  |TAMS 0x000000078fa00000| PB 0x000000078fa00000| Untracked 
| 251|0x000000078fb00000, 0x000000078fbffff8, 0x000000078fc00000| 99%| O|  |TAMS 0x000000078fb00000| PB 0x000000078fb00000| Untracked 
| 252|0x000000078fc00000, 0x000000078fcffff8, 0x000000078fd00000| 99%| O|  |TAMS 0x000000078fc00000| PB 0x000000078fc00000| Untracked 
| 253|0x000000078fd00000, 0x000000078fe00000, 0x000000078fe00000|100%| O|  |TAMS 0x000000078fd00000| PB 0x000000078fd00000| Untracked 
| 254|0x000000078fe00000, 0x000000078ff00000, 0x000000078ff00000|100%| O|  |TAMS 0x000000078fe00000| PB 0x000000078fe00000| Untracked 
| 255|0x000000078ff00000, 0x0000000790000000, 0x0000000790000000|100%| O|  |TAMS 0x000000078ff00000| PB 0x000000078ff00000| Complete 
| 256|0x0000000790000000, 0x0000000790100000, 0x0000000790100000|100%| O|  |TAMS 0x0000000790000000| PB 0x0000000790000000| Untracked 
| 257|0x0000000790100000, 0x0000000790200000, 0x0000000790200000|100%| O|  |TAMS 0x0000000790100000| PB 0x0000000790100000| Untracked 
| 258|0x0000000790200000, 0x0000000790300000, 0x0000000790300000|100%| O|  |TAMS 0x0000000790200000| PB 0x0000000790200000| Untracked 
| 259|0x0000000790300000, 0x0000000790400000, 0x0000000790400000|100%| O|  |TAMS 0x0000000790300000| PB 0x0000000790300000| Complete 
| 260|0x0000000790400000, 0x0000000790500000, 0x0000000790500000|100%| O|  |TAMS 0x0000000790400000| PB 0x0000000790400000| Untracked 
| 261|0x0000000790500000, 0x0000000790600000, 0x0000000790600000|100%| O|  |TAMS 0x0000000790500000| PB 0x0000000790500000| Complete 
| 262|0x0000000790600000, 0x0000000790700000, 0x0000000790700000|100%| O|  |TAMS 0x0000000790600000| PB 0x0000000790600000| Untracked 
| 263|0x0000000790700000, 0x0000000790800000, 0x0000000790800000|100%| O|  |TAMS 0x0000000790700000| PB 0x0000000790700000| Untracked 
| 264|0x0000000790800000, 0x0000000790900000, 0x0000000790900000|100%| O|  |TAMS 0x0000000790800000| PB 0x0000000790800000| Untracked 
| 265|0x0000000790900000, 0x00000007909fb488, 0x0000000790a00000| 98%| O|  |TAMS 0x0000000790900000| PB 0x0000000790900000| Complete 
| 266|0x0000000790a00000, 0x0000000790b00000, 0x0000000790b00000|100%| O|  |TAMS 0x0000000790a00000| PB 0x0000000790a00000| Untracked 
| 267|0x0000000790b00000, 0x0000000790c00000, 0x0000000790c00000|100%| O|  |TAMS 0x0000000790b00000| PB 0x0000000790b00000| Untracked 
| 268|0x0000000790c00000, 0x0000000790d00000, 0x0000000790d00000|100%| O|  |TAMS 0x0000000790c00000| PB 0x0000000790c00000| Untracked 
| 269|0x0000000790d00000, 0x0000000790dfc000, 0x0000000790e00000| 98%| O|  |TAMS 0x0000000790d00000| PB 0x0000000790d00000| Untracked 
| 270|0x0000000790e00000, 0x0000000790e00000, 0x0000000790f00000|  0%| F|  |TAMS 0x0000000790e00000| PB 0x0000000790e00000| Untracked 
| 271|0x0000000790f00000, 0x0000000790f00000, 0x0000000791000000|  0%| F|  |TAMS 0x0000000790f00000| PB 0x0000000790f00000| Untracked 
| 272|0x0000000791000000, 0x0000000791100000, 0x0000000791100000|100%| O|  |TAMS 0x0000000791000000| PB 0x0000000791000000| Untracked 
| 273|0x0000000791100000, 0x0000000791200000, 0x0000000791200000|100%| O|  |TAMS 0x0000000791100000| PB 0x0000000791100000| Untracked 
| 274|0x0000000791200000, 0x0000000791300000, 0x0000000791300000|100%| O|  |TAMS 0x0000000791200000| PB 0x0000000791200000| Untracked 
| 275|0x0000000791300000, 0x0000000791400000, 0x0000000791400000|100%| O|  |TAMS 0x0000000791300000| PB 0x0000000791300000| Untracked 
| 276|0x0000000791400000, 0x00000007914fffe8, 0x0000000791500000| 99%| O|  |TAMS 0x0000000791400000| PB 0x0000000791400000| Untracked 
| 277|0x0000000791500000, 0x0000000791600000, 0x0000000791600000|100%| O|  |TAMS 0x0000000791500000| PB 0x0000000791500000| Untracked 
| 278|0x0000000791600000, 0x0000000791700000, 0x0000000791700000|100%| O|  |TAMS 0x0000000791600000| PB 0x0000000791600000| Untracked 
| 279|0x0000000791700000, 0x0000000791800000, 0x0000000791800000|100%| O|  |TAMS 0x0000000791700000| PB 0x0000000791700000| Untracked 
| 280|0x0000000791800000, 0x0000000791900000, 0x0000000791900000|100%| O|  |TAMS 0x0000000791800000| PB 0x0000000791800000| Untracked 
| 281|0x0000000791900000, 0x0000000791a00000, 0x0000000791a00000|100%| O|  |TAMS 0x0000000791900000| PB 0x0000000791900000| Untracked 
| 282|0x0000000791a00000, 0x0000000791afb938, 0x0000000791b00000| 98%| O|  |TAMS 0x0000000791a00000| PB 0x0000000791a00000| Untracked 
| 283|0x0000000791b00000, 0x0000000791b00000, 0x0000000791c00000|  0%| F|  |TAMS 0x0000000791b00000| PB 0x0000000791b00000| Untracked 
| 284|0x0000000791c00000, 0x0000000791c00000, 0x0000000791d00000|  0%| F|  |TAMS 0x0000000791c00000| PB 0x0000000791c00000| Untracked 
| 285|0x0000000791d00000, 0x0000000791d00000, 0x0000000791e00000|  0%| F|  |TAMS 0x0000000791d00000| PB 0x0000000791d00000| Untracked 
| 286|0x0000000791e00000, 0x0000000791f00000, 0x0000000791f00000|100%| O|  |TAMS 0x0000000791e00000| PB 0x0000000791e00000| Untracked 
| 287|0x0000000791f00000, 0x0000000792000000, 0x0000000792000000|100%| O|  |TAMS 0x0000000791f00000| PB 0x0000000791f00000| Untracked 
| 288|0x0000000792000000, 0x0000000792100000, 0x0000000792100000|100%| O|  |TAMS 0x0000000792000000| PB 0x0000000792000000| Untracked 
| 289|0x0000000792100000, 0x0000000792100000, 0x0000000792200000|  0%| F|  |TAMS 0x0000000792100000| PB 0x0000000792100000| Untracked 
| 290|0x0000000792200000, 0x0000000792300000, 0x0000000792300000|100%| O|  |TAMS 0x0000000792200000| PB 0x0000000792200000| Untracked 
| 291|0x0000000792300000, 0x0000000792400000, 0x0000000792400000|100%|HS|  |TAMS 0x0000000792300000| PB 0x0000000792300000| Complete 
| 292|0x0000000792400000, 0x0000000792500000, 0x0000000792500000|100%|HC|  |TAMS 0x0000000792400000| PB 0x0000000792400000| Complete 
| 293|0x0000000792500000, 0x0000000792600000, 0x0000000792600000|100%| O|  |TAMS 0x0000000792500000| PB 0x0000000792500000| Untracked 
| 294|0x0000000792600000, 0x0000000792700000, 0x0000000792700000|100%| O|  |TAMS 0x0000000792600000| PB 0x0000000792600000| Untracked 
| 295|0x0000000792700000, 0x0000000792800000, 0x0000000792800000|100%| O|  |TAMS 0x0000000792700000| PB 0x0000000792700000| Untracked 
| 296|0x0000000792800000, 0x0000000792900000, 0x0000000792900000|100%| O|  |TAMS 0x0000000792800000| PB 0x0000000792800000| Untracked 
| 297|0x0000000792900000, 0x0000000792a00000, 0x0000000792a00000|100%|HS|  |TAMS 0x0000000792900000| PB 0x0000000792900000| Complete 
| 298|0x0000000792a00000, 0x0000000792b00000, 0x0000000792b00000|100%| O|  |TAMS 0x0000000792a00000| PB 0x0000000792a00000| Untracked 
| 299|0x0000000792b00000, 0x0000000792bfffe8, 0x0000000792c00000| 99%| O|  |TAMS 0x0000000792b00000| PB 0x0000000792b00000| Untracked 
| 300|0x0000000792c00000, 0x0000000792d00000, 0x0000000792d00000|100%| O|  |TAMS 0x0000000792c00000| PB 0x0000000792c00000| Untracked 
| 301|0x0000000792d00000, 0x0000000792e00000, 0x0000000792e00000|100%| O|  |TAMS 0x0000000792d00000| PB 0x0000000792d00000| Untracked 
| 302|0x0000000792e00000, 0x0000000792e00000, 0x0000000792f00000|  0%| F|  |TAMS 0x0000000792e00000| PB 0x0000000792e00000| Untracked 
| 303|0x0000000792f00000, 0x0000000792feef80, 0x0000000793000000| 93%| O|  |TAMS 0x0000000792f00000| PB 0x0000000792f00000| Complete 
| 304|0x0000000793000000, 0x00000007930ffff8, 0x0000000793100000| 99%| O|  |TAMS 0x0000000793000000| PB 0x0000000793000000| Untracked 
| 305|0x0000000793100000, 0x0000000793200000, 0x0000000793200000|100%| O|  |TAMS 0x0000000793100000| PB 0x0000000793100000| Untracked 
| 306|0x0000000793200000, 0x0000000793300000, 0x0000000793300000|100%| O|  |TAMS 0x0000000793200000| PB 0x0000000793200000| Untracked 
| 307|0x0000000793300000, 0x0000000793400000, 0x0000000793400000|100%| O|  |TAMS 0x0000000793300000| PB 0x0000000793300000| Untracked 
| 308|0x0000000793400000, 0x0000000793500000, 0x0000000793500000|100%| O|  |TAMS 0x0000000793400000| PB 0x0000000793400000| Untracked 
| 309|0x0000000793500000, 0x0000000793600000, 0x0000000793600000|100%| O|  |TAMS 0x0000000793500000| PB 0x0000000793500000| Untracked 
| 310|0x0000000793600000, 0x0000000793600000, 0x0000000793700000|  0%| F|  |TAMS 0x0000000793600000| PB 0x0000000793600000| Untracked 
| 311|0x0000000793700000, 0x0000000793800000, 0x0000000793800000|100%| O|  |TAMS 0x0000000793700000| PB 0x0000000793700000| Untracked 
| 312|0x0000000793800000, 0x0000000793900000, 0x0000000793900000|100%| O|  |TAMS 0x0000000793800000| PB 0x0000000793800000| Untracked 
| 313|0x0000000793900000, 0x0000000793a00000, 0x0000000793a00000|100%| O|  |TAMS 0x0000000793900000| PB 0x0000000793900000| Untracked 
| 314|0x0000000793a00000, 0x0000000793affe60, 0x0000000793b00000| 99%| O|  |TAMS 0x0000000793a00000| PB 0x0000000793a00000| Untracked 
| 315|0x0000000793b00000, 0x0000000793c00000, 0x0000000793c00000|100%| O|  |TAMS 0x0000000793b00000| PB 0x0000000793b00000| Untracked 
| 316|0x0000000793c00000, 0x0000000793d00000, 0x0000000793d00000|100%| O|  |TAMS 0x0000000793c00000| PB 0x0000000793c00000| Untracked 
| 317|0x0000000793d00000, 0x0000000793e00000, 0x0000000793e00000|100%| O|  |TAMS 0x0000000793d00000| PB 0x0000000793d00000| Untracked 
| 318|0x0000000793e00000, 0x0000000793f00000, 0x0000000793f00000|100%| O|  |TAMS 0x0000000793e00000| PB 0x0000000793e00000| Complete 
| 319|0x0000000793f00000, 0x0000000794000000, 0x0000000794000000|100%| O|  |TAMS 0x0000000793f00000| PB 0x0000000793f00000| Untracked 
| 320|0x0000000794000000, 0x0000000794000000, 0x0000000794100000|  0%| F|  |TAMS 0x0000000794000000| PB 0x0000000794000000| Untracked 
| 321|0x0000000794100000, 0x0000000794100000, 0x0000000794200000|  0%| F|  |TAMS 0x0000000794100000| PB 0x0000000794100000| Untracked 
| 322|0x0000000794200000, 0x0000000794200000, 0x0000000794300000|  0%| F|  |TAMS 0x0000000794200000| PB 0x0000000794200000| Untracked 
| 323|0x0000000794300000, 0x0000000794400000, 0x0000000794400000|100%| O|  |TAMS 0x0000000794300000| PB 0x0000000794300000| Untracked 
| 324|0x0000000794400000, 0x0000000794500000, 0x0000000794500000|100%| O|  |TAMS 0x0000000794400000| PB 0x0000000794400000| Untracked 
| 325|0x0000000794500000, 0x0000000794600000, 0x0000000794600000|100%| O|  |TAMS 0x0000000794500000| PB 0x0000000794500000| Untracked 
| 326|0x0000000794600000, 0x0000000794700000, 0x0000000794700000|100%| O|  |TAMS 0x0000000794600000| PB 0x0000000794600000| Untracked 
| 327|0x0000000794700000, 0x0000000794800000, 0x0000000794800000|100%| O|  |TAMS 0x0000000794700000| PB 0x0000000794700000| Untracked 
| 328|0x0000000794800000, 0x0000000794900000, 0x0000000794900000|100%| O|  |TAMS 0x0000000794800000| PB 0x0000000794800000| Untracked 
| 329|0x0000000794900000, 0x0000000794a00000, 0x0000000794a00000|100%| O|  |TAMS 0x0000000794900000| PB 0x0000000794900000| Complete 
| 330|0x0000000794a00000, 0x0000000794b00000, 0x0000000794b00000|100%| O|  |TAMS 0x0000000794a00000| PB 0x0000000794a00000| Untracked 
| 331|0x0000000794b00000, 0x0000000794c00000, 0x0000000794c00000|100%| O|  |TAMS 0x0000000794b00000| PB 0x0000000794b00000| Untracked 
| 332|0x0000000794c00000, 0x0000000794d00000, 0x0000000794d00000|100%| O|  |TAMS 0x0000000794c00000| PB 0x0000000794c00000| Untracked 
| 333|0x0000000794d00000, 0x0000000794e00000, 0x0000000794e00000|100%| O|  |TAMS 0x0000000794d00000| PB 0x0000000794d00000| Untracked 
| 334|0x0000000794e00000, 0x0000000794e00000, 0x0000000794f00000|  0%| F|  |TAMS 0x0000000794e00000| PB 0x0000000794e00000| Untracked 
| 335|0x0000000794f00000, 0x0000000795000000, 0x0000000795000000|100%| O|  |TAMS 0x0000000794f00000| PB 0x0000000794f00000| Untracked 
| 336|0x0000000795000000, 0x0000000795100000, 0x0000000795100000|100%| O|  |TAMS 0x0000000795000000| PB 0x0000000795000000| Untracked 
| 337|0x0000000795100000, 0x0000000795200000, 0x0000000795200000|100%| O|  |TAMS 0x0000000795100000| PB 0x0000000795100000| Untracked 
| 338|0x0000000795200000, 0x0000000795300000, 0x0000000795300000|100%|HS|  |TAMS 0x0000000795200000| PB 0x0000000795200000| Complete 
| 339|0x0000000795300000, 0x0000000795300000, 0x0000000795400000|  0%| F|  |TAMS 0x0000000795300000| PB 0x0000000795300000| Untracked 
| 340|0x0000000795400000, 0x0000000795500000, 0x0000000795500000|100%| O|  |TAMS 0x0000000795400000| PB 0x0000000795400000| Untracked 
| 341|0x0000000795500000, 0x0000000795600000, 0x0000000795600000|100%| O|  |TAMS 0x0000000795500000| PB 0x0000000795500000| Complete 
| 342|0x0000000795600000, 0x0000000795700000, 0x0000000795700000|100%| O|  |TAMS 0x0000000795600000| PB 0x0000000795600000| Untracked 
| 343|0x0000000795700000, 0x0000000795800000, 0x0000000795800000|100%| O|  |TAMS 0x0000000795700000| PB 0x0000000795700000| Untracked 
| 344|0x0000000795800000, 0x0000000795900000, 0x0000000795900000|100%| O|  |TAMS 0x0000000795800000| PB 0x0000000795800000| Untracked 
| 345|0x0000000795900000, 0x0000000795a00000, 0x0000000795a00000|100%| O|  |TAMS 0x0000000795900000| PB 0x0000000795900000| Complete 
| 346|0x0000000795a00000, 0x0000000795b00000, 0x0000000795b00000|100%| O|  |TAMS 0x0000000795a00000| PB 0x0000000795a00000| Untracked 
| 347|0x0000000795b00000, 0x0000000795c00000, 0x0000000795c00000|100%| O|  |TAMS 0x0000000795b00000| PB 0x0000000795b00000| Untracked 
| 348|0x0000000795c00000, 0x0000000795d00000, 0x0000000795d00000|100%| O|  |TAMS 0x0000000795c00000| PB 0x0000000795c00000| Untracked 
| 349|0x0000000795d00000, 0x0000000795e00000, 0x0000000795e00000|100%| O|  |TAMS 0x0000000795d00000| PB 0x0000000795d00000| Untracked 
| 350|0x0000000795e00000, 0x0000000795f00000, 0x0000000795f00000|100%| O|  |TAMS 0x0000000795e00000| PB 0x0000000795e00000| Untracked 
| 351|0x0000000795f00000, 0x0000000796000000, 0x0000000796000000|100%| O|  |TAMS 0x0000000795f00000| PB 0x0000000795f00000| Complete 
| 352|0x0000000796000000, 0x0000000796100000, 0x0000000796100000|100%| O|  |TAMS 0x0000000796000000| PB 0x0000000796000000| Complete 
| 353|0x0000000796100000, 0x0000000796200000, 0x0000000796200000|100%| O|  |TAMS 0x0000000796100000| PB 0x0000000796100000| Untracked 
| 354|0x0000000796200000, 0x0000000796300000, 0x0000000796300000|100%| O|  |TAMS 0x0000000796200000| PB 0x0000000796200000| Untracked 
| 355|0x0000000796300000, 0x0000000796400000, 0x0000000796400000|100%| O|  |TAMS 0x0000000796300000| PB 0x0000000796300000| Untracked 
| 356|0x0000000796400000, 0x0000000796500000, 0x0000000796500000|100%| O|  |TAMS 0x0000000796400000| PB 0x0000000796400000| Untracked 
| 357|0x0000000796500000, 0x0000000796600000, 0x0000000796600000|100%| O|  |TAMS 0x0000000796500000| PB 0x0000000796500000| Untracked 
| 358|0x0000000796600000, 0x0000000796700000, 0x0000000796700000|100%| O|  |TAMS 0x0000000796600000| PB 0x0000000796600000| Untracked 
| 359|0x0000000796700000, 0x0000000796800000, 0x0000000796800000|100%| O|  |TAMS 0x0000000796700000| PB 0x0000000796700000| Untracked 
| 360|0x0000000796800000, 0x0000000796900000, 0x0000000796900000|100%| O|  |TAMS 0x0000000796800000| PB 0x0000000796800000| Untracked 
| 361|0x0000000796900000, 0x0000000796900000, 0x0000000796a00000|  0%| F|  |TAMS 0x0000000796900000| PB 0x0000000796900000| Untracked 
| 362|0x0000000796a00000, 0x0000000796b00000, 0x0000000796b00000|100%| O|  |TAMS 0x0000000796a00000| PB 0x0000000796a00000| Untracked 
| 363|0x0000000796b00000, 0x0000000796c00000, 0x0000000796c00000|100%| O|  |TAMS 0x0000000796b00000| PB 0x0000000796b00000| Untracked 
| 364|0x0000000796c00000, 0x0000000796d00000, 0x0000000796d00000|100%| O|  |TAMS 0x0000000796c00000| PB 0x0000000796c00000| Untracked 
| 365|0x0000000796d00000, 0x0000000796d00000, 0x0000000796e00000|  0%| F|  |TAMS 0x0000000796d00000| PB 0x0000000796d00000| Untracked 
| 366|0x0000000796e00000, 0x0000000796e00000, 0x0000000796f00000|  0%| F|  |TAMS 0x0000000796e00000| PB 0x0000000796e00000| Untracked 
| 367|0x0000000796f00000, 0x0000000797000000, 0x0000000797000000|100%| O|  |TAMS 0x0000000796f00000| PB 0x0000000796f00000| Untracked 
| 368|0x0000000797000000, 0x0000000797100000, 0x0000000797100000|100%| O|  |TAMS 0x0000000797000000| PB 0x0000000797000000| Untracked 
| 369|0x0000000797100000, 0x0000000797100000, 0x0000000797200000|  0%| F|  |TAMS 0x0000000797100000| PB 0x0000000797100000| Untracked 
| 370|0x0000000797200000, 0x0000000797300000, 0x0000000797300000|100%| O|  |TAMS 0x0000000797200000| PB 0x0000000797200000| Complete 
| 371|0x0000000797300000, 0x0000000797400000, 0x0000000797400000|100%| O|  |TAMS 0x0000000797300000| PB 0x0000000797300000| Untracked 
| 372|0x0000000797400000, 0x0000000797400000, 0x0000000797500000|  0%| F|  |TAMS 0x0000000797400000| PB 0x0000000797400000| Untracked 
| 373|0x0000000797500000, 0x0000000797500000, 0x0000000797600000|  0%| F|  |TAMS 0x0000000797500000| PB 0x0000000797500000| Untracked 
| 374|0x0000000797600000, 0x0000000797700000, 0x0000000797700000|100%| O|  |TAMS 0x0000000797600000| PB 0x0000000797600000| Untracked 
| 375|0x0000000797700000, 0x0000000797800000, 0x0000000797800000|100%| O|  |TAMS 0x0000000797700000| PB 0x0000000797700000| Untracked 
| 376|0x0000000797800000, 0x0000000797900000, 0x0000000797900000|100%| O|  |TAMS 0x0000000797800000| PB 0x0000000797800000| Untracked 
| 377|0x0000000797900000, 0x0000000797a00000, 0x0000000797a00000|100%| O|  |TAMS 0x0000000797900000| PB 0x0000000797900000| Complete 
| 378|0x0000000797a00000, 0x0000000797b00000, 0x0000000797b00000|100%| O|  |TAMS 0x0000000797a00000| PB 0x0000000797a00000| Untracked 
| 379|0x0000000797b00000, 0x0000000797c00000, 0x0000000797c00000|100%| O|  |TAMS 0x0000000797b00000| PB 0x0000000797b00000| Complete 
| 380|0x0000000797c00000, 0x0000000797d00000, 0x0000000797d00000|100%| O|  |TAMS 0x0000000797c00000| PB 0x0000000797c00000| Untracked 
| 381|0x0000000797d00000, 0x0000000797e00000, 0x0000000797e00000|100%| O|  |TAMS 0x0000000797d00000| PB 0x0000000797d00000| Untracked 
| 382|0x0000000797e00000, 0x0000000797f00000, 0x0000000797f00000|100%| O|  |TAMS 0x0000000797e00000| PB 0x0000000797e00000| Untracked 
| 383|0x0000000797f00000, 0x0000000798000000, 0x0000000798000000|100%| O|  |TAMS 0x0000000797f00000| PB 0x0000000797f00000| Untracked 
| 384|0x0000000798000000, 0x0000000798100000, 0x0000000798100000|100%| O|  |TAMS 0x0000000798000000| PB 0x0000000798000000| Untracked 
| 385|0x0000000798100000, 0x0000000798200000, 0x0000000798200000|100%| O|  |TAMS 0x0000000798100000| PB 0x0000000798100000| Untracked 
| 386|0x0000000798200000, 0x0000000798300000, 0x0000000798300000|100%| O|  |TAMS 0x0000000798200000| PB 0x0000000798200000| Complete 
| 387|0x0000000798300000, 0x0000000798300000, 0x0000000798400000|  0%| F|  |TAMS 0x0000000798300000| PB 0x0000000798300000| Untracked 
| 388|0x0000000798400000, 0x0000000798500000, 0x0000000798500000|100%| O|  |TAMS 0x0000000798400000| PB 0x0000000798400000| Complete 
| 389|0x0000000798500000, 0x0000000798600000, 0x0000000798600000|100%| O|  |TAMS 0x0000000798500000| PB 0x0000000798500000| Untracked 
| 390|0x0000000798600000, 0x0000000798700000, 0x0000000798700000|100%| O|  |TAMS 0x0000000798600000| PB 0x0000000798600000| Untracked 
| 391|0x0000000798700000, 0x0000000798800000, 0x0000000798800000|100%| O|  |TAMS 0x0000000798700000| PB 0x0000000798700000| Untracked 
| 392|0x0000000798800000, 0x0000000798900000, 0x0000000798900000|100%| O|  |TAMS 0x0000000798800000| PB 0x0000000798800000| Untracked 
| 393|0x0000000798900000, 0x0000000798900000, 0x0000000798a00000|  0%| F|  |TAMS 0x0000000798900000| PB 0x0000000798900000| Untracked 
| 394|0x0000000798a00000, 0x0000000798b00000, 0x0000000798b00000|100%| O|  |TAMS 0x0000000798a00000| PB 0x0000000798a00000| Untracked 
| 395|0x0000000798b00000, 0x0000000798c00000, 0x0000000798c00000|100%| O|  |TAMS 0x0000000798b00000| PB 0x0000000798b00000| Complete 
| 396|0x0000000798c00000, 0x0000000798d00000, 0x0000000798d00000|100%| O|  |TAMS 0x0000000798c00000| PB 0x0000000798c00000| Complete 
| 397|0x0000000798d00000, 0x0000000798e00000, 0x0000000798e00000|100%| O|  |TAMS 0x0000000798d00000| PB 0x0000000798d00000| Untracked 
| 398|0x0000000798e00000, 0x0000000798f00000, 0x0000000798f00000|100%| O|  |TAMS 0x0000000798e00000| PB 0x0000000798e00000| Untracked 
| 399|0x0000000798f00000, 0x0000000799000000, 0x0000000799000000|100%| O|  |TAMS 0x0000000798f00000| PB 0x0000000798f00000| Untracked 
| 400|0x0000000799000000, 0x0000000799100000, 0x0000000799100000|100%| O|  |TAMS 0x0000000799000000| PB 0x0000000799000000| Complete 
| 401|0x0000000799100000, 0x0000000799200000, 0x0000000799200000|100%| O|  |TAMS 0x0000000799100000| PB 0x0000000799100000| Untracked 
| 402|0x0000000799200000, 0x0000000799300000, 0x0000000799300000|100%| O|  |TAMS 0x0000000799200000| PB 0x0000000799200000| Complete 
| 403|0x0000000799300000, 0x0000000799400000, 0x0000000799400000|100%| O|  |TAMS 0x0000000799300000| PB 0x0000000799300000| Untracked 
| 404|0x0000000799400000, 0x0000000799500000, 0x0000000799500000|100%| O|  |TAMS 0x0000000799400000| PB 0x0000000799400000| Untracked 
| 405|0x0000000799500000, 0x0000000799600000, 0x0000000799600000|100%| O|  |TAMS 0x0000000799500000| PB 0x0000000799500000| Complete 
| 406|0x0000000799600000, 0x0000000799700000, 0x0000000799700000|100%| O|  |TAMS 0x0000000799600000| PB 0x0000000799600000| Untracked 
| 407|0x0000000799700000, 0x0000000799800000, 0x0000000799800000|100%| O|  |TAMS 0x0000000799700000| PB 0x0000000799700000| Untracked 
| 408|0x0000000799800000, 0x0000000799900000, 0x0000000799900000|100%| O|  |TAMS 0x0000000799800000| PB 0x0000000799800000| Complete 
| 409|0x0000000799900000, 0x0000000799a00000, 0x0000000799a00000|100%| O|  |TAMS 0x0000000799900000| PB 0x0000000799900000| Complete 
| 410|0x0000000799a00000, 0x0000000799b00000, 0x0000000799b00000|100%| O|  |TAMS 0x0000000799a00000| PB 0x0000000799a00000| Complete 
| 411|0x0000000799b00000, 0x0000000799c00000, 0x0000000799c00000|100%| O|  |TAMS 0x0000000799b00000| PB 0x0000000799b00000| Complete 
| 412|0x0000000799c00000, 0x0000000799d00000, 0x0000000799d00000|100%|HS|  |TAMS 0x0000000799c00000| PB 0x0000000799c00000| Complete 
| 413|0x0000000799d00000, 0x0000000799d00000, 0x0000000799e00000|  0%| F|  |TAMS 0x0000000799d00000| PB 0x0000000799d00000| Untracked 
| 414|0x0000000799e00000, 0x0000000799e00000, 0x0000000799f00000|  0%| F|  |TAMS 0x0000000799e00000| PB 0x0000000799e00000| Untracked 
| 415|0x0000000799f00000, 0x0000000799f00000, 0x000000079a000000|  0%| F|  |TAMS 0x0000000799f00000| PB 0x0000000799f00000| Untracked 
| 416|0x000000079a000000, 0x000000079a100000, 0x000000079a100000|100%| O|  |TAMS 0x000000079a000000| PB 0x000000079a000000| Complete 
| 417|0x000000079a100000, 0x000000079a200000, 0x000000079a200000|100%| O|  |TAMS 0x000000079a100000| PB 0x000000079a100000| Complete 
| 418|0x000000079a200000, 0x000000079a300000, 0x000000079a300000|100%| O|  |TAMS 0x000000079a200000| PB 0x000000079a200000| Untracked 
| 419|0x000000079a300000, 0x000000079a400000, 0x000000079a400000|100%| O|  |TAMS 0x000000079a300000| PB 0x000000079a300000| Complete 
| 420|0x000000079a400000, 0x000000079a500000, 0x000000079a500000|100%| O|  |TAMS 0x000000079a400000| PB 0x000000079a400000| Untracked 
| 421|0x000000079a500000, 0x000000079a600000, 0x000000079a600000|100%| O|  |TAMS 0x000000079a500000| PB 0x000000079a500000| Complete 
| 422|0x000000079a600000, 0x000000079a700000, 0x000000079a700000|100%| O|  |TAMS 0x000000079a600000| PB 0x000000079a600000| Complete 
| 423|0x000000079a700000, 0x000000079a800000, 0x000000079a800000|100%| O|  |TAMS 0x000000079a700000| PB 0x000000079a700000| Complete 
| 424|0x000000079a800000, 0x000000079a900000, 0x000000079a900000|100%| O|  |TAMS 0x000000079a800000| PB 0x000000079a800000| Complete 
| 425|0x000000079a900000, 0x000000079a900000, 0x000000079aa00000|  0%| F|  |TAMS 0x000000079a900000| PB 0x000000079a900000| Untracked 
| 426|0x000000079aa00000, 0x000000079aa00000, 0x000000079ab00000|  0%| F|  |TAMS 0x000000079aa00000| PB 0x000000079aa00000| Untracked 
| 427|0x000000079ab00000, 0x000000079ab00000, 0x000000079ac00000|  0%| F|  |TAMS 0x000000079ab00000| PB 0x000000079ab00000| Untracked 
| 428|0x000000079ac00000, 0x000000079ac00000, 0x000000079ad00000|  0%| F|  |TAMS 0x000000079ac00000| PB 0x000000079ac00000| Untracked 
| 429|0x000000079ad00000, 0x000000079ad00000, 0x000000079ae00000|  0%| F|  |TAMS 0x000000079ad00000| PB 0x000000079ad00000| Untracked 
| 430|0x000000079ae00000, 0x000000079ae00000, 0x000000079af00000|  0%| F|  |TAMS 0x000000079ae00000| PB 0x000000079ae00000| Untracked 
| 431|0x000000079af00000, 0x000000079b000000, 0x000000079b000000|100%| O|  |TAMS 0x000000079af00000| PB 0x000000079af00000| Complete 
| 432|0x000000079b000000, 0x000000079b100000, 0x000000079b100000|100%| O|  |TAMS 0x000000079b000000| PB 0x000000079b000000| Complete 
| 433|0x000000079b100000, 0x000000079b100000, 0x000000079b200000|  0%| F|  |TAMS 0x000000079b100000| PB 0x000000079b100000| Untracked 
| 434|0x000000079b200000, 0x000000079b200000, 0x000000079b300000|  0%| F|  |TAMS 0x000000079b200000| PB 0x000000079b200000| Untracked 
| 435|0x000000079b300000, 0x000000079b300000, 0x000000079b400000|  0%| F|  |TAMS 0x000000079b300000| PB 0x000000079b300000| Untracked 
| 436|0x000000079b400000, 0x000000079b500000, 0x000000079b500000|100%| O|  |TAMS 0x000000079b400000| PB 0x000000079b400000| Untracked 
| 437|0x000000079b500000, 0x000000079b600000, 0x000000079b600000|100%| O|  |TAMS 0x000000079b500000| PB 0x000000079b500000| Complete 
| 438|0x000000079b600000, 0x000000079b600000, 0x000000079b700000|  0%| F|  |TAMS 0x000000079b600000| PB 0x000000079b600000| Untracked 
| 439|0x000000079b700000, 0x000000079b700000, 0x000000079b800000|  0%| F|  |TAMS 0x000000079b700000| PB 0x000000079b700000| Untracked 
| 440|0x000000079b800000, 0x000000079b900000, 0x000000079b900000|100%| O|  |TAMS 0x000000079b800000| PB 0x000000079b800000| Untracked 
| 441|0x000000079b900000, 0x000000079b900000, 0x000000079ba00000|  0%| F|  |TAMS 0x000000079b900000| PB 0x000000079b900000| Untracked 
| 442|0x000000079ba00000, 0x000000079bb00000, 0x000000079bb00000|100%| O|  |TAMS 0x000000079ba00000| PB 0x000000079ba00000| Complete 
| 443|0x000000079bb00000, 0x000000079bc00000, 0x000000079bc00000|100%| O|  |TAMS 0x000000079bb00000| PB 0x000000079bb00000| Complete 
| 444|0x000000079bc00000, 0x000000079bd00000, 0x000000079bd00000|100%| O|  |TAMS 0x000000079bc00000| PB 0x000000079bc00000| Complete 
| 445|0x000000079bd00000, 0x000000079bd00000, 0x000000079be00000|  0%| F|  |TAMS 0x000000079bd00000| PB 0x000000079bd00000| Untracked 
| 446|0x000000079be00000, 0x000000079be00000, 0x000000079bf00000|  0%| F|  |TAMS 0x000000079be00000| PB 0x000000079be00000| Untracked 
| 447|0x000000079bf00000, 0x000000079bf00000, 0x000000079c000000|  0%| F|  |TAMS 0x000000079bf00000| PB 0x000000079bf00000| Untracked 
| 448|0x000000079c000000, 0x000000079c000000, 0x000000079c100000|  0%| F|  |TAMS 0x000000079c000000| PB 0x000000079c000000| Untracked 
| 449|0x000000079c100000, 0x000000079c100000, 0x000000079c200000|  0%| F|  |TAMS 0x000000079c100000| PB 0x000000079c100000| Untracked 
| 450|0x000000079c200000, 0x000000079c200000, 0x000000079c300000|  0%| F|  |TAMS 0x000000079c200000| PB 0x000000079c200000| Untracked 
| 451|0x000000079c300000, 0x000000079c300000, 0x000000079c400000|  0%| F|  |TAMS 0x000000079c300000| PB 0x000000079c300000| Untracked 
| 452|0x000000079c400000, 0x000000079c400000, 0x000000079c500000|  0%| F|  |TAMS 0x000000079c400000| PB 0x000000079c400000| Untracked 
| 453|0x000000079c500000, 0x000000079c500000, 0x000000079c600000|  0%| F|  |TAMS 0x000000079c500000| PB 0x000000079c500000| Untracked 
| 454|0x000000079c600000, 0x000000079c600000, 0x000000079c700000|  0%| F|  |TAMS 0x000000079c600000| PB 0x000000079c600000| Untracked 
| 455|0x000000079c700000, 0x000000079c700000, 0x000000079c800000|  0%| F|  |TAMS 0x000000079c700000| PB 0x000000079c700000| Untracked 
| 456|0x000000079c800000, 0x000000079c800000, 0x000000079c900000|  0%| F|  |TAMS 0x000000079c800000| PB 0x000000079c800000| Untracked 
| 457|0x000000079c900000, 0x000000079c900000, 0x000000079ca00000|  0%| F|  |TAMS 0x000000079c900000| PB 0x000000079c900000| Untracked 
| 458|0x000000079ca00000, 0x000000079ca00000, 0x000000079cb00000|  0%| F|  |TAMS 0x000000079ca00000| PB 0x000000079ca00000| Untracked 
| 459|0x000000079cb00000, 0x000000079cc00000, 0x000000079cc00000|100%| O|  |TAMS 0x000000079cb00000| PB 0x000000079cb00000| Complete 
| 460|0x000000079cc00000, 0x000000079cd00000, 0x000000079cd00000|100%| O|  |TAMS 0x000000079cc00000| PB 0x000000079cc00000| Complete 
| 461|0x000000079cd00000, 0x000000079ce00000, 0x000000079ce00000|100%| O|  |TAMS 0x000000079cd00000| PB 0x000000079cd00000| Untracked 
| 462|0x000000079ce00000, 0x000000079cf00000, 0x000000079cf00000|100%|HS|  |TAMS 0x000000079ce00000| PB 0x000000079ce00000| Complete 
| 463|0x000000079cf00000, 0x000000079d000000, 0x000000079d000000|100%| O|  |TAMS 0x000000079cf00000| PB 0x000000079cf00000| Complete 
| 464|0x000000079d000000, 0x000000079d100000, 0x000000079d100000|100%| O|  |TAMS 0x000000079d000000| PB 0x000000079d000000| Untracked 
| 465|0x000000079d100000, 0x000000079d100000, 0x000000079d200000|  0%| F|  |TAMS 0x000000079d100000| PB 0x000000079d100000| Untracked 
| 466|0x000000079d200000, 0x000000079d300000, 0x000000079d300000|100%| O|  |TAMS 0x000000079d200000| PB 0x000000079d200000| Untracked 
| 467|0x000000079d300000, 0x000000079d300000, 0x000000079d400000|  0%| F|  |TAMS 0x000000079d300000| PB 0x000000079d300000| Untracked 
| 468|0x000000079d400000, 0x000000079d500000, 0x000000079d500000|100%| O|  |TAMS 0x000000079d400000| PB 0x000000079d400000| Untracked 
| 469|0x000000079d500000, 0x000000079d600000, 0x000000079d600000|100%| O|  |TAMS 0x000000079d500000| PB 0x000000079d500000| Complete 
| 470|0x000000079d600000, 0x000000079d700000, 0x000000079d700000|100%| O|  |TAMS 0x000000079d600000| PB 0x000000079d600000| Complete 
| 471|0x000000079d700000, 0x000000079d700000, 0x000000079d800000|  0%| F|  |TAMS 0x000000079d700000| PB 0x000000079d700000| Untracked 
| 472|0x000000079d800000, 0x000000079d900000, 0x000000079d900000|100%| O|  |TAMS 0x000000079d800000| PB 0x000000079d800000| Complete 
| 473|0x000000079d900000, 0x000000079da00000, 0x000000079da00000|100%| O|  |TAMS 0x000000079d900000| PB 0x000000079d900000| Complete 
| 474|0x000000079da00000, 0x000000079db00000, 0x000000079db00000|100%| O|  |TAMS 0x000000079da00000| PB 0x000000079da00000| Complete 
| 475|0x000000079db00000, 0x000000079dc00000, 0x000000079dc00000|100%|HS|  |TAMS 0x000000079db00000| PB 0x000000079db00000| Complete 
| 476|0x000000079dc00000, 0x000000079dd00000, 0x000000079dd00000|100%| O|  |TAMS 0x000000079dc00000| PB 0x000000079dc00000| Complete 
| 477|0x000000079dd00000, 0x000000079de00000, 0x000000079de00000|100%| O|  |TAMS 0x000000079dd00000| PB 0x000000079dd00000| Complete 
| 478|0x000000079de00000, 0x000000079df00000, 0x000000079df00000|100%| O|  |TAMS 0x000000079de00000| PB 0x000000079de00000| Complete 
| 479|0x000000079df00000, 0x000000079e000000, 0x000000079e000000|100%|HS|  |TAMS 0x000000079df00000| PB 0x000000079df00000| Complete 
| 480|0x000000079e000000, 0x000000079e000000, 0x000000079e100000|  0%| F|  |TAMS 0x000000079e000000| PB 0x000000079e000000| Untracked 
| 481|0x000000079e100000, 0x000000079e100000, 0x000000079e200000|  0%| F|  |TAMS 0x000000079e100000| PB 0x000000079e100000| Untracked 
| 482|0x000000079e200000, 0x000000079e200000, 0x000000079e300000|  0%| F|  |TAMS 0x000000079e200000| PB 0x000000079e200000| Untracked 
| 483|0x000000079e300000, 0x000000079e300000, 0x000000079e400000|  0%| F|  |TAMS 0x000000079e300000| PB 0x000000079e300000| Untracked 
| 484|0x000000079e400000, 0x000000079e400000, 0x000000079e500000|  0%| F|  |TAMS 0x000000079e400000| PB 0x000000079e400000| Untracked 
| 485|0x000000079e500000, 0x000000079e600000, 0x000000079e600000|100%| O|  |TAMS 0x000000079e500000| PB 0x000000079e500000| Complete 
| 486|0x000000079e600000, 0x000000079e700000, 0x000000079e700000|100%| O|  |TAMS 0x000000079e600000| PB 0x000000079e600000| Untracked 
| 487|0x000000079e700000, 0x000000079e800000, 0x000000079e800000|100%| O|  |TAMS 0x000000079e700000| PB 0x000000079e700000| Untracked 
| 488|0x000000079e800000, 0x000000079e900000, 0x000000079e900000|100%| O|  |TAMS 0x000000079e800000| PB 0x000000079e800000| Complete 
| 489|0x000000079e900000, 0x000000079ea00000, 0x000000079ea00000|100%| O|  |TAMS 0x000000079e900000| PB 0x000000079e900000| Untracked 
| 490|0x000000079ea00000, 0x000000079eb00000, 0x000000079eb00000|100%| O|  |TAMS 0x000000079ea00000| PB 0x000000079ea00000| Complete 
| 491|0x000000079eb00000, 0x000000079eb00000, 0x000000079ec00000|  0%| F|  |TAMS 0x000000079eb00000| PB 0x000000079eb00000| Untracked 
| 492|0x000000079ec00000, 0x000000079ed00000, 0x000000079ed00000|100%| O|  |TAMS 0x000000079ec00000| PB 0x000000079ec00000| Untracked 
| 493|0x000000079ed00000, 0x000000079ee00000, 0x000000079ee00000|100%| O|  |TAMS 0x000000079ed00000| PB 0x000000079ed00000| Complete 
| 494|0x000000079ee00000, 0x000000079ef00000, 0x000000079ef00000|100%| O|  |TAMS 0x000000079ee00000| PB 0x000000079ee00000| Complete 
| 495|0x000000079ef00000, 0x000000079f000000, 0x000000079f000000|100%| O|  |TAMS 0x000000079ef00000| PB 0x000000079ef00000| Untracked 
| 496|0x000000079f000000, 0x000000079f100000, 0x000000079f100000|100%| O|  |TAMS 0x000000079f000000| PB 0x000000079f000000| Complete 
| 497|0x000000079f100000, 0x000000079f200000, 0x000000079f200000|100%| O|  |TAMS 0x000000079f100000| PB 0x000000079f100000| Complete 
| 498|0x000000079f200000, 0x000000079f300000, 0x000000079f300000|100%| O|  |TAMS 0x000000079f200000| PB 0x000000079f200000| Complete 
| 499|0x000000079f300000, 0x000000079f400000, 0x000000079f400000|100%| O|  |TAMS 0x000000079f300000| PB 0x000000079f300000| Complete 
| 500|0x000000079f400000, 0x000000079f500000, 0x000000079f500000|100%| O|  |TAMS 0x000000079f400000| PB 0x000000079f400000| Complete 
| 501|0x000000079f500000, 0x000000079f600000, 0x000000079f600000|100%| O|  |TAMS 0x000000079f500000| PB 0x000000079f500000| Complete 
| 502|0x000000079f600000, 0x000000079f700000, 0x000000079f700000|100%| O|  |TAMS 0x000000079f600000| PB 0x000000079f600000| Complete 
| 503|0x000000079f700000, 0x000000079f800000, 0x000000079f800000|100%|HS|  |TAMS 0x000000079f700000| PB 0x000000079f700000| Complete 
| 504|0x000000079f800000, 0x000000079f8fedd8, 0x000000079f900000| 99%| O|  |TAMS 0x000000079f800000| PB 0x000000079f800000| Untracked 
| 505|0x000000079f900000, 0x000000079fa00000, 0x000000079fa00000|100%| O|  |TAMS 0x000000079f900000| PB 0x000000079f900000| Untracked 
| 506|0x000000079fa00000, 0x000000079fb00000, 0x000000079fb00000|100%| O|  |TAMS 0x000000079fa00000| PB 0x000000079fa00000| Complete 
| 507|0x000000079fb00000, 0x000000079fc00000, 0x000000079fc00000|100%| O|  |TAMS 0x000000079fb00000| PB 0x000000079fb00000| Untracked 
| 508|0x000000079fc00000, 0x000000079fd00000, 0x000000079fd00000|100%| O|  |TAMS 0x000000079fc00000| PB 0x000000079fc00000| Complete 
| 509|0x000000079fd00000, 0x000000079fe00000, 0x000000079fe00000|100%| O|  |TAMS 0x000000079fd00000| PB 0x000000079fd00000| Untracked 
| 510|0x000000079fe00000, 0x000000079ff00000, 0x000000079ff00000|100%| O|  |TAMS 0x000000079fe00000| PB 0x000000079fe00000| Complete 
| 511|0x000000079ff00000, 0x00000007a0000000, 0x00000007a0000000|100%| O|  |TAMS 0x000000079ff00000| PB 0x000000079ff00000| Complete 
| 512|0x00000007a0000000, 0x00000007a0100000, 0x00000007a0100000|100%| O|  |TAMS 0x00000007a0000000| PB 0x00000007a0000000| Complete 
| 513|0x00000007a0100000, 0x00000007a0200000, 0x00000007a0200000|100%| O|  |TAMS 0x00000007a0100000| PB 0x00000007a0100000| Complete 
| 514|0x00000007a0200000, 0x00000007a0300000, 0x00000007a0300000|100%| O|  |TAMS 0x00000007a0200000| PB 0x00000007a0200000| Untracked 
| 515|0x00000007a0300000, 0x00000007a0400000, 0x00000007a0400000|100%| O|  |TAMS 0x00000007a0300000| PB 0x00000007a0300000| Complete 
| 516|0x00000007a0400000, 0x00000007a0500000, 0x00000007a0500000|100%| O|  |TAMS 0x00000007a0400000| PB 0x00000007a0400000| Untracked 
| 517|0x00000007a0500000, 0x00000007a0600000, 0x00000007a0600000|100%| O|  |TAMS 0x00000007a0500000| PB 0x00000007a0500000| Untracked 
| 518|0x00000007a0600000, 0x00000007a0700000, 0x00000007a0700000|100%| O|  |TAMS 0x00000007a0600000| PB 0x00000007a0600000| Complete 
| 519|0x00000007a0700000, 0x00000007a0800000, 0x00000007a0800000|100%| O|  |TAMS 0x00000007a0700000| PB 0x00000007a0700000| Complete 
| 520|0x00000007a0800000, 0x00000007a0900000, 0x00000007a0900000|100%| O|  |TAMS 0x00000007a0800000| PB 0x00000007a0800000| Complete 
| 521|0x00000007a0900000, 0x00000007a0900000, 0x00000007a0a00000|  0%| F|  |TAMS 0x00000007a0900000| PB 0x00000007a0900000| Untracked 
| 522|0x00000007a0a00000, 0x00000007a0a00000, 0x00000007a0b00000|  0%| F|  |TAMS 0x00000007a0a00000| PB 0x00000007a0a00000| Untracked 
| 523|0x00000007a0b00000, 0x00000007a0c00000, 0x00000007a0c00000|100%| O|  |TAMS 0x00000007a0b00000| PB 0x00000007a0b00000| Untracked 
| 524|0x00000007a0c00000, 0x00000007a0d00000, 0x00000007a0d00000|100%|HS|  |TAMS 0x00000007a0c00000| PB 0x00000007a0c00000| Complete 
| 525|0x00000007a0d00000, 0x00000007a0e00000, 0x00000007a0e00000|100%| O|  |TAMS 0x00000007a0d00000| PB 0x00000007a0d00000| Complete 
| 526|0x00000007a0e00000, 0x00000007a0f00000, 0x00000007a0f00000|100%| O|  |TAMS 0x00000007a0e00000| PB 0x00000007a0e00000| Untracked 
| 527|0x00000007a0f00000, 0x00000007a1000000, 0x00000007a1000000|100%| O|  |TAMS 0x00000007a0f00000| PB 0x00000007a0f00000| Complete 
| 528|0x00000007a1000000, 0x00000007a1100000, 0x00000007a1100000|100%| O|  |TAMS 0x00000007a1000000| PB 0x00000007a1000000| Complete 
| 529|0x00000007a1100000, 0x00000007a1200000, 0x00000007a1200000|100%| O|  |TAMS 0x00000007a1100000| PB 0x00000007a1100000| Complete 
| 530|0x00000007a1200000, 0x00000007a1300000, 0x00000007a1300000|100%| O|  |TAMS 0x00000007a1200000| PB 0x00000007a1200000| Complete 
| 531|0x00000007a1300000, 0x00000007a1400000, 0x00000007a1400000|100%| O|  |TAMS 0x00000007a1300000| PB 0x00000007a1300000| Untracked 
| 532|0x00000007a1400000, 0x00000007a1500000, 0x00000007a1500000|100%| O|  |TAMS 0x00000007a1400000| PB 0x00000007a1400000| Complete 
| 533|0x00000007a1500000, 0x00000007a1600000, 0x00000007a1600000|100%| O|  |TAMS 0x00000007a1500000| PB 0x00000007a1500000| Untracked 
| 534|0x00000007a1600000, 0x00000007a1700000, 0x00000007a1700000|100%| O|  |TAMS 0x00000007a1600000| PB 0x00000007a1600000| Untracked 
| 535|0x00000007a1700000, 0x00000007a1800000, 0x00000007a1800000|100%| O|  |TAMS 0x00000007a1700000| PB 0x00000007a1700000| Complete 
| 536|0x00000007a1800000, 0x00000007a1800000, 0x00000007a1900000|  0%| F|  |TAMS 0x00000007a1800000| PB 0x00000007a1800000| Untracked 
| 537|0x00000007a1900000, 0x00000007a1a00000, 0x00000007a1a00000|100%| O|  |TAMS 0x00000007a1900000| PB 0x00000007a1900000| Complete 
| 538|0x00000007a1a00000, 0x00000007a1b00000, 0x00000007a1b00000|100%| O|  |TAMS 0x00000007a1a00000| PB 0x00000007a1a00000| Complete 
| 539|0x00000007a1b00000, 0x00000007a1c00000, 0x00000007a1c00000|100%|HS|  |TAMS 0x00000007a1b00000| PB 0x00000007a1b00000| Complete 
| 540|0x00000007a1c00000, 0x00000007a1c00000, 0x00000007a1d00000|  0%| F|  |TAMS 0x00000007a1c00000| PB 0x00000007a1c00000| Untracked 
| 541|0x00000007a1d00000, 0x00000007a1d00000, 0x00000007a1e00000|  0%| F|  |TAMS 0x00000007a1d00000| PB 0x00000007a1d00000| Untracked 
| 542|0x00000007a1e00000, 0x00000007a1e00000, 0x00000007a1f00000|  0%| F|  |TAMS 0x00000007a1e00000| PB 0x00000007a1e00000| Untracked 
| 543|0x00000007a1f00000, 0x00000007a1f00000, 0x00000007a2000000|  0%| F|  |TAMS 0x00000007a1f00000| PB 0x00000007a1f00000| Untracked 
| 544|0x00000007a2000000, 0x00000007a2100000, 0x00000007a2100000|100%| O|  |TAMS 0x00000007a2000000| PB 0x00000007a2000000| Complete 
| 545|0x00000007a2100000, 0x00000007a2200000, 0x00000007a2200000|100%| O|  |TAMS 0x00000007a2100000| PB 0x00000007a2100000| Complete 
| 546|0x00000007a2200000, 0x00000007a2300000, 0x00000007a2300000|100%| O|  |TAMS 0x00000007a2200000| PB 0x00000007a2200000| Complete 
| 547|0x00000007a2300000, 0x00000007a2300000, 0x00000007a2400000|  0%| F|  |TAMS 0x00000007a2300000| PB 0x00000007a2300000| Untracked 
| 548|0x00000007a2400000, 0x00000007a2400000, 0x00000007a2500000|  0%| F|  |TAMS 0x00000007a2400000| PB 0x00000007a2400000| Untracked 
| 549|0x00000007a2500000, 0x00000007a2600000, 0x00000007a2600000|100%| O|  |TAMS 0x00000007a2500000| PB 0x00000007a2500000| Complete 
| 550|0x00000007a2600000, 0x00000007a2700000, 0x00000007a2700000|100%| O|  |TAMS 0x00000007a2600000| PB 0x00000007a2600000| Complete 
| 551|0x00000007a2700000, 0x00000007a2800000, 0x00000007a2800000|100%| O|  |TAMS 0x00000007a2700000| PB 0x00000007a2700000| Complete 
| 552|0x00000007a2800000, 0x00000007a2900000, 0x00000007a2900000|100%| O|  |TAMS 0x00000007a2800000| PB 0x00000007a2800000| Complete 
| 553|0x00000007a2900000, 0x00000007a2a00000, 0x00000007a2a00000|100%| O|  |TAMS 0x00000007a2900000| PB 0x00000007a2900000| Complete 
| 554|0x00000007a2a00000, 0x00000007a2b00000, 0x00000007a2b00000|100%| O|  |TAMS 0x00000007a2a00000| PB 0x00000007a2a00000| Complete 
| 555|0x00000007a2b00000, 0x00000007a2b00000, 0x00000007a2c00000|  0%| F|  |TAMS 0x00000007a2b00000| PB 0x00000007a2b00000| Untracked 
| 556|0x00000007a2c00000, 0x00000007a2c00000, 0x00000007a2d00000|  0%| F|  |TAMS 0x00000007a2c00000| PB 0x00000007a2c00000| Untracked 
| 557|0x00000007a2d00000, 0x00000007a2d00000, 0x00000007a2e00000|  0%| F|  |TAMS 0x00000007a2d00000| PB 0x00000007a2d00000| Untracked 
| 558|0x00000007a2e00000, 0x00000007a2e00000, 0x00000007a2f00000|  0%| F|  |TAMS 0x00000007a2e00000| PB 0x00000007a2e00000| Untracked 
| 559|0x00000007a2f00000, 0x00000007a2f00000, 0x00000007a3000000|  0%| F|  |TAMS 0x00000007a2f00000| PB 0x00000007a2f00000| Untracked 
| 560|0x00000007a3000000, 0x00000007a3000000, 0x00000007a3100000|  0%| F|  |TAMS 0x00000007a3000000| PB 0x00000007a3000000| Untracked 
| 561|0x00000007a3100000, 0x00000007a3200000, 0x00000007a3200000|100%|HS|  |TAMS 0x00000007a3100000| PB 0x00000007a3100000| Complete 
| 562|0x00000007a3200000, 0x00000007a3300000, 0x00000007a3300000|100%|HC|  |TAMS 0x00000007a3200000| PB 0x00000007a3200000| Complete 
| 563|0x00000007a3300000, 0x00000007a3400000, 0x00000007a3400000|100%| O|  |TAMS 0x00000007a3300000| PB 0x00000007a3300000| Complete 
| 564|0x00000007a3400000, 0x00000007a3500000, 0x00000007a3500000|100%| O|  |TAMS 0x00000007a3400000| PB 0x00000007a3400000| Untracked 
| 565|0x00000007a3500000, 0x00000007a3500000, 0x00000007a3600000|  0%| F|  |TAMS 0x00000007a3500000| PB 0x00000007a3500000| Untracked 
| 566|0x00000007a3600000, 0x00000007a3700000, 0x00000007a3700000|100%|HS|  |TAMS 0x00000007a3600000| PB 0x00000007a3600000| Complete 
| 567|0x00000007a3700000, 0x00000007a3800000, 0x00000007a3800000|100%|HC|  |TAMS 0x00000007a3700000| PB 0x00000007a3700000| Complete 
| 568|0x00000007a3800000, 0x00000007a3900000, 0x00000007a3900000|100%| O|  |TAMS 0x00000007a3800000| PB 0x00000007a3800000| Complete 
| 569|0x00000007a3900000, 0x00000007a3a00000, 0x00000007a3a00000|100%| O|  |TAMS 0x00000007a3900000| PB 0x00000007a3900000| Complete 
| 570|0x00000007a3a00000, 0x00000007a3b00000, 0x00000007a3b00000|100%| O|  |TAMS 0x00000007a3a00000| PB 0x00000007a3a00000| Complete 
| 571|0x00000007a3b00000, 0x00000007a3c00000, 0x00000007a3c00000|100%| O|  |TAMS 0x00000007a3b00000| PB 0x00000007a3b00000| Complete 
| 572|0x00000007a3c00000, 0x00000007a3d00000, 0x00000007a3d00000|100%| O|  |TAMS 0x00000007a3c00000| PB 0x00000007a3c00000| Complete 
| 573|0x00000007a3d00000, 0x00000007a3e00000, 0x00000007a3e00000|100%| O|  |TAMS 0x00000007a3d00000| PB 0x00000007a3d00000| Complete 
| 574|0x00000007a3e00000, 0x00000007a3f00000, 0x00000007a3f00000|100%| O|  |TAMS 0x00000007a3e00000| PB 0x00000007a3e00000| Untracked 
| 575|0x00000007a3f00000, 0x00000007a4000000, 0x00000007a4000000|100%|HS|  |TAMS 0x00000007a3f00000| PB 0x00000007a3f00000| Complete 
| 576|0x00000007a4000000, 0x00000007a4100000, 0x00000007a4100000|100%|HC|  |TAMS 0x00000007a4000000| PB 0x00000007a4000000| Complete 
| 577|0x00000007a4100000, 0x00000007a4200000, 0x00000007a4200000|100%|HS|  |TAMS 0x00000007a4100000| PB 0x00000007a4100000| Complete 
| 578|0x00000007a4200000, 0x00000007a4300000, 0x00000007a4300000|100%|HC|  |TAMS 0x00000007a4200000| PB 0x00000007a4200000| Complete 
| 579|0x00000007a4300000, 0x00000007a4400000, 0x00000007a4400000|100%|HC|  |TAMS 0x00000007a4300000| PB 0x00000007a4300000| Complete 
| 580|0x00000007a4400000, 0x00000007a4500000, 0x00000007a4500000|100%|HC|  |TAMS 0x00000007a4400000| PB 0x00000007a4400000| Complete 
| 581|0x00000007a4500000, 0x00000007a4600000, 0x00000007a4600000|100%|HC|  |TAMS 0x00000007a4500000| PB 0x00000007a4500000| Complete 
| 582|0x00000007a4600000, 0x00000007a4700000, 0x00000007a4700000|100%|HC|  |TAMS 0x00000007a4600000| PB 0x00000007a4600000| Complete 
| 583|0x00000007a4700000, 0x00000007a4800000, 0x00000007a4800000|100%|HC|  |TAMS 0x00000007a4700000| PB 0x00000007a4700000| Complete 
| 584|0x00000007a4800000, 0x00000007a4900000, 0x00000007a4900000|100%| O|  |TAMS 0x00000007a4800000| PB 0x00000007a4800000| Complete 
| 585|0x00000007a4900000, 0x00000007a4a00000, 0x00000007a4a00000|100%| O|  |TAMS 0x00000007a4900000| PB 0x00000007a4900000| Complete 
| 586|0x00000007a4a00000, 0x00000007a4b00000, 0x00000007a4b00000|100%| O|  |TAMS 0x00000007a4a00000| PB 0x00000007a4a00000| Complete 
| 587|0x00000007a4b00000, 0x00000007a4b00000, 0x00000007a4c00000|  0%| F|  |TAMS 0x00000007a4b00000| PB 0x00000007a4b00000| Untracked 
| 588|0x00000007a4c00000, 0x00000007a4c00000, 0x00000007a4d00000|  0%| F|  |TAMS 0x00000007a4c00000| PB 0x00000007a4c00000| Untracked 
| 589|0x00000007a4d00000, 0x00000007a4d00000, 0x00000007a4e00000|  0%| F|  |TAMS 0x00000007a4d00000| PB 0x00000007a4d00000| Untracked 
| 590|0x00000007a4e00000, 0x00000007a4e00000, 0x00000007a4f00000|  0%| F|  |TAMS 0x00000007a4e00000| PB 0x00000007a4e00000| Untracked 
| 591|0x00000007a4f00000, 0x00000007a4f00000, 0x00000007a5000000|  0%| F|  |TAMS 0x00000007a4f00000| PB 0x00000007a4f00000| Untracked 
| 592|0x00000007a5000000, 0x00000007a5000000, 0x00000007a5100000|  0%| F|  |TAMS 0x00000007a5000000| PB 0x00000007a5000000| Untracked 
| 593|0x00000007a5100000, 0x00000007a5100000, 0x00000007a5200000|  0%| F|  |TAMS 0x00000007a5100000| PB 0x00000007a5100000| Untracked 
| 594|0x00000007a5200000, 0x00000007a5200000, 0x00000007a5300000|  0%| F|  |TAMS 0x00000007a5200000| PB 0x00000007a5200000| Untracked 
| 595|0x00000007a5300000, 0x00000007a5300000, 0x00000007a5400000|  0%| F|  |TAMS 0x00000007a5300000| PB 0x00000007a5300000| Untracked 
| 596|0x00000007a5400000, 0x00000007a5500000, 0x00000007a5500000|100%| O|  |TAMS 0x00000007a5400000| PB 0x00000007a5400000| Complete 
| 597|0x00000007a5500000, 0x00000007a5500000, 0x00000007a5600000|  0%| F|  |TAMS 0x00000007a5500000| PB 0x00000007a5500000| Untracked 
| 598|0x00000007a5600000, 0x00000007a5600000, 0x00000007a5700000|  0%| F|  |TAMS 0x00000007a5600000| PB 0x00000007a5600000| Untracked 
| 599|0x00000007a5700000, 0x00000007a5700000, 0x00000007a5800000|  0%| F|  |TAMS 0x00000007a5700000| PB 0x00000007a5700000| Untracked 
| 600|0x00000007a5800000, 0x00000007a5800000, 0x00000007a5900000|  0%| F|  |TAMS 0x00000007a5800000| PB 0x00000007a5800000| Untracked 
| 601|0x00000007a5900000, 0x00000007a5900000, 0x00000007a5a00000|  0%| F|  |TAMS 0x00000007a5900000| PB 0x00000007a5900000| Untracked 
| 602|0x00000007a5a00000, 0x00000007a5b00000, 0x00000007a5b00000|100%| O|  |TAMS 0x00000007a5a00000| PB 0x00000007a5a00000| Untracked 
| 603|0x00000007a5b00000, 0x00000007a5c00000, 0x00000007a5c00000|100%| O|  |TAMS 0x00000007a5b00000| PB 0x00000007a5b00000| Untracked 
| 604|0x00000007a5c00000, 0x00000007a5d00000, 0x00000007a5d00000|100%| O|  |TAMS 0x00000007a5c00000| PB 0x00000007a5c00000| Untracked 
| 605|0x00000007a5d00000, 0x00000007a5e00000, 0x00000007a5e00000|100%| O|  |TAMS 0x00000007a5d00000| PB 0x00000007a5d00000| Untracked 
| 606|0x00000007a5e00000, 0x00000007a5e00000, 0x00000007a5f00000|  0%| F|  |TAMS 0x00000007a5e00000| PB 0x00000007a5e00000| Untracked 
| 607|0x00000007a5f00000, 0x00000007a5f00000, 0x00000007a6000000|  0%| F|  |TAMS 0x00000007a5f00000| PB 0x00000007a5f00000| Untracked 
| 608|0x00000007a6000000, 0x00000007a6000000, 0x00000007a6100000|  0%| F|  |TAMS 0x00000007a6000000| PB 0x00000007a6000000| Untracked 
| 609|0x00000007a6100000, 0x00000007a6100000, 0x00000007a6200000|  0%| F|  |TAMS 0x00000007a6100000| PB 0x00000007a6100000| Untracked 
| 610|0x00000007a6200000, 0x00000007a6200000, 0x00000007a6300000|  0%| F|  |TAMS 0x00000007a6200000| PB 0x00000007a6200000| Untracked 
| 611|0x00000007a6300000, 0x00000007a6300000, 0x00000007a6400000|  0%| F|  |TAMS 0x00000007a6300000| PB 0x00000007a6300000| Untracked 
| 612|0x00000007a6400000, 0x00000007a6400000, 0x00000007a6500000|  0%| F|  |TAMS 0x00000007a6400000| PB 0x00000007a6400000| Untracked 
| 613|0x00000007a6500000, 0x00000007a6500000, 0x00000007a6600000|  0%| F|  |TAMS 0x00000007a6500000| PB 0x00000007a6500000| Untracked 
| 614|0x00000007a6600000, 0x00000007a6600000, 0x00000007a6700000|  0%| F|  |TAMS 0x00000007a6600000| PB 0x00000007a6600000| Untracked 
| 615|0x00000007a6700000, 0x00000007a6700000, 0x00000007a6800000|  0%| F|  |TAMS 0x00000007a6700000| PB 0x00000007a6700000| Untracked 
| 616|0x00000007a6800000, 0x00000007a6800000, 0x00000007a6900000|  0%| F|  |TAMS 0x00000007a6800000| PB 0x00000007a6800000| Untracked 
| 617|0x00000007a6900000, 0x00000007a6900000, 0x00000007a6a00000|  0%| F|  |TAMS 0x00000007a6900000| PB 0x00000007a6900000| Untracked 
| 618|0x00000007a6a00000, 0x00000007a6a00000, 0x00000007a6b00000|  0%| F|  |TAMS 0x00000007a6a00000| PB 0x00000007a6a00000| Untracked 
| 619|0x00000007a6b00000, 0x00000007a6b00000, 0x00000007a6c00000|  0%| F|  |TAMS 0x00000007a6b00000| PB 0x00000007a6b00000| Untracked 
| 620|0x00000007a6c00000, 0x00000007a6c00000, 0x00000007a6d00000|  0%| F|  |TAMS 0x00000007a6c00000| PB 0x00000007a6c00000| Untracked 
| 621|0x00000007a6d00000, 0x00000007a6e00000, 0x00000007a6e00000|100%|HS|  |TAMS 0x00000007a6d00000| PB 0x00000007a6d00000| Complete 
| 622|0x00000007a6e00000, 0x00000007a6e00000, 0x00000007a6f00000|  0%| F|  |TAMS 0x00000007a6e00000| PB 0x00000007a6e00000| Untracked 
| 623|0x00000007a6f00000, 0x00000007a7000000, 0x00000007a7000000|100%| O|  |TAMS 0x00000007a6f00000| PB 0x00000007a6f00000| Complete 
| 624|0x00000007a7000000, 0x00000007a7000000, 0x00000007a7100000|  0%| F|  |TAMS 0x00000007a7000000| PB 0x00000007a7000000| Untracked 
| 625|0x00000007a7100000, 0x00000007a7100000, 0x00000007a7200000|  0%| F|  |TAMS 0x00000007a7100000| PB 0x00000007a7100000| Untracked 
| 626|0x00000007a7200000, 0x00000007a7200000, 0x00000007a7300000|  0%| F|  |TAMS 0x00000007a7200000| PB 0x00000007a7200000| Untracked 
| 627|0x00000007a7300000, 0x00000007a7300000, 0x00000007a7400000|  0%| F|  |TAMS 0x00000007a7300000| PB 0x00000007a7300000| Untracked 
| 628|0x00000007a7400000, 0x00000007a7400000, 0x00000007a7500000|  0%| F|  |TAMS 0x00000007a7400000| PB 0x00000007a7400000| Untracked 
| 629|0x00000007a7500000, 0x00000007a7500000, 0x00000007a7600000|  0%| F|  |TAMS 0x00000007a7500000| PB 0x00000007a7500000| Untracked 
| 630|0x00000007a7600000, 0x00000007a7600000, 0x00000007a7700000|  0%| F|  |TAMS 0x00000007a7600000| PB 0x00000007a7600000| Untracked 
| 631|0x00000007a7700000, 0x00000007a7700000, 0x00000007a7800000|  0%| F|  |TAMS 0x00000007a7700000| PB 0x00000007a7700000| Untracked 
| 632|0x00000007a7800000, 0x00000007a7800000, 0x00000007a7900000|  0%| F|  |TAMS 0x00000007a7800000| PB 0x00000007a7800000| Untracked 
| 633|0x00000007a7900000, 0x00000007a7900000, 0x00000007a7a00000|  0%| F|  |TAMS 0x00000007a7900000| PB 0x00000007a7900000| Untracked 
| 634|0x00000007a7a00000, 0x00000007a7a00000, 0x00000007a7b00000|  0%| F|  |TAMS 0x00000007a7a00000| PB 0x00000007a7a00000| Untracked 
| 635|0x00000007a7b00000, 0x00000007a7b00000, 0x00000007a7c00000|  0%| F|  |TAMS 0x00000007a7b00000| PB 0x00000007a7b00000| Untracked 
| 636|0x00000007a7c00000, 0x00000007a7c00000, 0x00000007a7d00000|  0%| F|  |TAMS 0x00000007a7c00000| PB 0x00000007a7c00000| Untracked 
| 637|0x00000007a7d00000, 0x00000007a7d00000, 0x00000007a7e00000|  0%| F|  |TAMS 0x00000007a7d00000| PB 0x00000007a7d00000| Untracked 
| 638|0x00000007a7e00000, 0x00000007a7e00000, 0x00000007a7f00000|  0%| F|  |TAMS 0x00000007a7e00000| PB 0x00000007a7e00000| Untracked 
| 639|0x00000007a7f00000, 0x00000007a7f00000, 0x00000007a8000000|  0%| F|  |TAMS 0x00000007a7f00000| PB 0x00000007a7f00000| Untracked 
| 640|0x00000007a8000000, 0x00000007a8000000, 0x00000007a8100000|  0%| F|  |TAMS 0x00000007a8000000| PB 0x00000007a8000000| Untracked 
| 641|0x00000007a8100000, 0x00000007a8100000, 0x00000007a8200000|  0%| F|  |TAMS 0x00000007a8100000| PB 0x00000007a8100000| Untracked 
| 642|0x00000007a8200000, 0x00000007a8200000, 0x00000007a8300000|  0%| F|  |TAMS 0x00000007a8200000| PB 0x00000007a8200000| Untracked 
| 643|0x00000007a8300000, 0x00000007a8300000, 0x00000007a8400000|  0%| F|  |TAMS 0x00000007a8300000| PB 0x00000007a8300000| Untracked 
| 644|0x00000007a8400000, 0x00000007a8400000, 0x00000007a8500000|  0%| F|  |TAMS 0x00000007a8400000| PB 0x00000007a8400000| Untracked 
| 645|0x00000007a8500000, 0x00000007a8500000, 0x00000007a8600000|  0%| F|  |TAMS 0x00000007a8500000| PB 0x00000007a8500000| Untracked 
| 646|0x00000007a8600000, 0x00000007a8600000, 0x00000007a8700000|  0%| F|  |TAMS 0x00000007a8600000| PB 0x00000007a8600000| Untracked 
| 647|0x00000007a8700000, 0x00000007a8700000, 0x00000007a8800000|  0%| F|  |TAMS 0x00000007a8700000| PB 0x00000007a8700000| Untracked 
| 648|0x00000007a8800000, 0x00000007a8800000, 0x00000007a8900000|  0%| F|  |TAMS 0x00000007a8800000| PB 0x00000007a8800000| Untracked 
| 649|0x00000007a8900000, 0x00000007a8a00000, 0x00000007a8a00000|100%| O|  |TAMS 0x00000007a8900000| PB 0x00000007a8900000| Complete 
| 650|0x00000007a8a00000, 0x00000007a8b00000, 0x00000007a8b00000|100%| O|  |TAMS 0x00000007a8a00000| PB 0x00000007a8a00000| Untracked 
| 651|0x00000007a8b00000, 0x00000007a8b00000, 0x00000007a8c00000|  0%| F|  |TAMS 0x00000007a8b00000| PB 0x00000007a8b00000| Untracked 
| 652|0x00000007a8c00000, 0x00000007a8c00000, 0x00000007a8d00000|  0%| F|  |TAMS 0x00000007a8c00000| PB 0x00000007a8c00000| Untracked 
| 653|0x00000007a8d00000, 0x00000007a8d00000, 0x00000007a8e00000|  0%| F|  |TAMS 0x00000007a8d00000| PB 0x00000007a8d00000| Untracked 
| 654|0x00000007a8e00000, 0x00000007a8e00000, 0x00000007a8f00000|  0%| F|  |TAMS 0x00000007a8e00000| PB 0x00000007a8e00000| Untracked 
| 655|0x00000007a8f00000, 0x00000007a8f00000, 0x00000007a9000000|  0%| F|  |TAMS 0x00000007a8f00000| PB 0x00000007a8f00000| Untracked 
| 656|0x00000007a9000000, 0x00000007a9100000, 0x00000007a9100000|100%| O|  |TAMS 0x00000007a9000000| PB 0x00000007a9000000| Untracked 
| 657|0x00000007a9100000, 0x00000007a9200000, 0x00000007a9200000|100%| O|  |TAMS 0x00000007a9100000| PB 0x00000007a9100000| Untracked 
| 658|0x00000007a9200000, 0x00000007a9300000, 0x00000007a9300000|100%| O|  |TAMS 0x00000007a9200000| PB 0x00000007a9200000| Complete 
| 659|0x00000007a9300000, 0x00000007a9300000, 0x00000007a9400000|  0%| F|  |TAMS 0x00000007a9300000| PB 0x00000007a9300000| Untracked 
| 660|0x00000007a9400000, 0x00000007a9500000, 0x00000007a9500000|100%| O|  |TAMS 0x00000007a9400000| PB 0x00000007a9400000| Untracked 
| 661|0x00000007a9500000, 0x00000007a9500000, 0x00000007a9600000|  0%| F|  |TAMS 0x00000007a9500000| PB 0x00000007a9500000| Untracked 
| 662|0x00000007a9600000, 0x00000007a9700000, 0x00000007a9700000|100%| O|  |TAMS 0x00000007a9600000| PB 0x00000007a9600000| Untracked 
| 663|0x00000007a9700000, 0x00000007a9700000, 0x00000007a9800000|  0%| F|  |TAMS 0x00000007a9700000| PB 0x00000007a9700000| Untracked 
| 664|0x00000007a9800000, 0x00000007a9800000, 0x00000007a9900000|  0%| F|  |TAMS 0x00000007a9800000| PB 0x00000007a9800000| Untracked 
| 665|0x00000007a9900000, 0x00000007a9900000, 0x00000007a9a00000|  0%| F|  |TAMS 0x00000007a9900000| PB 0x00000007a9900000| Untracked 
| 666|0x00000007a9a00000, 0x00000007a9a00000, 0x00000007a9b00000|  0%| F|  |TAMS 0x00000007a9a00000| PB 0x00000007a9a00000| Untracked 
| 667|0x00000007a9b00000, 0x00000007a9b00000, 0x00000007a9c00000|  0%| F|  |TAMS 0x00000007a9b00000| PB 0x00000007a9b00000| Untracked 
| 668|0x00000007a9c00000, 0x00000007a9c00000, 0x00000007a9d00000|  0%| F|  |TAMS 0x00000007a9c00000| PB 0x00000007a9c00000| Untracked 
| 669|0x00000007a9d00000, 0x00000007a9d00000, 0x00000007a9e00000|  0%| F|  |TAMS 0x00000007a9d00000| PB 0x00000007a9d00000| Untracked 
| 670|0x00000007a9e00000, 0x00000007a9e00000, 0x00000007a9f00000|  0%| F|  |TAMS 0x00000007a9e00000| PB 0x00000007a9e00000| Untracked 
| 671|0x00000007a9f00000, 0x00000007a9f00000, 0x00000007aa000000|  0%| F|  |TAMS 0x00000007a9f00000| PB 0x00000007a9f00000| Untracked 
| 672|0x00000007aa000000, 0x00000007aa000000, 0x00000007aa100000|  0%| F|  |TAMS 0x00000007aa000000| PB 0x00000007aa000000| Untracked 
| 673|0x00000007aa100000, 0x00000007aa100000, 0x00000007aa200000|  0%| F|  |TAMS 0x00000007aa100000| PB 0x00000007aa100000| Untracked 
| 674|0x00000007aa200000, 0x00000007aa200000, 0x00000007aa300000|  0%| F|  |TAMS 0x00000007aa200000| PB 0x00000007aa200000| Untracked 
| 675|0x00000007aa300000, 0x00000007aa300000, 0x00000007aa400000|  0%| F|  |TAMS 0x00000007aa300000| PB 0x00000007aa300000| Untracked 
| 676|0x00000007aa400000, 0x00000007aa400000, 0x00000007aa500000|  0%| F|  |TAMS 0x00000007aa400000| PB 0x00000007aa400000| Untracked 
| 677|0x00000007aa500000, 0x00000007aa500000, 0x00000007aa600000|  0%| F|  |TAMS 0x00000007aa500000| PB 0x00000007aa500000| Untracked 
| 678|0x00000007aa600000, 0x00000007aa600000, 0x00000007aa700000|  0%| F|  |TAMS 0x00000007aa600000| PB 0x00000007aa600000| Untracked 
| 679|0x00000007aa700000, 0x00000007aa700000, 0x00000007aa800000|  0%| F|  |TAMS 0x00000007aa700000| PB 0x00000007aa700000| Untracked 
| 680|0x00000007aa800000, 0x00000007aa800000, 0x00000007aa900000|  0%| F|  |TAMS 0x00000007aa800000| PB 0x00000007aa800000| Untracked 
| 681|0x00000007aa900000, 0x00000007aa900000, 0x00000007aaa00000|  0%| F|  |TAMS 0x00000007aa900000| PB 0x00000007aa900000| Untracked 
| 682|0x00000007aaa00000, 0x00000007aaa00000, 0x00000007aab00000|  0%| F|  |TAMS 0x00000007aaa00000| PB 0x00000007aaa00000| Untracked 
| 683|0x00000007aab00000, 0x00000007aab00000, 0x00000007aac00000|  0%| F|  |TAMS 0x00000007aab00000| PB 0x00000007aab00000| Untracked 
| 684|0x00000007aac00000, 0x00000007aac00000, 0x00000007aad00000|  0%| F|  |TAMS 0x00000007aac00000| PB 0x00000007aac00000| Untracked 
| 685|0x00000007aad00000, 0x00000007aad00000, 0x00000007aae00000|  0%| F|  |TAMS 0x00000007aad00000| PB 0x00000007aad00000| Untracked 
| 686|0x00000007aae00000, 0x00000007aae00000, 0x00000007aaf00000|  0%| F|  |TAMS 0x00000007aae00000| PB 0x00000007aae00000| Untracked 
| 687|0x00000007aaf00000, 0x00000007aaf00000, 0x00000007ab000000|  0%| F|  |TAMS 0x00000007aaf00000| PB 0x00000007aaf00000| Untracked 
| 688|0x00000007ab000000, 0x00000007ab000000, 0x00000007ab100000|  0%| F|  |TAMS 0x00000007ab000000| PB 0x00000007ab000000| Untracked 
| 689|0x00000007ab100000, 0x00000007ab100000, 0x00000007ab200000|  0%| F|  |TAMS 0x00000007ab100000| PB 0x00000007ab100000| Untracked 
| 690|0x00000007ab200000, 0x00000007ab200000, 0x00000007ab300000|  0%| F|  |TAMS 0x00000007ab200000| PB 0x00000007ab200000| Untracked 
| 691|0x00000007ab300000, 0x00000007ab300000, 0x00000007ab400000|  0%| F|  |TAMS 0x00000007ab300000| PB 0x00000007ab300000| Untracked 
| 692|0x00000007ab400000, 0x00000007ab400000, 0x00000007ab500000|  0%| F|  |TAMS 0x00000007ab400000| PB 0x00000007ab400000| Untracked 
| 693|0x00000007ab500000, 0x00000007ab600000, 0x00000007ab600000|100%| O|  |TAMS 0x00000007ab500000| PB 0x00000007ab500000| Complete 
| 694|0x00000007ab600000, 0x00000007ab600000, 0x00000007ab700000|  0%| F|  |TAMS 0x00000007ab600000| PB 0x00000007ab600000| Untracked 
| 695|0x00000007ab700000, 0x00000007ab700000, 0x00000007ab800000|  0%| F|  |TAMS 0x00000007ab700000| PB 0x00000007ab700000| Untracked 
| 696|0x00000007ab800000, 0x00000007ab800000, 0x00000007ab900000|  0%| F|  |TAMS 0x00000007ab800000| PB 0x00000007ab800000| Untracked 
| 697|0x00000007ab900000, 0x00000007ab900000, 0x00000007aba00000|  0%| F|  |TAMS 0x00000007ab900000| PB 0x00000007ab900000| Untracked 
| 698|0x00000007aba00000, 0x00000007aba00000, 0x00000007abb00000|  0%| F|  |TAMS 0x00000007aba00000| PB 0x00000007aba00000| Untracked 
| 699|0x00000007abb00000, 0x00000007abb00000, 0x00000007abc00000|  0%| F|  |TAMS 0x00000007abb00000| PB 0x00000007abb00000| Untracked 
| 700|0x00000007abc00000, 0x00000007abc00000, 0x00000007abd00000|  0%| F|  |TAMS 0x00000007abc00000| PB 0x00000007abc00000| Untracked 
| 701|0x00000007abd00000, 0x00000007abd00000, 0x00000007abe00000|  0%| F|  |TAMS 0x00000007abd00000| PB 0x00000007abd00000| Untracked 
| 702|0x00000007abe00000, 0x00000007abe00000, 0x00000007abf00000|  0%| F|  |TAMS 0x00000007abe00000| PB 0x00000007abe00000| Untracked 
| 703|0x00000007abf00000, 0x00000007ac000000, 0x00000007ac000000|100%| O|  |TAMS 0x00000007abf00000| PB 0x00000007abf00000| Untracked 
| 704|0x00000007ac000000, 0x00000007ac000000, 0x00000007ac100000|  0%| F|  |TAMS 0x00000007ac000000| PB 0x00000007ac000000| Untracked 
| 705|0x00000007ac100000, 0x00000007ac200000, 0x00000007ac200000|100%| O|  |TAMS 0x00000007ac100000| PB 0x00000007ac100000| Untracked 
| 706|0x00000007ac200000, 0x00000007ac300000, 0x00000007ac300000|100%| O|  |TAMS 0x00000007ac200000| PB 0x00000007ac200000| Untracked 
| 707|0x00000007ac300000, 0x00000007ac300000, 0x00000007ac400000|  0%| F|  |TAMS 0x00000007ac300000| PB 0x00000007ac300000| Untracked 
| 708|0x00000007ac400000, 0x00000007ac500000, 0x00000007ac500000|100%| O|  |TAMS 0x00000007ac400000| PB 0x00000007ac400000| Complete 
| 709|0x00000007ac500000, 0x00000007ac600000, 0x00000007ac600000|100%| O|  |TAMS 0x00000007ac500000| PB 0x00000007ac500000| Complete 
| 710|0x00000007ac600000, 0x00000007ac600000, 0x00000007ac700000|  0%| F|  |TAMS 0x00000007ac600000| PB 0x00000007ac600000| Untracked 
| 711|0x00000007ac700000, 0x00000007ac800000, 0x00000007ac800000|100%| O|  |TAMS 0x00000007ac700000| PB 0x00000007ac700000| Complete 
| 712|0x00000007ac800000, 0x00000007ac800000, 0x00000007ac900000|  0%| F|  |TAMS 0x00000007ac800000| PB 0x00000007ac800000| Untracked 
| 713|0x00000007ac900000, 0x00000007ac900000, 0x00000007aca00000|  0%| F|  |TAMS 0x00000007ac900000| PB 0x00000007ac900000| Untracked 
| 714|0x00000007aca00000, 0x00000007aca00000, 0x00000007acb00000|  0%| F|  |TAMS 0x00000007aca00000| PB 0x00000007aca00000| Untracked 
| 715|0x00000007acb00000, 0x00000007acb00000, 0x00000007acc00000|  0%| F|  |TAMS 0x00000007acb00000| PB 0x00000007acb00000| Untracked 
| 716|0x00000007acc00000, 0x00000007acc00000, 0x00000007acd00000|  0%| F|  |TAMS 0x00000007acc00000| PB 0x00000007acc00000| Untracked 
| 717|0x00000007acd00000, 0x00000007acd00000, 0x00000007ace00000|  0%| F|  |TAMS 0x00000007acd00000| PB 0x00000007acd00000| Untracked 
| 718|0x00000007ace00000, 0x00000007ace00000, 0x00000007acf00000|  0%| F|  |TAMS 0x00000007ace00000| PB 0x00000007ace00000| Untracked 
| 719|0x00000007acf00000, 0x00000007ad000000, 0x00000007ad000000|100%| O|  |TAMS 0x00000007acf00000| PB 0x00000007acf00000| Complete 
| 720|0x00000007ad000000, 0x00000007ad100000, 0x00000007ad100000|100%| O|  |TAMS 0x00000007ad000000| PB 0x00000007ad000000| Complete 
| 721|0x00000007ad100000, 0x00000007ad200000, 0x00000007ad200000|100%| O|  |TAMS 0x00000007ad100000| PB 0x00000007ad100000| Complete 
| 722|0x00000007ad200000, 0x00000007ad300000, 0x00000007ad300000|100%| O|  |TAMS 0x00000007ad200000| PB 0x00000007ad200000| Complete 
| 723|0x00000007ad300000, 0x00000007ad300000, 0x00000007ad400000|  0%| F|  |TAMS 0x00000007ad300000| PB 0x00000007ad300000| Untracked 
| 724|0x00000007ad400000, 0x00000007ad400000, 0x00000007ad500000|  0%| F|  |TAMS 0x00000007ad400000| PB 0x00000007ad400000| Untracked 
| 725|0x00000007ad500000, 0x00000007ad500000, 0x00000007ad600000|  0%| F|  |TAMS 0x00000007ad500000| PB 0x00000007ad500000| Untracked 
| 726|0x00000007ad600000, 0x00000007ad600000, 0x00000007ad700000|  0%| F|  |TAMS 0x00000007ad600000| PB 0x00000007ad600000| Untracked 
| 727|0x00000007ad700000, 0x00000007ad700000, 0x00000007ad800000|  0%| F|  |TAMS 0x00000007ad700000| PB 0x00000007ad700000| Untracked 
| 728|0x00000007ad800000, 0x00000007ad800000, 0x00000007ad900000|  0%| F|  |TAMS 0x00000007ad800000| PB 0x00000007ad800000| Untracked 
| 729|0x00000007ad900000, 0x00000007ad900000, 0x00000007ada00000|  0%| F|  |TAMS 0x00000007ad900000| PB 0x00000007ad900000| Untracked 
| 730|0x00000007ada00000, 0x00000007ada00000, 0x00000007adb00000|  0%| F|  |TAMS 0x00000007ada00000| PB 0x00000007ada00000| Untracked 
| 731|0x00000007adb00000, 0x00000007adb00000, 0x00000007adc00000|  0%| F|  |TAMS 0x00000007adb00000| PB 0x00000007adb00000| Untracked 
| 732|0x00000007adc00000, 0x00000007adc00000, 0x00000007add00000|  0%| F|  |TAMS 0x00000007adc00000| PB 0x00000007adc00000| Untracked 
| 733|0x00000007add00000, 0x00000007add00000, 0x00000007ade00000|  0%| F|  |TAMS 0x00000007add00000| PB 0x00000007add00000| Untracked 
| 734|0x00000007ade00000, 0x00000007ade00000, 0x00000007adf00000|  0%| F|  |TAMS 0x00000007ade00000| PB 0x00000007ade00000| Untracked 
| 735|0x00000007adf00000, 0x00000007adf00000, 0x00000007ae000000|  0%| F|  |TAMS 0x00000007adf00000| PB 0x00000007adf00000| Untracked 
| 736|0x00000007ae000000, 0x00000007ae000000, 0x00000007ae100000|  0%| F|  |TAMS 0x00000007ae000000| PB 0x00000007ae000000| Untracked 
| 737|0x00000007ae100000, 0x00000007ae100000, 0x00000007ae200000|  0%| F|  |TAMS 0x00000007ae100000| PB 0x00000007ae100000| Untracked 
| 738|0x00000007ae200000, 0x00000007ae200000, 0x00000007ae300000|  0%| F|  |TAMS 0x00000007ae200000| PB 0x00000007ae200000| Untracked 
| 739|0x00000007ae300000, 0x00000007ae300000, 0x00000007ae400000|  0%| F|  |TAMS 0x00000007ae300000| PB 0x00000007ae300000| Untracked 
| 740|0x00000007ae400000, 0x00000007ae400000, 0x00000007ae500000|  0%| F|  |TAMS 0x00000007ae400000| PB 0x00000007ae400000| Untracked 
| 741|0x00000007ae500000, 0x00000007ae500000, 0x00000007ae600000|  0%| F|  |TAMS 0x00000007ae500000| PB 0x00000007ae500000| Untracked 
| 742|0x00000007ae600000, 0x00000007ae600000, 0x00000007ae700000|  0%| F|  |TAMS 0x00000007ae600000| PB 0x00000007ae600000| Untracked 
| 743|0x00000007ae700000, 0x00000007ae800000, 0x00000007ae800000|100%| O|  |TAMS 0x00000007ae700000| PB 0x00000007ae700000| Complete 
| 744|0x00000007ae800000, 0x00000007ae900000, 0x00000007ae900000|100%| O|  |TAMS 0x00000007ae800000| PB 0x00000007ae800000| Untracked 
| 745|0x00000007ae900000, 0x00000007aea00000, 0x00000007aea00000|100%| O|  |TAMS 0x00000007ae900000| PB 0x00000007ae900000| Untracked 
| 746|0x00000007aea00000, 0x00000007aeb00000, 0x00000007aeb00000|100%| O|  |TAMS 0x00000007aea00000| PB 0x00000007aea00000| Complete 
| 747|0x00000007aeb00000, 0x00000007aec00000, 0x00000007aec00000|100%| O|  |TAMS 0x00000007aeb00000| PB 0x00000007aeb00000| Complete 
| 748|0x00000007aec00000, 0x00000007aed00000, 0x00000007aed00000|100%| O|  |TAMS 0x00000007aec00000| PB 0x00000007aec00000| Complete 
| 749|0x00000007aed00000, 0x00000007aee00000, 0x00000007aee00000|100%| O|  |TAMS 0x00000007aed00000| PB 0x00000007aed00000| Complete 
| 750|0x00000007aee00000, 0x00000007aef00000, 0x00000007aef00000|100%| O|  |TAMS 0x00000007aee00000| PB 0x00000007aee00000| Complete 
| 751|0x00000007aef00000, 0x00000007af000000, 0x00000007af000000|100%| O|  |TAMS 0x00000007aef00000| PB 0x00000007aef00000| Complete 
| 752|0x00000007af000000, 0x00000007af100000, 0x00000007af100000|100%| O|  |TAMS 0x00000007af000000| PB 0x00000007af000000| Complete 
| 753|0x00000007af100000, 0x00000007af200000, 0x00000007af200000|100%| O|  |TAMS 0x00000007af100000| PB 0x00000007af100000| Complete 
| 754|0x00000007af200000, 0x00000007af200000, 0x00000007af300000|  0%| F|  |TAMS 0x00000007af200000| PB 0x00000007af200000| Untracked 
| 755|0x00000007af300000, 0x00000007af400000, 0x00000007af400000|100%| O|  |TAMS 0x00000007af300000| PB 0x00000007af300000| Complete 
| 756|0x00000007af400000, 0x00000007af400000, 0x00000007af500000|  0%| F|  |TAMS 0x00000007af400000| PB 0x00000007af400000| Untracked 
| 757|0x00000007af500000, 0x00000007af600000, 0x00000007af600000|100%| O|  |TAMS 0x00000007af500000| PB 0x00000007af500000| Complete 
| 758|0x00000007af600000, 0x00000007af700000, 0x00000007af700000|100%| O|  |TAMS 0x00000007af600000| PB 0x00000007af600000| Complete 
| 759|0x00000007af700000, 0x00000007af800000, 0x00000007af800000|100%| O|  |TAMS 0x00000007af700000| PB 0x00000007af700000| Complete 
| 760|0x00000007af800000, 0x00000007af900000, 0x00000007af900000|100%| O|  |TAMS 0x00000007af800000| PB 0x00000007af800000| Complete 
| 761|0x00000007af900000, 0x00000007afa00000, 0x00000007afa00000|100%| O|  |TAMS 0x00000007af900000| PB 0x00000007af900000| Complete 
| 762|0x00000007afa00000, 0x00000007afb00000, 0x00000007afb00000|100%| O|  |TAMS 0x00000007afa00000| PB 0x00000007afa00000| Complete 
| 763|0x00000007afb00000, 0x00000007afc00000, 0x00000007afc00000|100%| O|  |TAMS 0x00000007afb00000| PB 0x00000007afb00000| Complete 
| 764|0x00000007afc00000, 0x00000007afc00000, 0x00000007afd00000|  0%| F|  |TAMS 0x00000007afc00000| PB 0x00000007afc00000| Untracked 
| 765|0x00000007afd00000, 0x00000007afd00000, 0x00000007afe00000|  0%| F|  |TAMS 0x00000007afd00000| PB 0x00000007afd00000| Untracked 
| 766|0x00000007afe00000, 0x00000007aff00000, 0x00000007aff00000|100%| O|  |TAMS 0x00000007afe00000| PB 0x00000007afe00000| Complete 
| 767|0x00000007aff00000, 0x00000007aff00000, 0x00000007b0000000|  0%| F|  |TAMS 0x00000007aff00000| PB 0x00000007aff00000| Untracked 
| 768|0x00000007b0000000, 0x00000007b0000000, 0x00000007b0100000|  0%| F|  |TAMS 0x00000007b0000000| PB 0x00000007b0000000| Untracked 
| 769|0x00000007b0100000, 0x00000007b0100000, 0x00000007b0200000|  0%| F|  |TAMS 0x00000007b0100000| PB 0x00000007b0100000| Untracked 
| 770|0x00000007b0200000, 0x00000007b0300000, 0x00000007b0300000|100%| O|  |TAMS 0x00000007b0200000| PB 0x00000007b0200000| Complete 
| 771|0x00000007b0300000, 0x00000007b0300000, 0x00000007b0400000|  0%| F|  |TAMS 0x00000007b0300000| PB 0x00000007b0300000| Untracked 
| 772|0x00000007b0400000, 0x00000007b0400000, 0x00000007b0500000|  0%| F|  |TAMS 0x00000007b0400000| PB 0x00000007b0400000| Untracked 
| 773|0x00000007b0500000, 0x00000007b0500000, 0x00000007b0600000|  0%| F|  |TAMS 0x00000007b0500000| PB 0x00000007b0500000| Untracked 
| 774|0x00000007b0600000, 0x00000007b0600000, 0x00000007b0700000|  0%| F|  |TAMS 0x00000007b0600000| PB 0x00000007b0600000| Untracked 
| 775|0x00000007b0700000, 0x00000007b0700000, 0x00000007b0800000|  0%| F|  |TAMS 0x00000007b0700000| PB 0x00000007b0700000| Untracked 
| 776|0x00000007b0800000, 0x00000007b0800000, 0x00000007b0900000|  0%| F|  |TAMS 0x00000007b0800000| PB 0x00000007b0800000| Untracked 
| 777|0x00000007b0900000, 0x00000007b0900000, 0x00000007b0a00000|  0%| F|  |TAMS 0x00000007b0900000| PB 0x00000007b0900000| Untracked 
| 778|0x00000007b0a00000, 0x00000007b0a00000, 0x00000007b0b00000|  0%| F|  |TAMS 0x00000007b0a00000| PB 0x00000007b0a00000| Untracked 
| 779|0x00000007b0b00000, 0x00000007b0b00000, 0x00000007b0c00000|  0%| F|  |TAMS 0x00000007b0b00000| PB 0x00000007b0b00000| Untracked 
| 780|0x00000007b0c00000, 0x00000007b0c00000, 0x00000007b0d00000|  0%| F|  |TAMS 0x00000007b0c00000| PB 0x00000007b0c00000| Untracked 
| 781|0x00000007b0d00000, 0x00000007b0e00000, 0x00000007b0e00000|100%| O|  |TAMS 0x00000007b0d00000| PB 0x00000007b0d00000| Untracked 
| 782|0x00000007b0e00000, 0x00000007b0e00000, 0x00000007b0f00000|  0%| F|  |TAMS 0x00000007b0e00000| PB 0x00000007b0e00000| Untracked 
| 783|0x00000007b0f00000, 0x00000007b0f00000, 0x00000007b1000000|  0%| F|  |TAMS 0x00000007b0f00000| PB 0x00000007b0f00000| Untracked 
| 784|0x00000007b1000000, 0x00000007b1000000, 0x00000007b1100000|  0%| F|  |TAMS 0x00000007b1000000| PB 0x00000007b1000000| Untracked 
| 785|0x00000007b1100000, 0x00000007b1100000, 0x00000007b1200000|  0%| F|  |TAMS 0x00000007b1100000| PB 0x00000007b1100000| Untracked 
| 786|0x00000007b1200000, 0x00000007b1200000, 0x00000007b1300000|  0%| F|  |TAMS 0x00000007b1200000| PB 0x00000007b1200000| Untracked 
| 787|0x00000007b1300000, 0x00000007b1300000, 0x00000007b1400000|  0%| F|  |TAMS 0x00000007b1300000| PB 0x00000007b1300000| Untracked 
| 788|0x00000007b1400000, 0x00000007b1400000, 0x00000007b1500000|  0%| F|  |TAMS 0x00000007b1400000| PB 0x00000007b1400000| Untracked 
| 789|0x00000007b1500000, 0x00000007b1500000, 0x00000007b1600000|  0%| F|  |TAMS 0x00000007b1500000| PB 0x00000007b1500000| Untracked 
| 790|0x00000007b1600000, 0x00000007b1600000, 0x00000007b1700000|  0%| F|  |TAMS 0x00000007b1600000| PB 0x00000007b1600000| Untracked 
| 791|0x00000007b1700000, 0x00000007b1700000, 0x00000007b1800000|  0%| F|  |TAMS 0x00000007b1700000| PB 0x00000007b1700000| Untracked 
| 792|0x00000007b1800000, 0x00000007b1900000, 0x00000007b1900000|100%| O|  |TAMS 0x00000007b1800000| PB 0x00000007b1800000| Untracked 
| 793|0x00000007b1900000, 0x00000007b1900000, 0x00000007b1a00000|  0%| F|  |TAMS 0x00000007b1900000| PB 0x00000007b1900000| Untracked 
| 794|0x00000007b1a00000, 0x00000007b1a00000, 0x00000007b1b00000|  0%| F|  |TAMS 0x00000007b1a00000| PB 0x00000007b1a00000| Untracked 
| 795|0x00000007b1b00000, 0x00000007b1b00000, 0x00000007b1c00000|  0%| F|  |TAMS 0x00000007b1b00000| PB 0x00000007b1b00000| Untracked 
| 796|0x00000007b1c00000, 0x00000007b1c00000, 0x00000007b1d00000|  0%| F|  |TAMS 0x00000007b1c00000| PB 0x00000007b1c00000| Untracked 
| 797|0x00000007b1d00000, 0x00000007b1e00000, 0x00000007b1e00000|100%| O|  |TAMS 0x00000007b1d00000| PB 0x00000007b1d00000| Complete 
| 798|0x00000007b1e00000, 0x00000007b1e00000, 0x00000007b1f00000|  0%| F|  |TAMS 0x00000007b1e00000| PB 0x00000007b1e00000| Untracked 
| 799|0x00000007b1f00000, 0x00000007b2000000, 0x00000007b2000000|100%| O|  |TAMS 0x00000007b1f00000| PB 0x00000007b1f00000| Complete 
| 800|0x00000007b2000000, 0x00000007b2100000, 0x00000007b2100000|100%| O|  |TAMS 0x00000007b2000000| PB 0x00000007b2000000| Complete 
| 801|0x00000007b2100000, 0x00000007b2100000, 0x00000007b2200000|  0%| F|  |TAMS 0x00000007b2100000| PB 0x00000007b2100000| Untracked 
| 802|0x00000007b2200000, 0x00000007b2200000, 0x00000007b2300000|  0%| F|  |TAMS 0x00000007b2200000| PB 0x00000007b2200000| Untracked 
| 803|0x00000007b2300000, 0x00000007b2400000, 0x00000007b2400000|100%| O|  |TAMS 0x00000007b2300000| PB 0x00000007b2300000| Complete 
| 804|0x00000007b2400000, 0x00000007b2400000, 0x00000007b2500000|  0%| F|  |TAMS 0x00000007b2400000| PB 0x00000007b2400000| Untracked 
| 805|0x00000007b2500000, 0x00000007b2600000, 0x00000007b2600000|100%| O|  |TAMS 0x00000007b2500000| PB 0x00000007b2500000| Complete 
| 806|0x00000007b2600000, 0x00000007b2700000, 0x00000007b2700000|100%| O|  |TAMS 0x00000007b2600000| PB 0x00000007b2600000| Complete 
| 807|0x00000007b2700000, 0x00000007b2700000, 0x00000007b2800000|  0%| F|  |TAMS 0x00000007b2700000| PB 0x00000007b2700000| Untracked 
| 808|0x00000007b2800000, 0x00000007b2800000, 0x00000007b2900000|  0%| F|  |TAMS 0x00000007b2800000| PB 0x00000007b2800000| Untracked 
| 809|0x00000007b2900000, 0x00000007b2a00000, 0x00000007b2a00000|100%| O|  |TAMS 0x00000007b2900000| PB 0x00000007b2900000| Complete 
| 810|0x00000007b2a00000, 0x00000007b2b00000, 0x00000007b2b00000|100%| O|  |TAMS 0x00000007b2a00000| PB 0x00000007b2a00000| Complete 
| 811|0x00000007b2b00000, 0x00000007b2b00000, 0x00000007b2c00000|  0%| F|  |TAMS 0x00000007b2b00000| PB 0x00000007b2b00000| Untracked 
| 812|0x00000007b2c00000, 0x00000007b2c00000, 0x00000007b2d00000|  0%| F|  |TAMS 0x00000007b2c00000| PB 0x00000007b2c00000| Untracked 
| 813|0x00000007b2d00000, 0x00000007b2e00000, 0x00000007b2e00000|100%| O|  |TAMS 0x00000007b2d00000| PB 0x00000007b2d00000| Complete 
| 814|0x00000007b2e00000, 0x00000007b2f00000, 0x00000007b2f00000|100%| O|  |TAMS 0x00000007b2e00000| PB 0x00000007b2e00000| Complete 
| 815|0x00000007b2f00000, 0x00000007b2f00000, 0x00000007b3000000|  0%| F|  |TAMS 0x00000007b2f00000| PB 0x00000007b2f00000| Untracked 
| 816|0x00000007b3000000, 0x00000007b3100000, 0x00000007b3100000|100%| O|  |TAMS 0x00000007b3000000| PB 0x00000007b3000000| Complete 
| 817|0x00000007b3100000, 0x00000007b3100000, 0x00000007b3200000|  0%| F|  |TAMS 0x00000007b3100000| PB 0x00000007b3100000| Untracked 
| 818|0x00000007b3200000, 0x00000007b3300000, 0x00000007b3300000|100%| O|  |TAMS 0x00000007b3200000| PB 0x00000007b3200000| Complete 
| 819|0x00000007b3300000, 0x00000007b3300000, 0x00000007b3400000|  0%| F|  |TAMS 0x00000007b3300000| PB 0x00000007b3300000| Untracked 
| 820|0x00000007b3400000, 0x00000007b3400000, 0x00000007b3500000|  0%| F|  |TAMS 0x00000007b3400000| PB 0x00000007b3400000| Untracked 
| 821|0x00000007b3500000, 0x00000007b3500000, 0x00000007b3600000|  0%| F|  |TAMS 0x00000007b3500000| PB 0x00000007b3500000| Untracked 
| 822|0x00000007b3600000, 0x00000007b3600000, 0x00000007b3700000|  0%| F|  |TAMS 0x00000007b3600000| PB 0x00000007b3600000| Untracked 
| 823|0x00000007b3700000, 0x00000007b3700000, 0x00000007b3800000|  0%| F|  |TAMS 0x00000007b3700000| PB 0x00000007b3700000| Untracked 
| 824|0x00000007b3800000, 0x00000007b3800000, 0x00000007b3900000|  0%| F|  |TAMS 0x00000007b3800000| PB 0x00000007b3800000| Untracked 
| 825|0x00000007b3900000, 0x00000007b3900000, 0x00000007b3a00000|  0%| F|  |TAMS 0x00000007b3900000| PB 0x00000007b3900000| Untracked 
| 826|0x00000007b3a00000, 0x00000007b3a00000, 0x00000007b3b00000|  0%| F|  |TAMS 0x00000007b3a00000| PB 0x00000007b3a00000| Untracked 
| 827|0x00000007b3b00000, 0x00000007b3b00000, 0x00000007b3c00000|  0%| F|  |TAMS 0x00000007b3b00000| PB 0x00000007b3b00000| Untracked 
| 828|0x00000007b3c00000, 0x00000007b3c00000, 0x00000007b3d00000|  0%| F|  |TAMS 0x00000007b3c00000| PB 0x00000007b3c00000| Untracked 
| 829|0x00000007b3d00000, 0x00000007b3d00000, 0x00000007b3e00000|  0%| F|  |TAMS 0x00000007b3d00000| PB 0x00000007b3d00000| Untracked 
| 830|0x00000007b3e00000, 0x00000007b3e00000, 0x00000007b3f00000|  0%| F|  |TAMS 0x00000007b3e00000| PB 0x00000007b3e00000| Untracked 
| 831|0x00000007b3f00000, 0x00000007b3f00000, 0x00000007b4000000|  0%| F|  |TAMS 0x00000007b3f00000| PB 0x00000007b3f00000| Untracked 
| 832|0x00000007b4000000, 0x00000007b4000000, 0x00000007b4100000|  0%| F|  |TAMS 0x00000007b4000000| PB 0x00000007b4000000| Untracked 
| 833|0x00000007b4100000, 0x00000007b4100000, 0x00000007b4200000|  0%| F|  |TAMS 0x00000007b4100000| PB 0x00000007b4100000| Untracked 
| 834|0x00000007b4200000, 0x00000007b4200000, 0x00000007b4300000|  0%| F|  |TAMS 0x00000007b4200000| PB 0x00000007b4200000| Untracked 
| 835|0x00000007b4300000, 0x00000007b4300000, 0x00000007b4400000|  0%| F|  |TAMS 0x00000007b4300000| PB 0x00000007b4300000| Untracked 
| 836|0x00000007b4400000, 0x00000007b4400000, 0x00000007b4500000|  0%| F|  |TAMS 0x00000007b4400000| PB 0x00000007b4400000| Untracked 
| 837|0x00000007b4500000, 0x00000007b4500000, 0x00000007b4600000|  0%| F|  |TAMS 0x00000007b4500000| PB 0x00000007b4500000| Untracked 
| 838|0x00000007b4600000, 0x00000007b4600000, 0x00000007b4700000|  0%| F|  |TAMS 0x00000007b4600000| PB 0x00000007b4600000| Untracked 
| 839|0x00000007b4700000, 0x00000007b4700000, 0x00000007b4800000|  0%| F|  |TAMS 0x00000007b4700000| PB 0x00000007b4700000| Untracked 
| 840|0x00000007b4800000, 0x00000007b4800000, 0x00000007b4900000|  0%| F|  |TAMS 0x00000007b4800000| PB 0x00000007b4800000| Untracked 
| 841|0x00000007b4900000, 0x00000007b4900000, 0x00000007b4a00000|  0%| F|  |TAMS 0x00000007b4900000| PB 0x00000007b4900000| Untracked 
| 842|0x00000007b4a00000, 0x00000007b4a00000, 0x00000007b4b00000|  0%| F|  |TAMS 0x00000007b4a00000| PB 0x00000007b4a00000| Untracked 
| 843|0x00000007b4b00000, 0x00000007b4b00000, 0x00000007b4c00000|  0%| F|  |TAMS 0x00000007b4b00000| PB 0x00000007b4b00000| Untracked 
| 844|0x00000007b4c00000, 0x00000007b4c00000, 0x00000007b4d00000|  0%| F|  |TAMS 0x00000007b4c00000| PB 0x00000007b4c00000| Untracked 
| 845|0x00000007b4d00000, 0x00000007b4d00000, 0x00000007b4e00000|  0%| F|  |TAMS 0x00000007b4d00000| PB 0x00000007b4d00000| Untracked 
| 846|0x00000007b4e00000, 0x00000007b4e00000, 0x00000007b4f00000|  0%| F|  |TAMS 0x00000007b4e00000| PB 0x00000007b4e00000| Untracked 
| 847|0x00000007b4f00000, 0x00000007b4f00000, 0x00000007b5000000|  0%| F|  |TAMS 0x00000007b4f00000| PB 0x00000007b4f00000| Untracked 
| 848|0x00000007b5000000, 0x00000007b5000000, 0x00000007b5100000|  0%| F|  |TAMS 0x00000007b5000000| PB 0x00000007b5000000| Untracked 
| 849|0x00000007b5100000, 0x00000007b5200000, 0x00000007b5200000|100%| O|  |TAMS 0x00000007b5100000| PB 0x00000007b5100000| Untracked 
| 850|0x00000007b5200000, 0x00000007b5200000, 0x00000007b5300000|  0%| F|  |TAMS 0x00000007b5200000| PB 0x00000007b5200000| Untracked 
| 851|0x00000007b5300000, 0x00000007b5400000, 0x00000007b5400000|100%| O|  |TAMS 0x00000007b5300000| PB 0x00000007b5300000| Complete 
| 852|0x00000007b5400000, 0x00000007b5400000, 0x00000007b5500000|  0%| F|  |TAMS 0x00000007b5400000| PB 0x00000007b5400000| Untracked 
| 853|0x00000007b5500000, 0x00000007b5500000, 0x00000007b5600000|  0%| F|  |TAMS 0x00000007b5500000| PB 0x00000007b5500000| Untracked 
| 854|0x00000007b5600000, 0x00000007b5700000, 0x00000007b5700000|100%| O|  |TAMS 0x00000007b5600000| PB 0x00000007b5600000| Complete 
| 855|0x00000007b5700000, 0x00000007b5700000, 0x00000007b5800000|  0%| F|  |TAMS 0x00000007b5700000| PB 0x00000007b5700000| Untracked 
| 856|0x00000007b5800000, 0x00000007b5800000, 0x00000007b5900000|  0%| F|  |TAMS 0x00000007b5800000| PB 0x00000007b5800000| Untracked 
| 857|0x00000007b5900000, 0x00000007b5a00000, 0x00000007b5a00000|100%| O|  |TAMS 0x00000007b5900000| PB 0x00000007b5900000| Complete 
| 858|0x00000007b5a00000, 0x00000007b5a00000, 0x00000007b5b00000|  0%| F|  |TAMS 0x00000007b5a00000| PB 0x00000007b5a00000| Untracked 
| 859|0x00000007b5b00000, 0x00000007b5b00000, 0x00000007b5c00000|  0%| F|  |TAMS 0x00000007b5b00000| PB 0x00000007b5b00000| Untracked 
| 860|0x00000007b5c00000, 0x00000007b5c00000, 0x00000007b5d00000|  0%| F|  |TAMS 0x00000007b5c00000| PB 0x00000007b5c00000| Untracked 
| 861|0x00000007b5d00000, 0x00000007b5d00000, 0x00000007b5e00000|  0%| F|  |TAMS 0x00000007b5d00000| PB 0x00000007b5d00000| Untracked 
| 862|0x00000007b5e00000, 0x00000007b5e00000, 0x00000007b5f00000|  0%| F|  |TAMS 0x00000007b5e00000| PB 0x00000007b5e00000| Untracked 
| 863|0x00000007b5f00000, 0x00000007b6000000, 0x00000007b6000000|100%| O|  |TAMS 0x00000007b5f00000| PB 0x00000007b5f00000| Complete 
| 864|0x00000007b6000000, 0x00000007b6100000, 0x00000007b6100000|100%| O|  |TAMS 0x00000007b6000000| PB 0x00000007b6000000| Complete 
| 865|0x00000007b6100000, 0x00000007b6200000, 0x00000007b6200000|100%| O|  |TAMS 0x00000007b6100000| PB 0x00000007b6100000| Complete 
| 866|0x00000007b6200000, 0x00000007b6200000, 0x00000007b6300000|  0%| F|  |TAMS 0x00000007b6200000| PB 0x00000007b6200000| Untracked 
| 867|0x00000007b6300000, 0x00000007b6400000, 0x00000007b6400000|100%| O|  |TAMS 0x00000007b6300000| PB 0x00000007b6300000| Complete 
| 868|0x00000007b6400000, 0x00000007b6500000, 0x00000007b6500000|100%| O|  |TAMS 0x00000007b6400000| PB 0x00000007b6400000| Complete 
| 869|0x00000007b6500000, 0x00000007b6600000, 0x00000007b6600000|100%| O|  |TAMS 0x00000007b6500000| PB 0x00000007b6500000| Untracked 
| 870|0x00000007b6600000, 0x00000007b6600000, 0x00000007b6700000|  0%| F|  |TAMS 0x00000007b6600000| PB 0x00000007b6600000| Untracked 
| 871|0x00000007b6700000, 0x00000007b6700000, 0x00000007b6800000|  0%| F|  |TAMS 0x00000007b6700000| PB 0x00000007b6700000| Untracked 
| 872|0x00000007b6800000, 0x00000007b6800000, 0x00000007b6900000|  0%| F|  |TAMS 0x00000007b6800000| PB 0x00000007b6800000| Untracked 
| 873|0x00000007b6900000, 0x00000007b6900000, 0x00000007b6a00000|  0%| F|  |TAMS 0x00000007b6900000| PB 0x00000007b6900000| Untracked 
| 874|0x00000007b6a00000, 0x00000007b6a00000, 0x00000007b6b00000|  0%| F|  |TAMS 0x00000007b6a00000| PB 0x00000007b6a00000| Untracked 
| 875|0x00000007b6b00000, 0x00000007b6b00000, 0x00000007b6c00000|  0%| F|  |TAMS 0x00000007b6b00000| PB 0x00000007b6b00000| Untracked 
| 876|0x00000007b6c00000, 0x00000007b6c00000, 0x00000007b6d00000|  0%| F|  |TAMS 0x00000007b6c00000| PB 0x00000007b6c00000| Untracked 
| 877|0x00000007b6d00000, 0x00000007b6d00000, 0x00000007b6e00000|  0%| F|  |TAMS 0x00000007b6d00000| PB 0x00000007b6d00000| Untracked 
| 878|0x00000007b6e00000, 0x00000007b6e00000, 0x00000007b6f00000|  0%| F|  |TAMS 0x00000007b6e00000| PB 0x00000007b6e00000| Untracked 
| 879|0x00000007b6f00000, 0x00000007b6f00000, 0x00000007b7000000|  0%| F|  |TAMS 0x00000007b6f00000| PB 0x00000007b6f00000| Untracked 
| 880|0x00000007b7000000, 0x00000007b7000000, 0x00000007b7100000|  0%| F|  |TAMS 0x00000007b7000000| PB 0x00000007b7000000| Untracked 
| 881|0x00000007b7100000, 0x00000007b7100000, 0x00000007b7200000|  0%| F|  |TAMS 0x00000007b7100000| PB 0x00000007b7100000| Untracked 
| 882|0x00000007b7200000, 0x00000007b7200000, 0x00000007b7300000|  0%| F|  |TAMS 0x00000007b7200000| PB 0x00000007b7200000| Untracked 
| 883|0x00000007b7300000, 0x00000007b7300000, 0x00000007b7400000|  0%| F|  |TAMS 0x00000007b7300000| PB 0x00000007b7300000| Untracked 
| 884|0x00000007b7400000, 0x00000007b7400000, 0x00000007b7500000|  0%| F|  |TAMS 0x00000007b7400000| PB 0x00000007b7400000| Untracked 
| 885|0x00000007b7500000, 0x00000007b7500000, 0x00000007b7600000|  0%| F|  |TAMS 0x00000007b7500000| PB 0x00000007b7500000| Untracked 
| 886|0x00000007b7600000, 0x00000007b7600000, 0x00000007b7700000|  0%| F|  |TAMS 0x00000007b7600000| PB 0x00000007b7600000| Untracked 
| 887|0x00000007b7700000, 0x00000007b7700000, 0x00000007b7800000|  0%| F|  |TAMS 0x00000007b7700000| PB 0x00000007b7700000| Untracked 
| 888|0x00000007b7800000, 0x00000007b7800000, 0x00000007b7900000|  0%| F|  |TAMS 0x00000007b7800000| PB 0x00000007b7800000| Untracked 
| 889|0x00000007b7900000, 0x00000007b7900000, 0x00000007b7a00000|  0%| F|  |TAMS 0x00000007b7900000| PB 0x00000007b7900000| Untracked 
| 890|0x00000007b7a00000, 0x00000007b7a00000, 0x00000007b7b00000|  0%| F|  |TAMS 0x00000007b7a00000| PB 0x00000007b7a00000| Untracked 
| 891|0x00000007b7b00000, 0x00000007b7b00000, 0x00000007b7c00000|  0%| F|  |TAMS 0x00000007b7b00000| PB 0x00000007b7b00000| Untracked 
| 892|0x00000007b7c00000, 0x00000007b7c00000, 0x00000007b7d00000|  0%| F|  |TAMS 0x00000007b7c00000| PB 0x00000007b7c00000| Untracked 
| 893|0x00000007b7d00000, 0x00000007b7d00000, 0x00000007b7e00000|  0%| F|  |TAMS 0x00000007b7d00000| PB 0x00000007b7d00000| Untracked 
| 894|0x00000007b7e00000, 0x00000007b7e00000, 0x00000007b7f00000|  0%| F|  |TAMS 0x00000007b7e00000| PB 0x00000007b7e00000| Untracked 
| 895|0x00000007b7f00000, 0x00000007b7f00000, 0x00000007b8000000|  0%| F|  |TAMS 0x00000007b7f00000| PB 0x00000007b7f00000| Untracked 
| 896|0x00000007b8000000, 0x00000007b8000000, 0x00000007b8100000|  0%| F|  |TAMS 0x00000007b8000000| PB 0x00000007b8000000| Untracked 
| 897|0x00000007b8100000, 0x00000007b8100000, 0x00000007b8200000|  0%| F|  |TAMS 0x00000007b8100000| PB 0x00000007b8100000| Untracked 
| 898|0x00000007b8200000, 0x00000007b8200000, 0x00000007b8300000|  0%| F|  |TAMS 0x00000007b8200000| PB 0x00000007b8200000| Untracked 
| 899|0x00000007b8300000, 0x00000007b8300000, 0x00000007b8400000|  0%| F|  |TAMS 0x00000007b8300000| PB 0x00000007b8300000| Untracked 
| 900|0x00000007b8400000, 0x00000007b8400000, 0x00000007b8500000|  0%| F|  |TAMS 0x00000007b8400000| PB 0x00000007b8400000| Untracked 
| 901|0x00000007b8500000, 0x00000007b8500000, 0x00000007b8600000|  0%| F|  |TAMS 0x00000007b8500000| PB 0x00000007b8500000| Untracked 
| 902|0x00000007b8600000, 0x00000007b8600000, 0x00000007b8700000|  0%| F|  |TAMS 0x00000007b8600000| PB 0x00000007b8600000| Untracked 
| 903|0x00000007b8700000, 0x00000007b8700000, 0x00000007b8800000|  0%| F|  |TAMS 0x00000007b8700000| PB 0x00000007b8700000| Untracked 
| 904|0x00000007b8800000, 0x00000007b8800000, 0x00000007b8900000|  0%| F|  |TAMS 0x00000007b8800000| PB 0x00000007b8800000| Untracked 
| 905|0x00000007b8900000, 0x00000007b8900000, 0x00000007b8a00000|  0%| F|  |TAMS 0x00000007b8900000| PB 0x00000007b8900000| Untracked 
| 906|0x00000007b8a00000, 0x00000007b8a00000, 0x00000007b8b00000|  0%| F|  |TAMS 0x00000007b8a00000| PB 0x00000007b8a00000| Untracked 
| 907|0x00000007b8b00000, 0x00000007b8b00000, 0x00000007b8c00000|  0%| F|  |TAMS 0x00000007b8b00000| PB 0x00000007b8b00000| Untracked 
| 908|0x00000007b8c00000, 0x00000007b8c00000, 0x00000007b8d00000|  0%| F|  |TAMS 0x00000007b8c00000| PB 0x00000007b8c00000| Untracked 
| 909|0x00000007b8d00000, 0x00000007b8d00000, 0x00000007b8e00000|  0%| F|  |TAMS 0x00000007b8d00000| PB 0x00000007b8d00000| Untracked 
| 910|0x00000007b8e00000, 0x00000007b8e00000, 0x00000007b8f00000|  0%| F|  |TAMS 0x00000007b8e00000| PB 0x00000007b8e00000| Untracked 
| 911|0x00000007b8f00000, 0x00000007b9000000, 0x00000007b9000000|100%| O|  |TAMS 0x00000007b8f00000| PB 0x00000007b8f00000| Complete 
| 912|0x00000007b9000000, 0x00000007b9000000, 0x00000007b9100000|  0%| F|  |TAMS 0x00000007b9000000| PB 0x00000007b9000000| Untracked 
| 913|0x00000007b9100000, 0x00000007b9100000, 0x00000007b9200000|  0%| F|  |TAMS 0x00000007b9100000| PB 0x00000007b9100000| Untracked 
| 914|0x00000007b9200000, 0x00000007b9200000, 0x00000007b9300000|  0%| F|  |TAMS 0x00000007b9200000| PB 0x00000007b9200000| Untracked 
| 915|0x00000007b9300000, 0x00000007b9300000, 0x00000007b9400000|  0%| F|  |TAMS 0x00000007b9300000| PB 0x00000007b9300000| Untracked 
| 916|0x00000007b9400000, 0x00000007b9400000, 0x00000007b9500000|  0%| F|  |TAMS 0x00000007b9400000| PB 0x00000007b9400000| Untracked 
| 917|0x00000007b9500000, 0x00000007b9500000, 0x00000007b9600000|  0%| F|  |TAMS 0x00000007b9500000| PB 0x00000007b9500000| Untracked 
| 918|0x00000007b9600000, 0x00000007b9600000, 0x00000007b9700000|  0%| F|  |TAMS 0x00000007b9600000| PB 0x00000007b9600000| Untracked 
| 919|0x00000007b9700000, 0x00000007b9700000, 0x00000007b9800000|  0%| F|  |TAMS 0x00000007b9700000| PB 0x00000007b9700000| Untracked 
| 920|0x00000007b9800000, 0x00000007b9800000, 0x00000007b9900000|  0%| F|  |TAMS 0x00000007b9800000| PB 0x00000007b9800000| Untracked 
| 921|0x00000007b9900000, 0x00000007b9900000, 0x00000007b9a00000|  0%| F|  |TAMS 0x00000007b9900000| PB 0x00000007b9900000| Untracked 
| 922|0x00000007b9a00000, 0x00000007b9a00000, 0x00000007b9b00000|  0%| F|  |TAMS 0x00000007b9a00000| PB 0x00000007b9a00000| Untracked 
| 923|0x00000007b9b00000, 0x00000007b9b00000, 0x00000007b9c00000|  0%| F|  |TAMS 0x00000007b9b00000| PB 0x00000007b9b00000| Untracked 
| 924|0x00000007b9c00000, 0x00000007b9c00000, 0x00000007b9d00000|  0%| F|  |TAMS 0x00000007b9c00000| PB 0x00000007b9c00000| Untracked 
| 925|0x00000007b9d00000, 0x00000007b9d00000, 0x00000007b9e00000|  0%| F|  |TAMS 0x00000007b9d00000| PB 0x00000007b9d00000| Untracked 
| 926|0x00000007b9e00000, 0x00000007b9e00000, 0x00000007b9f00000|  0%| F|  |TAMS 0x00000007b9e00000| PB 0x00000007b9e00000| Untracked 
| 927|0x00000007b9f00000, 0x00000007b9f00000, 0x00000007ba000000|  0%| F|  |TAMS 0x00000007b9f00000| PB 0x00000007b9f00000| Untracked 
| 928|0x00000007ba000000, 0x00000007ba000000, 0x00000007ba100000|  0%| F|  |TAMS 0x00000007ba000000| PB 0x00000007ba000000| Untracked 
| 929|0x00000007ba100000, 0x00000007ba100000, 0x00000007ba200000|  0%| F|  |TAMS 0x00000007ba100000| PB 0x00000007ba100000| Untracked 
| 930|0x00000007ba200000, 0x00000007ba200000, 0x00000007ba300000|  0%| F|  |TAMS 0x00000007ba200000| PB 0x00000007ba200000| Untracked 
| 931|0x00000007ba300000, 0x00000007ba300000, 0x00000007ba400000|  0%| F|  |TAMS 0x00000007ba300000| PB 0x00000007ba300000| Untracked 
| 932|0x00000007ba400000, 0x00000007ba400000, 0x00000007ba500000|  0%| F|  |TAMS 0x00000007ba400000| PB 0x00000007ba400000| Untracked 
| 933|0x00000007ba500000, 0x00000007ba500000, 0x00000007ba600000|  0%| F|  |TAMS 0x00000007ba500000| PB 0x00000007ba500000| Untracked 
| 934|0x00000007ba600000, 0x00000007ba600000, 0x00000007ba700000|  0%| F|  |TAMS 0x00000007ba600000| PB 0x00000007ba600000| Untracked 
| 935|0x00000007ba700000, 0x00000007ba700000, 0x00000007ba800000|  0%| F|  |TAMS 0x00000007ba700000| PB 0x00000007ba700000| Untracked 
| 936|0x00000007ba800000, 0x00000007ba800000, 0x00000007ba900000|  0%| F|  |TAMS 0x00000007ba800000| PB 0x00000007ba800000| Untracked 
| 937|0x00000007ba900000, 0x00000007ba900000, 0x00000007baa00000|  0%| F|  |TAMS 0x00000007ba900000| PB 0x00000007ba900000| Untracked 
| 938|0x00000007baa00000, 0x00000007baa00000, 0x00000007bab00000|  0%| F|  |TAMS 0x00000007baa00000| PB 0x00000007baa00000| Untracked 
| 939|0x00000007bab00000, 0x00000007bab00000, 0x00000007bac00000|  0%| F|  |TAMS 0x00000007bab00000| PB 0x00000007bab00000| Untracked 
| 940|0x00000007bac00000, 0x00000007bac00000, 0x00000007bad00000|  0%| F|  |TAMS 0x00000007bac00000| PB 0x00000007bac00000| Untracked 
| 941|0x00000007bad00000, 0x00000007bad00000, 0x00000007bae00000|  0%| F|  |TAMS 0x00000007bad00000| PB 0x00000007bad00000| Untracked 
| 942|0x00000007bae00000, 0x00000007bae00000, 0x00000007baf00000|  0%| F|  |TAMS 0x00000007bae00000| PB 0x00000007bae00000| Untracked 
| 943|0x00000007baf00000, 0x00000007baf00000, 0x00000007bb000000|  0%| F|  |TAMS 0x00000007baf00000| PB 0x00000007baf00000| Untracked 
| 944|0x00000007bb000000, 0x00000007bb000000, 0x00000007bb100000|  0%| F|  |TAMS 0x00000007bb000000| PB 0x00000007bb000000| Untracked 
| 945|0x00000007bb100000, 0x00000007bb100000, 0x00000007bb200000|  0%| F|  |TAMS 0x00000007bb100000| PB 0x00000007bb100000| Untracked 
| 946|0x00000007bb200000, 0x00000007bb200000, 0x00000007bb300000|  0%| F|  |TAMS 0x00000007bb200000| PB 0x00000007bb200000| Untracked 
| 947|0x00000007bb300000, 0x00000007bb300000, 0x00000007bb400000|  0%| F|  |TAMS 0x00000007bb300000| PB 0x00000007bb300000| Untracked 
| 948|0x00000007bb400000, 0x00000007bb400000, 0x00000007bb500000|  0%| F|  |TAMS 0x00000007bb400000| PB 0x00000007bb400000| Untracked 
| 949|0x00000007bb500000, 0x00000007bb500000, 0x00000007bb600000|  0%| F|  |TAMS 0x00000007bb500000| PB 0x00000007bb500000| Untracked 
| 950|0x00000007bb600000, 0x00000007bb600000, 0x00000007bb700000|  0%| F|  |TAMS 0x00000007bb600000| PB 0x00000007bb600000| Untracked 
| 951|0x00000007bb700000, 0x00000007bb700000, 0x00000007bb800000|  0%| F|  |TAMS 0x00000007bb700000| PB 0x00000007bb700000| Untracked 
| 952|0x00000007bb800000, 0x00000007bb800000, 0x00000007bb900000|  0%| F|  |TAMS 0x00000007bb800000| PB 0x00000007bb800000| Untracked 
| 953|0x00000007bb900000, 0x00000007bb900000, 0x00000007bba00000|  0%| F|  |TAMS 0x00000007bb900000| PB 0x00000007bb900000| Untracked 
| 954|0x00000007bba00000, 0x00000007bba00000, 0x00000007bbb00000|  0%| F|  |TAMS 0x00000007bba00000| PB 0x00000007bba00000| Untracked 
| 955|0x00000007bbb00000, 0x00000007bbb00000, 0x00000007bbc00000|  0%| F|  |TAMS 0x00000007bbb00000| PB 0x00000007bbb00000| Untracked 
| 956|0x00000007bbc00000, 0x00000007bbc00000, 0x00000007bbd00000|  0%| F|  |TAMS 0x00000007bbc00000| PB 0x00000007bbc00000| Untracked 
| 957|0x00000007bbd00000, 0x00000007bbd00000, 0x00000007bbe00000|  0%| F|  |TAMS 0x00000007bbd00000| PB 0x00000007bbd00000| Untracked 
| 958|0x00000007bbe00000, 0x00000007bbe00000, 0x00000007bbf00000|  0%| F|  |TAMS 0x00000007bbe00000| PB 0x00000007bbe00000| Untracked 
| 959|0x00000007bbf00000, 0x00000007bbf00000, 0x00000007bc000000|  0%| F|  |TAMS 0x00000007bbf00000| PB 0x00000007bbf00000| Untracked 
| 960|0x00000007bc000000, 0x00000007bc000000, 0x00000007bc100000|  0%| F|  |TAMS 0x00000007bc000000| PB 0x00000007bc000000| Untracked 
| 961|0x00000007bc100000, 0x00000007bc100000, 0x00000007bc200000|  0%| F|  |TAMS 0x00000007bc100000| PB 0x00000007bc100000| Untracked 
| 962|0x00000007bc200000, 0x00000007bc200000, 0x00000007bc300000|  0%| F|  |TAMS 0x00000007bc200000| PB 0x00000007bc200000| Untracked 
| 963|0x00000007bc300000, 0x00000007bc300000, 0x00000007bc400000|  0%| F|  |TAMS 0x00000007bc300000| PB 0x00000007bc300000| Untracked 
| 964|0x00000007bc400000, 0x00000007bc400000, 0x00000007bc500000|  0%| F|  |TAMS 0x00000007bc400000| PB 0x00000007bc400000| Untracked 
| 965|0x00000007bc500000, 0x00000007bc500000, 0x00000007bc600000|  0%| F|  |TAMS 0x00000007bc500000| PB 0x00000007bc500000| Untracked 
| 966|0x00000007bc600000, 0x00000007bc600000, 0x00000007bc700000|  0%| F|  |TAMS 0x00000007bc600000| PB 0x00000007bc600000| Untracked 
| 967|0x00000007bc700000, 0x00000007bc700000, 0x00000007bc800000|  0%| F|  |TAMS 0x00000007bc700000| PB 0x00000007bc700000| Untracked 
| 968|0x00000007bc800000, 0x00000007bc800000, 0x00000007bc900000|  0%| F|  |TAMS 0x00000007bc800000| PB 0x00000007bc800000| Untracked 
| 969|0x00000007bc900000, 0x00000007bc900000, 0x00000007bca00000|  0%| F|  |TAMS 0x00000007bc900000| PB 0x00000007bc900000| Untracked 
| 970|0x00000007bca00000, 0x00000007bca00000, 0x00000007bcb00000|  0%| F|  |TAMS 0x00000007bca00000| PB 0x00000007bca00000| Untracked 
| 971|0x00000007bcb00000, 0x00000007bcb00000, 0x00000007bcc00000|  0%| F|  |TAMS 0x00000007bcb00000| PB 0x00000007bcb00000| Untracked 
| 972|0x00000007bcc00000, 0x00000007bcc00000, 0x00000007bcd00000|  0%| F|  |TAMS 0x00000007bcc00000| PB 0x00000007bcc00000| Untracked 
| 973|0x00000007bcd00000, 0x00000007bcd00000, 0x00000007bce00000|  0%| F|  |TAMS 0x00000007bcd00000| PB 0x00000007bcd00000| Untracked 
| 974|0x00000007bce00000, 0x00000007bce00000, 0x00000007bcf00000|  0%| F|  |TAMS 0x00000007bce00000| PB 0x00000007bce00000| Untracked 
| 975|0x00000007bcf00000, 0x00000007bcf00000, 0x00000007bd000000|  0%| F|  |TAMS 0x00000007bcf00000| PB 0x00000007bcf00000| Untracked 
| 976|0x00000007bd000000, 0x00000007bd000000, 0x00000007bd100000|  0%| F|  |TAMS 0x00000007bd000000| PB 0x00000007bd000000| Untracked 
| 977|0x00000007bd100000, 0x00000007bd100000, 0x00000007bd200000|  0%| F|  |TAMS 0x00000007bd100000| PB 0x00000007bd100000| Untracked 
| 978|0x00000007bd200000, 0x00000007bd200000, 0x00000007bd300000|  0%| F|  |TAMS 0x00000007bd200000| PB 0x00000007bd200000| Untracked 
| 979|0x00000007bd300000, 0x00000007bd300000, 0x00000007bd400000|  0%| F|  |TAMS 0x00000007bd300000| PB 0x00000007bd300000| Untracked 
| 980|0x00000007bd400000, 0x00000007bd400000, 0x00000007bd500000|  0%| F|  |TAMS 0x00000007bd400000| PB 0x00000007bd400000| Untracked 
| 981|0x00000007bd500000, 0x00000007bd500000, 0x00000007bd600000|  0%| F|  |TAMS 0x00000007bd500000| PB 0x00000007bd500000| Untracked 
| 982|0x00000007bd600000, 0x00000007bd600000, 0x00000007bd700000|  0%| F|  |TAMS 0x00000007bd600000| PB 0x00000007bd600000| Untracked 
| 983|0x00000007bd700000, 0x00000007bd700000, 0x00000007bd800000|  0%| F|  |TAMS 0x00000007bd700000| PB 0x00000007bd700000| Untracked 
| 984|0x00000007bd800000, 0x00000007bd800000, 0x00000007bd900000|  0%| F|  |TAMS 0x00000007bd800000| PB 0x00000007bd800000| Untracked 
| 985|0x00000007bd900000, 0x00000007bd900000, 0x00000007bda00000|  0%| F|  |TAMS 0x00000007bd900000| PB 0x00000007bd900000| Untracked 
| 986|0x00000007bda00000, 0x00000007bda00000, 0x00000007bdb00000|  0%| F|  |TAMS 0x00000007bda00000| PB 0x00000007bda00000| Untracked 
| 987|0x00000007bdb00000, 0x00000007bdb00000, 0x00000007bdc00000|  0%| F|  |TAMS 0x00000007bdb00000| PB 0x00000007bdb00000| Untracked 
| 988|0x00000007bdc00000, 0x00000007bdc00000, 0x00000007bdd00000|  0%| F|  |TAMS 0x00000007bdc00000| PB 0x00000007bdc00000| Untracked 
| 989|0x00000007bdd00000, 0x00000007bdd00000, 0x00000007bde00000|  0%| F|  |TAMS 0x00000007bdd00000| PB 0x00000007bdd00000| Untracked 
| 990|0x00000007bde00000, 0x00000007bde00000, 0x00000007bdf00000|  0%| F|  |TAMS 0x00000007bde00000| PB 0x00000007bde00000| Untracked 
| 991|0x00000007bdf00000, 0x00000007bdf00000, 0x00000007be000000|  0%| F|  |TAMS 0x00000007bdf00000| PB 0x00000007bdf00000| Untracked 
| 992|0x00000007be000000, 0x00000007be000000, 0x00000007be100000|  0%| F|  |TAMS 0x00000007be000000| PB 0x00000007be000000| Untracked 
| 993|0x00000007be100000, 0x00000007be100000, 0x00000007be200000|  0%| F|  |TAMS 0x00000007be100000| PB 0x00000007be100000| Untracked 
| 994|0x00000007be200000, 0x00000007be200000, 0x00000007be300000|  0%| F|  |TAMS 0x00000007be200000| PB 0x00000007be200000| Untracked 
| 995|0x00000007be300000, 0x00000007be300000, 0x00000007be400000|  0%| F|  |TAMS 0x00000007be300000| PB 0x00000007be300000| Untracked 
| 996|0x00000007be400000, 0x00000007be400000, 0x00000007be500000|  0%| F|  |TAMS 0x00000007be400000| PB 0x00000007be400000| Untracked 
| 997|0x00000007be500000, 0x00000007be500000, 0x00000007be600000|  0%| F|  |TAMS 0x00000007be500000| PB 0x00000007be500000| Untracked 
| 998|0x00000007be600000, 0x00000007be600000, 0x00000007be700000|  0%| F|  |TAMS 0x00000007be600000| PB 0x00000007be600000| Untracked 
| 999|0x00000007be700000, 0x00000007be700000, 0x00000007be800000|  0%| F|  |TAMS 0x00000007be700000| PB 0x00000007be700000| Untracked 
|1000|0x00000007be800000, 0x00000007be800000, 0x00000007be900000|  0%| F|  |TAMS 0x00000007be800000| PB 0x00000007be800000| Untracked 
|1001|0x00000007be900000, 0x00000007be900000, 0x00000007bea00000|  0%| F|  |TAMS 0x00000007be900000| PB 0x00000007be900000| Untracked 
|1002|0x00000007bea00000, 0x00000007bea00000, 0x00000007beb00000|  0%| F|  |TAMS 0x00000007bea00000| PB 0x00000007bea00000| Untracked 
|1003|0x00000007beb00000, 0x00000007beb00000, 0x00000007bec00000|  0%| F|  |TAMS 0x00000007beb00000| PB 0x00000007beb00000| Untracked 
|1004|0x00000007bec00000, 0x00000007bec00000, 0x00000007bed00000|  0%| F|  |TAMS 0x00000007bec00000| PB 0x00000007bec00000| Untracked 
|1005|0x00000007bed00000, 0x00000007bed00000, 0x00000007bee00000|  0%| F|  |TAMS 0x00000007bed00000| PB 0x00000007bed00000| Untracked 
|1006|0x00000007bee00000, 0x00000007bef00000, 0x00000007bef00000|100%| O|  |TAMS 0x00000007bee00000| PB 0x00000007bee00000| Complete 
|1007|0x00000007bef00000, 0x00000007bef00000, 0x00000007bf000000|  0%| F|  |TAMS 0x00000007bef00000| PB 0x00000007bef00000| Untracked 
|1008|0x00000007bf000000, 0x00000007bf000000, 0x00000007bf100000|  0%| F|  |TAMS 0x00000007bf000000| PB 0x00000007bf000000| Untracked 
|1009|0x00000007bf100000, 0x00000007bf100000, 0x00000007bf200000|  0%| F|  |TAMS 0x00000007bf100000| PB 0x00000007bf100000| Untracked 
|1010|0x00000007bf200000, 0x00000007bf200000, 0x00000007bf300000|  0%| F|  |TAMS 0x00000007bf200000| PB 0x00000007bf200000| Untracked 
|1011|0x00000007bf300000, 0x00000007bf300000, 0x00000007bf400000|  0%| F|  |TAMS 0x00000007bf300000| PB 0x00000007bf300000| Untracked 
|1012|0x00000007bf400000, 0x00000007bf400000, 0x00000007bf500000|  0%| F|  |TAMS 0x00000007bf400000| PB 0x00000007bf400000| Untracked 
|1013|0x00000007bf500000, 0x00000007bf500000, 0x00000007bf600000|  0%| F|  |TAMS 0x00000007bf500000| PB 0x00000007bf500000| Untracked 
|1014|0x00000007bf600000, 0x00000007bf600000, 0x00000007bf700000|  0%| F|  |TAMS 0x00000007bf600000| PB 0x00000007bf600000| Untracked 
|1015|0x00000007bf700000, 0x00000007bf700000, 0x00000007bf800000|  0%| F|  |TAMS 0x00000007bf700000| PB 0x00000007bf700000| Untracked 
|1016|0x00000007bf800000, 0x00000007bf800000, 0x00000007bf900000|  0%| F|  |TAMS 0x00000007bf800000| PB 0x00000007bf800000| Untracked 
|1017|0x00000007bf900000, 0x00000007bf900000, 0x00000007bfa00000|  0%| F|  |TAMS 0x00000007bf900000| PB 0x00000007bf900000| Untracked 
|1018|0x00000007bfa00000, 0x00000007bfa00000, 0x00000007bfb00000|  0%| F|  |TAMS 0x00000007bfa00000| PB 0x00000007bfa00000| Untracked 
|1019|0x00000007bfb00000, 0x00000007bfb00000, 0x00000007bfc00000|  0%| F|  |TAMS 0x00000007bfb00000| PB 0x00000007bfb00000| Untracked 
|1020|0x00000007bfc00000, 0x00000007bfc00000, 0x00000007bfd00000|  0%| F|  |TAMS 0x00000007bfc00000| PB 0x00000007bfc00000| Untracked 
|1021|0x00000007bfd00000, 0x00000007bfd00000, 0x00000007bfe00000|  0%| F|  |TAMS 0x00000007bfd00000| PB 0x00000007bfd00000| Untracked 
|1022|0x00000007bfe00000, 0x00000007bfe00000, 0x00000007bff00000|  0%| F|  |TAMS 0x00000007bfe00000| PB 0x00000007bfe00000| Untracked 
|1023|0x00000007bff00000, 0x00000007bff00000, 0x00000007c0000000|  0%| F|  |TAMS 0x00000007bff00000| PB 0x00000007bff00000| Untracked 
|1024|0x00000007c0000000, 0x00000007c0000000, 0x00000007c0100000|  0%| F|  |TAMS 0x00000007c0000000| PB 0x00000007c0000000| Untracked 
|1025|0x00000007c0100000, 0x00000007c0100000, 0x00000007c0200000|  0%| F|  |TAMS 0x00000007c0100000| PB 0x00000007c0100000| Untracked 
|1026|0x00000007c0200000, 0x00000007c0200000, 0x00000007c0300000|  0%| F|  |TAMS 0x00000007c0200000| PB 0x00000007c0200000| Untracked 
|1027|0x00000007c0300000, 0x00000007c0300000, 0x00000007c0400000|  0%| F|  |TAMS 0x00000007c0300000| PB 0x00000007c0300000| Untracked 
|1028|0x00000007c0400000, 0x00000007c0400000, 0x00000007c0500000|  0%| F|  |TAMS 0x00000007c0400000| PB 0x00000007c0400000| Untracked 
|1029|0x00000007c0500000, 0x00000007c0500000, 0x00000007c0600000|  0%| F|  |TAMS 0x00000007c0500000| PB 0x00000007c0500000| Untracked 
|1030|0x00000007c0600000, 0x00000007c0600000, 0x00000007c0700000|  0%| F|  |TAMS 0x00000007c0600000| PB 0x00000007c0600000| Untracked 
|1031|0x00000007c0700000, 0x00000007c0700000, 0x00000007c0800000|  0%| F|  |TAMS 0x00000007c0700000| PB 0x00000007c0700000| Untracked 
|1032|0x00000007c0800000, 0x00000007c0800000, 0x00000007c0900000|  0%| F|  |TAMS 0x00000007c0800000| PB 0x00000007c0800000| Untracked 
|1033|0x00000007c0900000, 0x00000007c0900000, 0x00000007c0a00000|  0%| F|  |TAMS 0x00000007c0900000| PB 0x00000007c0900000| Untracked 
|1034|0x00000007c0a00000, 0x00000007c0a00000, 0x00000007c0b00000|  0%| F|  |TAMS 0x00000007c0a00000| PB 0x00000007c0a00000| Untracked 
|1035|0x00000007c0b00000, 0x00000007c0b00000, 0x00000007c0c00000|  0%| F|  |TAMS 0x00000007c0b00000| PB 0x00000007c0b00000| Untracked 
|1036|0x00000007c0c00000, 0x00000007c0c00000, 0x00000007c0d00000|  0%| F|  |TAMS 0x00000007c0c00000| PB 0x00000007c0c00000| Untracked 
|1037|0x00000007c0d00000, 0x00000007c0d00000, 0x00000007c0e00000|  0%| F|  |TAMS 0x00000007c0d00000| PB 0x00000007c0d00000| Untracked 
|1038|0x00000007c0e00000, 0x00000007c0e00000, 0x00000007c0f00000|  0%| F|  |TAMS 0x00000007c0e00000| PB 0x00000007c0e00000| Untracked 
|1039|0x00000007c0f00000, 0x00000007c0f00000, 0x00000007c1000000|  0%| F|  |TAMS 0x00000007c0f00000| PB 0x00000007c0f00000| Untracked 
|1040|0x00000007c1000000, 0x00000007c1000000, 0x00000007c1100000|  0%| F|  |TAMS 0x00000007c1000000| PB 0x00000007c1000000| Untracked 
|1041|0x00000007c1100000, 0x00000007c1100000, 0x00000007c1200000|  0%| F|  |TAMS 0x00000007c1100000| PB 0x00000007c1100000| Untracked 
|1042|0x00000007c1200000, 0x00000007c1200000, 0x00000007c1300000|  0%| F|  |TAMS 0x00000007c1200000| PB 0x00000007c1200000| Untracked 
|1043|0x00000007c1300000, 0x00000007c1400000, 0x00000007c1400000|100%| O|  |TAMS 0x00000007c1300000| PB 0x00000007c1300000| Complete 
|1044|0x00000007c1400000, 0x00000007c1400000, 0x00000007c1500000|  0%| F|  |TAMS 0x00000007c1400000| PB 0x00000007c1400000| Untracked 
|1045|0x00000007c1500000, 0x00000007c1500000, 0x00000007c1600000|  0%| F|  |TAMS 0x00000007c1500000| PB 0x00000007c1500000| Untracked 
|1046|0x00000007c1600000, 0x00000007c1600000, 0x00000007c1700000|  0%| F|  |TAMS 0x00000007c1600000| PB 0x00000007c1600000| Untracked 
|1047|0x00000007c1700000, 0x00000007c1700000, 0x00000007c1800000|  0%| F|  |TAMS 0x00000007c1700000| PB 0x00000007c1700000| Untracked 
|1048|0x00000007c1800000, 0x00000007c1800000, 0x00000007c1900000|  0%| F|  |TAMS 0x00000007c1800000| PB 0x00000007c1800000| Untracked 
|1049|0x00000007c1900000, 0x00000007c1900000, 0x00000007c1a00000|  0%| F|  |TAMS 0x00000007c1900000| PB 0x00000007c1900000| Untracked 
|1050|0x00000007c1a00000, 0x00000007c1a00000, 0x00000007c1b00000|  0%| F|  |TAMS 0x00000007c1a00000| PB 0x00000007c1a00000| Untracked 
|1051|0x00000007c1b00000, 0x00000007c1b00000, 0x00000007c1c00000|  0%| F|  |TAMS 0x00000007c1b00000| PB 0x00000007c1b00000| Untracked 
|1052|0x00000007c1c00000, 0x00000007c1c00000, 0x00000007c1d00000|  0%| F|  |TAMS 0x00000007c1c00000| PB 0x00000007c1c00000| Untracked 
|1053|0x00000007c1d00000, 0x00000007c1d00000, 0x00000007c1e00000|  0%| F|  |TAMS 0x00000007c1d00000| PB 0x00000007c1d00000| Untracked 
|1054|0x00000007c1e00000, 0x00000007c1e00000, 0x00000007c1f00000|  0%| F|  |TAMS 0x00000007c1e00000| PB 0x00000007c1e00000| Untracked 
|1055|0x00000007c1f00000, 0x00000007c1f00000, 0x00000007c2000000|  0%| F|  |TAMS 0x00000007c1f00000| PB 0x00000007c1f00000| Untracked 
|1056|0x00000007c2000000, 0x00000007c2000000, 0x00000007c2100000|  0%| F|  |TAMS 0x00000007c2000000| PB 0x00000007c2000000| Untracked 
|1057|0x00000007c2100000, 0x00000007c2100000, 0x00000007c2200000|  0%| F|  |TAMS 0x00000007c2100000| PB 0x00000007c2100000| Untracked 
|1058|0x00000007c2200000, 0x00000007c2200000, 0x00000007c2300000|  0%| F|  |TAMS 0x00000007c2200000| PB 0x00000007c2200000| Untracked 
|1059|0x00000007c2300000, 0x00000007c2300000, 0x00000007c2400000|  0%| F|  |TAMS 0x00000007c2300000| PB 0x00000007c2300000| Untracked 
|1060|0x00000007c2400000, 0x00000007c2400000, 0x00000007c2500000|  0%| F|  |TAMS 0x00000007c2400000| PB 0x00000007c2400000| Untracked 
|1061|0x00000007c2500000, 0x00000007c2500000, 0x00000007c2600000|  0%| F|  |TAMS 0x00000007c2500000| PB 0x00000007c2500000| Untracked 
|1062|0x00000007c2600000, 0x00000007c2600000, 0x00000007c2700000|  0%| F|  |TAMS 0x00000007c2600000| PB 0x00000007c2600000| Untracked 
|1063|0x00000007c2700000, 0x00000007c2700000, 0x00000007c2800000|  0%| F|  |TAMS 0x00000007c2700000| PB 0x00000007c2700000| Untracked 
|1064|0x00000007c2800000, 0x00000007c2800000, 0x00000007c2900000|  0%| F|  |TAMS 0x00000007c2800000| PB 0x00000007c2800000| Untracked 
|1065|0x00000007c2900000, 0x00000007c2900000, 0x00000007c2a00000|  0%| F|  |TAMS 0x00000007c2900000| PB 0x00000007c2900000| Untracked 
|1066|0x00000007c2a00000, 0x00000007c2a00000, 0x00000007c2b00000|  0%| F|  |TAMS 0x00000007c2a00000| PB 0x00000007c2a00000| Untracked 
|1067|0x00000007c2b00000, 0x00000007c2b00000, 0x00000007c2c00000|  0%| F|  |TAMS 0x00000007c2b00000| PB 0x00000007c2b00000| Untracked 
|1068|0x00000007c2c00000, 0x00000007c2c00000, 0x00000007c2d00000|  0%| F|  |TAMS 0x00000007c2c00000| PB 0x00000007c2c00000| Untracked 
|1069|0x00000007c2d00000, 0x00000007c2d00000, 0x00000007c2e00000|  0%| F|  |TAMS 0x00000007c2d00000| PB 0x00000007c2d00000| Untracked 
|1070|0x00000007c2e00000, 0x00000007c2e00000, 0x00000007c2f00000|  0%| F|  |TAMS 0x00000007c2e00000| PB 0x00000007c2e00000| Untracked 
|1071|0x00000007c2f00000, 0x00000007c2f00000, 0x00000007c3000000|  0%| F|  |TAMS 0x00000007c2f00000| PB 0x00000007c2f00000| Untracked 
|1072|0x00000007c3000000, 0x00000007c3000000, 0x00000007c3100000|  0%| F|  |TAMS 0x00000007c3000000| PB 0x00000007c3000000| Untracked 
|1073|0x00000007c3100000, 0x00000007c3100000, 0x00000007c3200000|  0%| F|  |TAMS 0x00000007c3100000| PB 0x00000007c3100000| Untracked 
|1074|0x00000007c3200000, 0x00000007c3280000, 0x00000007c3300000| 50%| S|CS|TAMS 0x00000007c3200000| PB 0x00000007c3200000| Complete 
|1075|0x00000007c3300000, 0x00000007c3400000, 0x00000007c3400000|100%| S|CS|TAMS 0x00000007c3300000| PB 0x00000007c3300000| Complete 
|1076|0x00000007c3400000, 0x00000007c3500000, 0x00000007c3500000|100%| S|CS|TAMS 0x00000007c3400000| PB 0x00000007c3400000| Complete 
|1077|0x00000007c3500000, 0x00000007c3600000, 0x00000007c3600000|100%| S|CS|TAMS 0x00000007c3500000| PB 0x00000007c3500000| Complete 
|1078|0x00000007c3600000, 0x00000007c3700000, 0x00000007c3700000|100%| S|CS|TAMS 0x00000007c3600000| PB 0x00000007c3600000| Complete 
|1079|0x00000007c3700000, 0x00000007c3800000, 0x00000007c3800000|100%| S|CS|TAMS 0x00000007c3700000| PB 0x00000007c3700000| Complete 
|1080|0x00000007c3800000, 0x00000007c3900000, 0x00000007c3900000|100%| S|CS|TAMS 0x00000007c3800000| PB 0x00000007c3800000| Complete 
|1081|0x00000007c3900000, 0x00000007c3a00000, 0x00000007c3a00000|100%| S|CS|TAMS 0x00000007c3900000| PB 0x00000007c3900000| Complete 
|1082|0x00000007c3a00000, 0x00000007c3b00000, 0x00000007c3b00000|100%| S|CS|TAMS 0x00000007c3a00000| PB 0x00000007c3a00000| Complete 
|1083|0x00000007c3b00000, 0x00000007c3c00000, 0x00000007c3c00000|100%| S|CS|TAMS 0x00000007c3b00000| PB 0x00000007c3b00000| Complete 
|1084|0x00000007c3c00000, 0x00000007c3d00000, 0x00000007c3d00000|100%| S|CS|TAMS 0x00000007c3c00000| PB 0x00000007c3c00000| Complete 
|1085|0x00000007c3d00000, 0x00000007c3e00000, 0x00000007c3e00000|100%| S|CS|TAMS 0x00000007c3d00000| PB 0x00000007c3d00000| Complete 
|1086|0x00000007c3e00000, 0x00000007c3f00000, 0x00000007c3f00000|100%| S|CS|TAMS 0x00000007c3e00000| PB 0x00000007c3e00000| Complete 
|1087|0x00000007c3f00000, 0x00000007c4000000, 0x00000007c4000000|100%| S|CS|TAMS 0x00000007c3f00000| PB 0x00000007c3f00000| Complete 
|1088|0x00000007c4000000, 0x00000007c4100000, 0x00000007c4100000|100%| S|CS|TAMS 0x00000007c4000000| PB 0x00000007c4000000| Complete 
|1089|0x00000007c4100000, 0x00000007c4200000, 0x00000007c4200000|100%| S|CS|TAMS 0x00000007c4100000| PB 0x00000007c4100000| Complete 
|1090|0x00000007c4200000, 0x00000007c4300000, 0x00000007c4300000|100%| S|CS|TAMS 0x00000007c4200000| PB 0x00000007c4200000| Complete 
|1091|0x00000007c4300000, 0x00000007c4400000, 0x00000007c4400000|100%| S|CS|TAMS 0x00000007c4300000| PB 0x00000007c4300000| Complete 
|1092|0x00000007c4400000, 0x00000007c4500000, 0x00000007c4500000|100%| S|CS|TAMS 0x00000007c4400000| PB 0x00000007c4400000| Complete 
|1093|0x00000007c4500000, 0x00000007c4600000, 0x00000007c4600000|100%| S|CS|TAMS 0x00000007c4500000| PB 0x00000007c4500000| Complete 
|1094|0x00000007c4600000, 0x00000007c4700000, 0x00000007c4700000|100%| S|CS|TAMS 0x00000007c4600000| PB 0x00000007c4600000| Complete 
|1095|0x00000007c4700000, 0x00000007c4800000, 0x00000007c4800000|100%| S|CS|TAMS 0x00000007c4700000| PB 0x00000007c4700000| Complete 
|1096|0x00000007c4800000, 0x00000007c4900000, 0x00000007c4900000|100%| S|CS|TAMS 0x00000007c4800000| PB 0x00000007c4800000| Complete 
|1097|0x00000007c4900000, 0x00000007c4a00000, 0x00000007c4a00000|100%| S|CS|TAMS 0x00000007c4900000| PB 0x00000007c4900000| Complete 
|1098|0x00000007c4a00000, 0x00000007c4b00000, 0x00000007c4b00000|100%| S|CS|TAMS 0x00000007c4a00000| PB 0x00000007c4a00000| Complete 
|1099|0x00000007c4b00000, 0x00000007c4c00000, 0x00000007c4c00000|100%| S|CS|TAMS 0x00000007c4b00000| PB 0x00000007c4b00000| Complete 
|1100|0x00000007c4c00000, 0x00000007c4d00000, 0x00000007c4d00000|100%| S|CS|TAMS 0x00000007c4c00000| PB 0x00000007c4c00000| Complete 
|1101|0x00000007c4d00000, 0x00000007c4e00000, 0x00000007c4e00000|100%| S|CS|TAMS 0x00000007c4d00000| PB 0x00000007c4d00000| Complete 
|1102|0x00000007c4e00000, 0x00000007c4f00000, 0x00000007c4f00000|100%| S|CS|TAMS 0x00000007c4e00000| PB 0x00000007c4e00000| Complete 
|1103|0x00000007c4f00000, 0x00000007c5000000, 0x00000007c5000000|100%| S|CS|TAMS 0x00000007c4f00000| PB 0x00000007c4f00000| Complete 
|1104|0x00000007c5000000, 0x00000007c5100000, 0x00000007c5100000|100%| S|CS|TAMS 0x00000007c5000000| PB 0x00000007c5000000| Complete 
|1105|0x00000007c5100000, 0x00000007c5200000, 0x00000007c5200000|100%| S|CS|TAMS 0x00000007c5100000| PB 0x00000007c5100000| Complete 
|1106|0x00000007c5200000, 0x00000007c5300000, 0x00000007c5300000|100%| S|CS|TAMS 0x00000007c5200000| PB 0x00000007c5200000| Complete 
|1107|0x00000007c5300000, 0x00000007c5400000, 0x00000007c5400000|100%| S|CS|TAMS 0x00000007c5300000| PB 0x00000007c5300000| Complete 
|1108|0x00000007c5400000, 0x00000007c5500000, 0x00000007c5500000|100%| S|CS|TAMS 0x00000007c5400000| PB 0x00000007c5400000| Complete 
|1109|0x00000007c5500000, 0x00000007c5600000, 0x00000007c5600000|100%| S|CS|TAMS 0x00000007c5500000| PB 0x00000007c5500000| Complete 
|1110|0x00000007c5600000, 0x00000007c5700000, 0x00000007c5700000|100%| S|CS|TAMS 0x00000007c5600000| PB 0x00000007c5600000| Complete 
|1111|0x00000007c5700000, 0x00000007c5800000, 0x00000007c5800000|100%| S|CS|TAMS 0x00000007c5700000| PB 0x00000007c5700000| Complete 
|1112|0x00000007c5800000, 0x00000007c5900000, 0x00000007c5900000|100%| S|CS|TAMS 0x00000007c5800000| PB 0x00000007c5800000| Complete 
|1113|0x00000007c5900000, 0x00000007c5a00000, 0x00000007c5a00000|100%| S|CS|TAMS 0x00000007c5900000| PB 0x00000007c5900000| Complete 
|1114|0x00000007c5a00000, 0x00000007c5b00000, 0x00000007c5b00000|100%| S|CS|TAMS 0x00000007c5a00000| PB 0x00000007c5a00000| Complete 
|1115|0x00000007c5b00000, 0x00000007c5c00000, 0x00000007c5c00000|100%| S|CS|TAMS 0x00000007c5b00000| PB 0x00000007c5b00000| Complete 
|1116|0x00000007c5c00000, 0x00000007c5d00000, 0x00000007c5d00000|100%| S|CS|TAMS 0x00000007c5c00000| PB 0x00000007c5c00000| Complete 
|1117|0x00000007c5d00000, 0x00000007c5e00000, 0x00000007c5e00000|100%| S|CS|TAMS 0x00000007c5d00000| PB 0x00000007c5d00000| Complete 
|1118|0x00000007c5e00000, 0x00000007c5f00000, 0x00000007c5f00000|100%| S|CS|TAMS 0x00000007c5e00000| PB 0x00000007c5e00000| Complete 
|1119|0x00000007c5f00000, 0x00000007c6000000, 0x00000007c6000000|100%| S|CS|TAMS 0x00000007c5f00000| PB 0x00000007c5f00000| Complete 
|1120|0x00000007c6000000, 0x00000007c6100000, 0x00000007c6100000|100%| S|CS|TAMS 0x00000007c6000000| PB 0x00000007c6000000| Complete 
|1121|0x00000007c6100000, 0x00000007c6200000, 0x00000007c6200000|100%| S|CS|TAMS 0x00000007c6100000| PB 0x00000007c6100000| Complete 
|1122|0x00000007c6200000, 0x00000007c6300000, 0x00000007c6300000|100%| S|CS|TAMS 0x00000007c6200000| PB 0x00000007c6200000| Complete 
|1123|0x00000007c6300000, 0x00000007c6400000, 0x00000007c6400000|100%| S|CS|TAMS 0x00000007c6300000| PB 0x00000007c6300000| Complete 
|1124|0x00000007c6400000, 0x00000007c6500000, 0x00000007c6500000|100%| S|CS|TAMS 0x00000007c6400000| PB 0x00000007c6400000| Complete 
|1125|0x00000007c6500000, 0x00000007c6600000, 0x00000007c6600000|100%| S|CS|TAMS 0x00000007c6500000| PB 0x00000007c6500000| Complete 
|1126|0x00000007c6600000, 0x00000007c6700000, 0x00000007c6700000|100%| S|CS|TAMS 0x00000007c6600000| PB 0x00000007c6600000| Complete 
|1127|0x00000007c6700000, 0x00000007c6800000, 0x00000007c6800000|100%| S|CS|TAMS 0x00000007c6700000| PB 0x00000007c6700000| Complete 
|1128|0x00000007c6800000, 0x00000007c6900000, 0x00000007c6900000|100%| S|CS|TAMS 0x00000007c6800000| PB 0x00000007c6800000| Complete 
|1129|0x00000007c6900000, 0x00000007c6a00000, 0x00000007c6a00000|100%| S|CS|TAMS 0x00000007c6900000| PB 0x00000007c6900000| Complete 
|1130|0x00000007c6a00000, 0x00000007c6b00000, 0x00000007c6b00000|100%| S|CS|TAMS 0x00000007c6a00000| PB 0x00000007c6a00000| Complete 
|1131|0x00000007c6b00000, 0x00000007c6c00000, 0x00000007c6c00000|100%| S|CS|TAMS 0x00000007c6b00000| PB 0x00000007c6b00000| Complete 
|1132|0x00000007c6c00000, 0x00000007c6d00000, 0x00000007c6d00000|100%| S|CS|TAMS 0x00000007c6c00000| PB 0x00000007c6c00000| Complete 
|1133|0x00000007c6d00000, 0x00000007c6e00000, 0x00000007c6e00000|100%| S|CS|TAMS 0x00000007c6d00000| PB 0x00000007c6d00000| Complete 
|1134|0x00000007c6e00000, 0x00000007c6f00000, 0x00000007c6f00000|100%| S|CS|TAMS 0x00000007c6e00000| PB 0x00000007c6e00000| Complete 
|1135|0x00000007c6f00000, 0x00000007c7000000, 0x00000007c7000000|100%| S|CS|TAMS 0x00000007c6f00000| PB 0x00000007c6f00000| Complete 
|1136|0x00000007c7000000, 0x00000007c7100000, 0x00000007c7100000|100%| O|  |TAMS 0x00000007c7000000| PB 0x00000007c7000000| Complete 
|1137|0x00000007c7100000, 0x00000007c7200000, 0x00000007c7200000|100%| O|  |TAMS 0x00000007c7100000| PB 0x00000007c7100000| Complete 
|1138|0x00000007c7200000, 0x00000007c7300000, 0x00000007c7300000|100%| O|  |TAMS 0x00000007c7200000| PB 0x00000007c7200000| Complete 
|1139|0x00000007c7300000, 0x00000007c7400000, 0x00000007c7400000|100%| S|CS|TAMS 0x00000007c7300000| PB 0x00000007c7300000| Complete 
|1140|0x00000007c7400000, 0x00000007c7500000, 0x00000007c7500000|100%| S|CS|TAMS 0x00000007c7400000| PB 0x00000007c7400000| Complete 
|1141|0x00000007c7500000, 0x00000007c7600000, 0x00000007c7600000|100%| S|CS|TAMS 0x00000007c7500000| PB 0x00000007c7500000| Complete 
|1142|0x00000007c7600000, 0x00000007c7700000, 0x00000007c7700000|100%| S|CS|TAMS 0x00000007c7600000| PB 0x00000007c7600000| Complete 
|1143|0x00000007c7700000, 0x00000007c7700000, 0x00000007c7800000|  0%| F|  |TAMS 0x00000007c7700000| PB 0x00000007c7700000| Untracked 
|1144|0x00000007c7800000, 0x00000007c7800000, 0x00000007c7900000|  0%| F|  |TAMS 0x00000007c7800000| PB 0x00000007c7800000| Untracked 
|1145|0x00000007c7900000, 0x00000007c7900000, 0x00000007c7a00000|  0%| F|  |TAMS 0x00000007c7900000| PB 0x00000007c7900000| Untracked 
|1146|0x00000007c7a00000, 0x00000007c7a00000, 0x00000007c7b00000|  0%| F|  |TAMS 0x00000007c7a00000| PB 0x00000007c7a00000| Untracked 
|1147|0x00000007c7b00000, 0x00000007c7b00000, 0x00000007c7c00000|  0%| F|  |TAMS 0x00000007c7b00000| PB 0x00000007c7b00000| Untracked 
|1148|0x00000007c7c00000, 0x00000007c7c00000, 0x00000007c7d00000|  0%| F|  |TAMS 0x00000007c7c00000| PB 0x00000007c7c00000| Untracked 
|1149|0x00000007c7d00000, 0x00000007c7d00000, 0x00000007c7e00000|  0%| F|  |TAMS 0x00000007c7d00000| PB 0x00000007c7d00000| Untracked 
|1150|0x00000007c7e00000, 0x00000007c7e00000, 0x00000007c7f00000|  0%| F|  |TAMS 0x00000007c7e00000| PB 0x00000007c7e00000| Untracked 
|1151|0x00000007c7f00000, 0x00000007c8000000, 0x00000007c8000000|100%| O|  |TAMS 0x00000007c7f00000| PB 0x00000007c7f00000| Complete 
|1152|0x00000007c8000000, 0x00000007c8100000, 0x00000007c8100000|100%| O|  |TAMS 0x00000007c8000000| PB 0x00000007c8000000| Complete 
|1153|0x00000007c8100000, 0x00000007c8100000, 0x00000007c8200000|  0%| F|  |TAMS 0x00000007c8100000| PB 0x00000007c8100000| Untracked 
|1154|0x00000007c8200000, 0x00000007c8300000, 0x00000007c8300000|100%| O|  |TAMS 0x00000007c8200000| PB 0x00000007c8200000| Complete 
|1155|0x00000007c8300000, 0x00000007c8400000, 0x00000007c8400000|100%| O|  |TAMS 0x00000007c8300000| PB 0x00000007c8300000| Complete 
|1156|0x00000007c8400000, 0x00000007c8500000, 0x00000007c8500000|100%| O|  |TAMS 0x00000007c8400000| PB 0x00000007c8400000| Complete 
|1157|0x00000007c8500000, 0x00000007c8500000, 0x00000007c8600000|  0%| F|  |TAMS 0x00000007c8500000| PB 0x00000007c8500000| Untracked 
|1158|0x00000007c8600000, 0x00000007c8700000, 0x00000007c8700000|100%| O|  |TAMS 0x00000007c8600000| PB 0x00000007c8600000| Complete 
|1159|0x00000007c8700000, 0x00000007c8700000, 0x00000007c8800000|  0%| F|  |TAMS 0x00000007c8700000| PB 0x00000007c8700000| Untracked 
|1160|0x00000007c8800000, 0x00000007c8800000, 0x00000007c8900000|  0%| F|  |TAMS 0x00000007c8800000| PB 0x00000007c8800000| Untracked 
|1161|0x00000007c8900000, 0x00000007c8900000, 0x00000007c8a00000|  0%| F|  |TAMS 0x00000007c8900000| PB 0x00000007c8900000| Untracked 
|1162|0x00000007c8a00000, 0x00000007c8a00000, 0x00000007c8b00000|  0%| F|  |TAMS 0x00000007c8a00000| PB 0x00000007c8a00000| Untracked 
|1163|0x00000007c8b00000, 0x00000007c8b00000, 0x00000007c8c00000|  0%| F|  |TAMS 0x00000007c8b00000| PB 0x00000007c8b00000| Untracked 
|1164|0x00000007c8c00000, 0x00000007c8d00000, 0x00000007c8d00000|100%| O|  |TAMS 0x00000007c8c00000| PB 0x00000007c8c00000| Complete 
|1165|0x00000007c8d00000, 0x00000007c8e00000, 0x00000007c8e00000|100%| O|  |TAMS 0x00000007c8d00000| PB 0x00000007c8d00000| Complete 
|1166|0x00000007c8e00000, 0x00000007c8f00000, 0x00000007c8f00000|100%| O|  |TAMS 0x00000007c8e00000| PB 0x00000007c8e00000| Complete 
|1167|0x00000007c8f00000, 0x00000007c8f00000, 0x00000007c9000000|  0%| F|  |TAMS 0x00000007c8f00000| PB 0x00000007c8f00000| Untracked 
|1168|0x00000007c9000000, 0x00000007c9000000, 0x00000007c9100000|  0%| F|  |TAMS 0x00000007c9000000| PB 0x00000007c9000000| Untracked 
|1169|0x00000007c9100000, 0x00000007c9200000, 0x00000007c9200000|100%| O|  |TAMS 0x00000007c9100000| PB 0x00000007c9100000| Complete 
|1170|0x00000007c9200000, 0x00000007c9200000, 0x00000007c9300000|  0%| F|  |TAMS 0x00000007c9200000| PB 0x00000007c9200000| Untracked 
|1171|0x00000007c9300000, 0x00000007c9400000, 0x00000007c9400000|100%| O|  |TAMS 0x00000007c9300000| PB 0x00000007c9300000| Complete 
|1172|0x00000007c9400000, 0x00000007c9400000, 0x00000007c9500000|  0%| F|  |TAMS 0x00000007c9400000| PB 0x00000007c9400000| Untracked 
|1173|0x00000007c9500000, 0x00000007c9500000, 0x00000007c9600000|  0%| F|  |TAMS 0x00000007c9500000| PB 0x00000007c9500000| Untracked 
|1174|0x00000007c9600000, 0x00000007c9700000, 0x00000007c9700000|100%| O|  |TAMS 0x00000007c9600000| PB 0x00000007c9600000| Complete 
|1175|0x00000007c9700000, 0x00000007c9700000, 0x00000007c9800000|  0%| F|  |TAMS 0x00000007c9700000| PB 0x00000007c9700000| Untracked 
|1176|0x00000007c9800000, 0x00000007c9800000, 0x00000007c9900000|  0%| F|  |TAMS 0x00000007c9800000| PB 0x00000007c9800000| Untracked 
|1177|0x00000007c9900000, 0x00000007c9900000, 0x00000007c9a00000|  0%| F|  |TAMS 0x00000007c9900000| PB 0x00000007c9900000| Untracked 
|1178|0x00000007c9a00000, 0x00000007c9a00000, 0x00000007c9b00000|  0%| F|  |TAMS 0x00000007c9a00000| PB 0x00000007c9a00000| Untracked 
|1179|0x00000007c9b00000, 0x00000007c9c00000, 0x00000007c9c00000|100%| O|  |TAMS 0x00000007c9b00000| PB 0x00000007c9b00000| Complete 
|1180|0x00000007c9c00000, 0x00000007c9d00000, 0x00000007c9d00000|100%| O|  |TAMS 0x00000007c9c00000| PB 0x00000007c9c00000| Complete 
|1181|0x00000007c9d00000, 0x00000007c9d00000, 0x00000007c9e00000|  0%| F|  |TAMS 0x00000007c9d00000| PB 0x00000007c9d00000| Untracked 
|1182|0x00000007c9e00000, 0x00000007c9f00000, 0x00000007c9f00000|100%| O|  |TAMS 0x00000007c9e00000| PB 0x00000007c9e00000| Complete 
|1183|0x00000007c9f00000, 0x00000007ca000000, 0x00000007ca000000|100%| O|  |TAMS 0x00000007c9f00000| PB 0x00000007c9f00000| Complete 
|1184|0x00000007ca000000, 0x00000007ca100000, 0x00000007ca100000|100%| O|  |TAMS 0x00000007ca000000| PB 0x00000007ca000000| Complete 
|1185|0x00000007ca100000, 0x00000007ca200000, 0x00000007ca200000|100%| O|  |TAMS 0x00000007ca100000| PB 0x00000007ca100000| Complete 
|1186|0x00000007ca200000, 0x00000007ca200000, 0x00000007ca300000|  0%| F|  |TAMS 0x00000007ca200000| PB 0x00000007ca200000| Untracked 
|1187|0x00000007ca300000, 0x00000007ca300000, 0x00000007ca400000|  0%| F|  |TAMS 0x00000007ca300000| PB 0x00000007ca300000| Untracked 
|1188|0x00000007ca400000, 0x00000007ca400000, 0x00000007ca500000|  0%| F|  |TAMS 0x00000007ca400000| PB 0x00000007ca400000| Untracked 
|1189|0x00000007ca500000, 0x00000007ca500000, 0x00000007ca600000|  0%| F|  |TAMS 0x00000007ca500000| PB 0x00000007ca500000| Untracked 
|1190|0x00000007ca600000, 0x00000007ca600000, 0x00000007ca700000|  0%| F|  |TAMS 0x00000007ca600000| PB 0x00000007ca600000| Untracked 
|1191|0x00000007ca700000, 0x00000007ca800000, 0x00000007ca800000|100%| O|  |TAMS 0x00000007ca700000| PB 0x00000007ca700000| Complete 
|1192|0x00000007ca800000, 0x00000007ca900000, 0x00000007ca900000|100%| O|  |TAMS 0x00000007ca800000| PB 0x00000007ca800000| Complete 
|1193|0x00000007ca900000, 0x00000007caa00000, 0x00000007caa00000|100%| O|  |TAMS 0x00000007ca900000| PB 0x00000007ca900000| Complete 
|1194|0x00000007caa00000, 0x00000007cab00000, 0x00000007cab00000|100%| O|  |TAMS 0x00000007caa00000| PB 0x00000007caa00000| Complete 
|1195|0x00000007cab00000, 0x00000007cac00000, 0x00000007cac00000|100%| O|  |TAMS 0x00000007cab00000| PB 0x00000007cab00000| Complete 
|1196|0x00000007cac00000, 0x00000007cac00000, 0x00000007cad00000|  0%| F|  |TAMS 0x00000007cac00000| PB 0x00000007cac00000| Untracked 
|1197|0x00000007cad00000, 0x00000007cae00000, 0x00000007cae00000|100%| O|  |TAMS 0x00000007cad00000| PB 0x00000007cad00000| Complete 
|1198|0x00000007cae00000, 0x00000007cae00000, 0x00000007caf00000|  0%| F|  |TAMS 0x00000007cae00000| PB 0x00000007cae00000| Untracked 
|1199|0x00000007caf00000, 0x00000007cb000000, 0x00000007cb000000|100%| O|  |TAMS 0x00000007caf00000| PB 0x00000007caf00000| Complete 
|1200|0x00000007cb000000, 0x00000007cb000000, 0x00000007cb100000|  0%| F|  |TAMS 0x00000007cb000000| PB 0x00000007cb000000| Untracked 
|1201|0x00000007cb100000, 0x00000007cb100000, 0x00000007cb200000|  0%| F|  |TAMS 0x00000007cb100000| PB 0x00000007cb100000| Untracked 
|1202|0x00000007cb200000, 0x00000007cb300000, 0x00000007cb300000|100%| O|  |TAMS 0x00000007cb200000| PB 0x00000007cb200000| Complete 
|1203|0x00000007cb300000, 0x00000007cb400000, 0x00000007cb400000|100%| O|  |TAMS 0x00000007cb300000| PB 0x00000007cb300000| Complete 
|1204|0x00000007cb400000, 0x00000007cb500000, 0x00000007cb500000|100%| O|  |TAMS 0x00000007cb400000| PB 0x00000007cb400000| Complete 
|1205|0x00000007cb500000, 0x00000007cb600000, 0x00000007cb600000|100%| O|  |TAMS 0x00000007cb500000| PB 0x00000007cb500000| Complete 
|1206|0x00000007cb600000, 0x00000007cb700000, 0x00000007cb700000|100%| O|  |TAMS 0x00000007cb600000| PB 0x00000007cb600000| Complete 
|1207|0x00000007cb700000, 0x00000007cb800000, 0x00000007cb800000|100%| O|  |TAMS 0x00000007cb700000| PB 0x00000007cb700000| Complete 
|1208|0x00000007cb800000, 0x00000007cb900000, 0x00000007cb900000|100%| O|  |TAMS 0x00000007cb800000| PB 0x00000007cb800000| Complete 
|1209|0x00000007cb900000, 0x00000007cba00000, 0x00000007cba00000|100%| O|  |TAMS 0x00000007cb900000| PB 0x00000007cb900000| Complete 
|1210|0x00000007cba00000, 0x00000007cba00000, 0x00000007cbb00000|  0%| F|  |TAMS 0x00000007cba00000| PB 0x00000007cba00000| Untracked 
|1211|0x00000007cbb00000, 0x00000007cbc00000, 0x00000007cbc00000|100%| O|  |TAMS 0x00000007cbb00000| PB 0x00000007cbb00000| Complete 
|1212|0x00000007cbc00000, 0x00000007cbc00000, 0x00000007cbd00000|  0%| F|  |TAMS 0x00000007cbc00000| PB 0x00000007cbc00000| Untracked 
|1213|0x00000007cbd00000, 0x00000007cbe00000, 0x00000007cbe00000|100%| O|  |TAMS 0x00000007cbd00000| PB 0x00000007cbd00000| Complete 
|1214|0x00000007cbe00000, 0x00000007cbe00000, 0x00000007cbf00000|  0%| F|  |TAMS 0x00000007cbe00000| PB 0x00000007cbe00000| Untracked 
|1215|0x00000007cbf00000, 0x00000007cc000000, 0x00000007cc000000|100%| O|  |TAMS 0x00000007cbf00000| PB 0x00000007cbf00000| Complete 
|1216|0x00000007cc000000, 0x00000007cc100000, 0x00000007cc100000|100%| O|  |TAMS 0x00000007cc000000| PB 0x00000007cc000000| Complete 
|1217|0x00000007cc100000, 0x00000007cc200000, 0x00000007cc200000|100%| O|  |TAMS 0x00000007cc100000| PB 0x00000007cc100000| Complete 
|1218|0x00000007cc200000, 0x00000007cc300000, 0x00000007cc300000|100%| O|  |TAMS 0x00000007cc200000| PB 0x00000007cc200000| Complete 
|1219|0x00000007cc300000, 0x00000007cc400000, 0x00000007cc400000|100%| O|  |TAMS 0x00000007cc300000| PB 0x00000007cc300000| Complete 
|1220|0x00000007cc400000, 0x00000007cc500000, 0x00000007cc500000|100%| O|  |TAMS 0x00000007cc400000| PB 0x00000007cc400000| Complete 
|1221|0x00000007cc500000, 0x00000007cc600000, 0x00000007cc600000|100%| O|  |TAMS 0x00000007cc500000| PB 0x00000007cc500000| Complete 
|1222|0x00000007cc600000, 0x00000007cc700000, 0x00000007cc700000|100%| O|  |TAMS 0x00000007cc600000| PB 0x00000007cc600000| Complete 
|1223|0x00000007cc700000, 0x00000007cc700000, 0x00000007cc800000|  0%| F|  |TAMS 0x00000007cc700000| PB 0x00000007cc700000| Untracked 
|1224|0x00000007cc800000, 0x00000007cc900000, 0x00000007cc900000|100%| O|  |TAMS 0x00000007cc800000| PB 0x00000007cc800000| Complete 
|1225|0x00000007cc900000, 0x00000007cc900000, 0x00000007cca00000|  0%| F|  |TAMS 0x00000007cc900000| PB 0x00000007cc900000| Untracked 
|1226|0x00000007cca00000, 0x00000007ccb00000, 0x00000007ccb00000|100%| O|  |TAMS 0x00000007cca00000| PB 0x00000007cca00000| Complete 
|1227|0x00000007ccb00000, 0x00000007ccc00000, 0x00000007ccc00000|100%| O|  |TAMS 0x00000007ccb00000| PB 0x00000007ccb00000| Complete 
|1228|0x00000007ccc00000, 0x00000007ccd00000, 0x00000007ccd00000|100%| O|  |TAMS 0x00000007ccc00000| PB 0x00000007ccc00000| Complete 
|1229|0x00000007ccd00000, 0x00000007ccd00000, 0x00000007cce00000|  0%| F|  |TAMS 0x00000007ccd00000| PB 0x00000007ccd00000| Untracked 
|1230|0x00000007cce00000, 0x00000007ccf00000, 0x00000007ccf00000|100%| O|  |TAMS 0x00000007cce00000| PB 0x00000007cce00000| Complete 
|1231|0x00000007ccf00000, 0x00000007cd000000, 0x00000007cd000000|100%| O|  |TAMS 0x00000007ccf00000| PB 0x00000007ccf00000| Complete 
|1232|0x00000007cd000000, 0x00000007cd100000, 0x00000007cd100000|100%| O|  |TAMS 0x00000007cd000000| PB 0x00000007cd000000| Complete 
|1233|0x00000007cd100000, 0x00000007cd200000, 0x00000007cd200000|100%| O|  |TAMS 0x00000007cd100000| PB 0x00000007cd100000| Complete 
|1234|0x00000007cd200000, 0x00000007cd300000, 0x00000007cd300000|100%| O|  |TAMS 0x00000007cd200000| PB 0x00000007cd200000| Complete 
|1235|0x00000007cd300000, 0x00000007cd400000, 0x00000007cd400000|100%| O|  |TAMS 0x00000007cd300000| PB 0x00000007cd300000| Complete 
|1236|0x00000007cd400000, 0x00000007cd500000, 0x00000007cd500000|100%| O|  |TAMS 0x00000007cd400000| PB 0x00000007cd400000| Complete 
|1237|0x00000007cd500000, 0x00000007cd600000, 0x00000007cd600000|100%| O|  |TAMS 0x00000007cd500000| PB 0x00000007cd500000| Complete 
|1238|0x00000007cd600000, 0x00000007cd700000, 0x00000007cd700000|100%| O|  |TAMS 0x00000007cd600000| PB 0x00000007cd600000| Complete 
|1239|0x00000007cd700000, 0x00000007cd800000, 0x00000007cd800000|100%| O|  |TAMS 0x00000007cd700000| PB 0x00000007cd700000| Complete 
|1240|0x00000007cd800000, 0x00000007cd900000, 0x00000007cd900000|100%| O|  |TAMS 0x00000007cd800000| PB 0x00000007cd800000| Complete 
|1241|0x00000007cd900000, 0x00000007cda00000, 0x00000007cda00000|100%| O|  |TAMS 0x00000007cd900000| PB 0x00000007cd900000| Complete 
|1242|0x00000007cda00000, 0x00000007cdb00000, 0x00000007cdb00000|100%| O|  |TAMS 0x00000007cda00000| PB 0x00000007cda00000| Complete 
|1243|0x00000007cdb00000, 0x00000007cdc00000, 0x00000007cdc00000|100%| O|  |TAMS 0x00000007cdb00000| PB 0x00000007cdb00000| Complete 
|1244|0x00000007cdc00000, 0x00000007cdd00000, 0x00000007cdd00000|100%| O|  |TAMS 0x00000007cdc00000| PB 0x00000007cdc00000| Complete 
|1245|0x00000007cdd00000, 0x00000007cde00000, 0x00000007cde00000|100%| O|  |TAMS 0x00000007cdd00000| PB 0x00000007cdd00000| Complete 
|1246|0x00000007cde00000, 0x00000007cdf00000, 0x00000007cdf00000|100%| O|  |TAMS 0x00000007cde00000| PB 0x00000007cde00000| Complete 
|1247|0x00000007cdf00000, 0x00000007ce000000, 0x00000007ce000000|100%| O|  |TAMS 0x00000007cdf00000| PB 0x00000007cdf00000| Complete 
|1248|0x00000007ce000000, 0x00000007ce000000, 0x00000007ce100000|  0%| F|  |TAMS 0x00000007ce000000| PB 0x00000007ce000000| Untracked 
|1249|0x00000007ce100000, 0x00000007ce200000, 0x00000007ce200000|100%| O|  |TAMS 0x00000007ce100000| PB 0x00000007ce100000| Complete 
|1250|0x00000007ce200000, 0x00000007ce300000, 0x00000007ce300000|100%| O|  |TAMS 0x00000007ce200000| PB 0x00000007ce200000| Complete 
|1251|0x00000007ce300000, 0x00000007ce400000, 0x00000007ce400000|100%| O|  |TAMS 0x00000007ce300000| PB 0x00000007ce300000| Complete 
|1252|0x00000007ce400000, 0x00000007ce400000, 0x00000007ce500000|  0%| F|  |TAMS 0x00000007ce400000| PB 0x00000007ce400000| Untracked 
|1253|0x00000007ce500000, 0x00000007ce600000, 0x00000007ce600000|100%| O|  |TAMS 0x00000007ce500000| PB 0x00000007ce500000| Complete 
|1254|0x00000007ce600000, 0x00000007ce700000, 0x00000007ce700000|100%| O|  |TAMS 0x00000007ce600000| PB 0x00000007ce600000| Complete 
|1255|0x00000007ce700000, 0x00000007ce800000, 0x00000007ce800000|100%| O|  |TAMS 0x00000007ce700000| PB 0x00000007ce700000| Complete 
|1256|0x00000007ce800000, 0x00000007ce900000, 0x00000007ce900000|100%| O|  |TAMS 0x00000007ce800000| PB 0x00000007ce800000| Complete 
|1257|0x00000007ce900000, 0x00000007cea00000, 0x00000007cea00000|100%| O|  |TAMS 0x00000007ce900000| PB 0x00000007ce900000| Complete 
|1258|0x00000007cea00000, 0x00000007ceb00000, 0x00000007ceb00000|100%| O|  |TAMS 0x00000007cea00000| PB 0x00000007cea00000| Complete 
|1259|0x00000007ceb00000, 0x00000007cec00000, 0x00000007cec00000|100%| O|  |TAMS 0x00000007ceb00000| PB 0x00000007ceb00000| Complete 
|1260|0x00000007cec00000, 0x00000007ced00000, 0x00000007ced00000|100%| O|  |TAMS 0x00000007cec00000| PB 0x00000007cec00000| Complete 
|1261|0x00000007ced00000, 0x00000007cee00000, 0x00000007cee00000|100%| O|  |TAMS 0x00000007ced00000| PB 0x00000007ced00000| Complete 
|1262|0x00000007cee00000, 0x00000007cee00000, 0x00000007cef00000|  0%| F|  |TAMS 0x00000007cee00000| PB 0x00000007cee00000| Untracked 
|1263|0x00000007cef00000, 0x00000007cf000000, 0x00000007cf000000|100%| O|  |TAMS 0x00000007cef00000| PB 0x00000007cef00000| Complete 
|1264|0x00000007cf000000, 0x00000007cf100000, 0x00000007cf100000|100%| O|  |TAMS 0x00000007cf000000| PB 0x00000007cf000000| Complete 
|1265|0x00000007cf100000, 0x00000007cf200000, 0x00000007cf200000|100%| O|  |TAMS 0x00000007cf100000| PB 0x00000007cf100000| Complete 
|1266|0x00000007cf200000, 0x00000007cf300000, 0x00000007cf300000|100%| O|  |TAMS 0x00000007cf200000| PB 0x00000007cf200000| Complete 
|1267|0x00000007cf300000, 0x00000007cf400000, 0x00000007cf400000|100%| O|  |TAMS 0x00000007cf300000| PB 0x00000007cf300000| Complete 
|1268|0x00000007cf400000, 0x00000007cf500000, 0x00000007cf500000|100%| O|  |TAMS 0x00000007cf400000| PB 0x00000007cf400000| Complete 
|1269|0x00000007cf500000, 0x00000007cf600000, 0x00000007cf600000|100%| O|  |TAMS 0x00000007cf500000| PB 0x00000007cf500000| Complete 
|1270|0x00000007cf600000, 0x00000007cf700000, 0x00000007cf700000|100%| O|  |TAMS 0x00000007cf600000| PB 0x00000007cf600000| Complete 
|1271|0x00000007cf700000, 0x00000007cf800000, 0x00000007cf800000|100%| O|  |TAMS 0x00000007cf700000| PB 0x00000007cf700000| Complete 
|1272|0x00000007cf800000, 0x00000007cf900000, 0x00000007cf900000|100%| O|  |TAMS 0x00000007cf800000| PB 0x00000007cf800000| Complete 
|1273|0x00000007cf900000, 0x00000007cfa00000, 0x00000007cfa00000|100%| O|  |TAMS 0x00000007cf900000| PB 0x00000007cf900000| Complete 
|1274|0x00000007cfa00000, 0x00000007cfb00000, 0x00000007cfb00000|100%| O|  |TAMS 0x00000007cfa00000| PB 0x00000007cfa00000| Complete 
|1275|0x00000007cfb00000, 0x00000007cfc00000, 0x00000007cfc00000|100%| O|  |TAMS 0x00000007cfb00000| PB 0x00000007cfb00000| Complete 
|1276|0x00000007cfc00000, 0x00000007cfd00000, 0x00000007cfd00000|100%| O|  |TAMS 0x00000007cfc00000| PB 0x00000007cfc00000| Complete 
|1277|0x00000007cfd00000, 0x00000007cfe00000, 0x00000007cfe00000|100%| O|  |TAMS 0x00000007cfd00000| PB 0x00000007cfd00000| Complete 
|1278|0x00000007cfe00000, 0x00000007cff00000, 0x00000007cff00000|100%| O|  |TAMS 0x00000007cfe00000| PB 0x00000007cfe00000| Complete 
|1279|0x00000007cff00000, 0x00000007d0000000, 0x00000007d0000000|100%| O|  |TAMS 0x00000007cff00000| PB 0x00000007cff00000| Complete 
|1280|0x00000007d0000000, 0x00000007d0100000, 0x00000007d0100000|100%| O|  |TAMS 0x00000007d0000000| PB 0x00000007d0000000| Complete 
|1281|0x00000007d0100000, 0x00000007d0200000, 0x00000007d0200000|100%| O|  |TAMS 0x00000007d0100000| PB 0x00000007d0100000| Complete 
|1282|0x00000007d0200000, 0x00000007d0300000, 0x00000007d0300000|100%| O|  |TAMS 0x00000007d0200000| PB 0x00000007d0200000| Complete 
|1283|0x00000007d0300000, 0x00000007d0400000, 0x00000007d0400000|100%| O|  |TAMS 0x00000007d0300000| PB 0x00000007d0300000| Complete 
|1284|0x00000007d0400000, 0x00000007d0400000, 0x00000007d0500000|  0%| F|  |TAMS 0x00000007d0400000| PB 0x00000007d0400000| Untracked 
|1285|0x00000007d0500000, 0x00000007d0600000, 0x00000007d0600000|100%| O|  |TAMS 0x00000007d0500000| PB 0x00000007d0500000| Complete 
|1286|0x00000007d0600000, 0x00000007d0700000, 0x00000007d0700000|100%| O|  |TAMS 0x00000007d0600000| PB 0x00000007d0600000| Complete 
|1287|0x00000007d0700000, 0x00000007d0800000, 0x00000007d0800000|100%| O|  |TAMS 0x00000007d0700000| PB 0x00000007d0700000| Complete 
|1288|0x00000007d0800000, 0x00000007d0900000, 0x00000007d0900000|100%| O|  |TAMS 0x00000007d0800000| PB 0x00000007d0800000| Complete 
|1289|0x00000007d0900000, 0x00000007d0a00000, 0x00000007d0a00000|100%| O|  |TAMS 0x00000007d0900000| PB 0x00000007d0900000| Complete 
|1290|0x00000007d0a00000, 0x00000007d0b00000, 0x00000007d0b00000|100%| O|  |TAMS 0x00000007d0a00000| PB 0x00000007d0a00000| Complete 
|1291|0x00000007d0b00000, 0x00000007d0c00000, 0x00000007d0c00000|100%| O|  |TAMS 0x00000007d0b00000| PB 0x00000007d0b00000| Complete 
|1292|0x00000007d0c00000, 0x00000007d0d00000, 0x00000007d0d00000|100%| O|  |TAMS 0x00000007d0c00000| PB 0x00000007d0c00000| Complete 
|1293|0x00000007d0d00000, 0x00000007d0e00000, 0x00000007d0e00000|100%| O|  |TAMS 0x00000007d0d00000| PB 0x00000007d0d00000| Complete 
|1294|0x00000007d0e00000, 0x00000007d0f00000, 0x00000007d0f00000|100%| O|  |TAMS 0x00000007d0e00000| PB 0x00000007d0e00000| Complete 
|1295|0x00000007d0f00000, 0x00000007d0f00000, 0x00000007d1000000|  0%| F|  |TAMS 0x00000007d0f00000| PB 0x00000007d0f00000| Untracked 
|1296|0x00000007d1000000, 0x00000007d1100000, 0x00000007d1100000|100%| O|  |TAMS 0x00000007d1000000| PB 0x00000007d1000000| Complete 
|1297|0x00000007d1100000, 0x00000007d1200000, 0x00000007d1200000|100%| O|  |TAMS 0x00000007d1100000| PB 0x00000007d1100000| Complete 
|1298|0x00000007d1200000, 0x00000007d1300000, 0x00000007d1300000|100%| O|  |TAMS 0x00000007d1200000| PB 0x00000007d1200000| Complete 
|1299|0x00000007d1300000, 0x00000007d1400000, 0x00000007d1400000|100%| O|  |TAMS 0x00000007d1300000| PB 0x00000007d1300000| Complete 
|1300|0x00000007d1400000, 0x00000007d1500000, 0x00000007d1500000|100%| O|  |TAMS 0x00000007d1400000| PB 0x00000007d1400000| Complete 
|1301|0x00000007d1500000, 0x00000007d1600000, 0x00000007d1600000|100%| O|  |TAMS 0x00000007d1500000| PB 0x00000007d1500000| Complete 
|1302|0x00000007d1600000, 0x00000007d1700000, 0x00000007d1700000|100%| O|  |TAMS 0x00000007d1600000| PB 0x00000007d1600000| Complete 
|1303|0x00000007d1700000, 0x00000007d1800000, 0x00000007d1800000|100%| O|  |TAMS 0x00000007d1700000| PB 0x00000007d1700000| Complete 
|1304|0x00000007d1800000, 0x00000007d1900000, 0x00000007d1900000|100%| O|  |TAMS 0x00000007d1800000| PB 0x00000007d1800000| Complete 
|1305|0x00000007d1900000, 0x00000007d1a00000, 0x00000007d1a00000|100%| O|  |TAMS 0x00000007d1900000| PB 0x00000007d1900000| Complete 
|1306|0x00000007d1a00000, 0x00000007d1b00000, 0x00000007d1b00000|100%| O|  |TAMS 0x00000007d1a00000| PB 0x00000007d1a00000| Complete 
|1307|0x00000007d1b00000, 0x00000007d1c00000, 0x00000007d1c00000|100%| O|  |TAMS 0x00000007d1b00000| PB 0x00000007d1b00000| Complete 
|1308|0x00000007d1c00000, 0x00000007d1d00000, 0x00000007d1d00000|100%| O|  |TAMS 0x00000007d1c00000| PB 0x00000007d1c00000| Complete 
|1309|0x00000007d1d00000, 0x00000007d1e00000, 0x00000007d1e00000|100%| O|  |TAMS 0x00000007d1d00000| PB 0x00000007d1d00000| Complete 
|1310|0x00000007d1e00000, 0x00000007d1f00000, 0x00000007d1f00000|100%| O|  |TAMS 0x00000007d1e00000| PB 0x00000007d1e00000| Complete 
|1311|0x00000007d1f00000, 0x00000007d2000000, 0x00000007d2000000|100%| O|  |TAMS 0x00000007d1f00000| PB 0x00000007d1f00000| Complete 
|1312|0x00000007d2000000, 0x00000007d2100000, 0x00000007d2100000|100%| O|  |TAMS 0x00000007d2000000| PB 0x00000007d2000000| Complete 
|1313|0x00000007d2100000, 0x00000007d2200000, 0x00000007d2200000|100%| O|  |TAMS 0x00000007d2100000| PB 0x00000007d2100000| Complete 
|1314|0x00000007d2200000, 0x00000007d2300000, 0x00000007d2300000|100%| O|  |TAMS 0x00000007d2200000| PB 0x00000007d2200000| Complete 
|1315|0x00000007d2300000, 0x00000007d2400000, 0x00000007d2400000|100%| O|  |TAMS 0x00000007d2300000| PB 0x00000007d2300000| Complete 
|1316|0x00000007d2400000, 0x00000007d2500000, 0x00000007d2500000|100%| O|  |TAMS 0x00000007d2400000| PB 0x00000007d2400000| Complete 
|1317|0x00000007d2500000, 0x00000007d2600000, 0x00000007d2600000|100%| O|  |TAMS 0x00000007d2500000| PB 0x00000007d2500000| Complete 
|1318|0x00000007d2600000, 0x00000007d2700000, 0x00000007d2700000|100%| O|  |TAMS 0x00000007d2600000| PB 0x00000007d2600000| Complete 
|1319|0x00000007d2700000, 0x00000007d2800000, 0x00000007d2800000|100%| O|  |TAMS 0x00000007d2700000| PB 0x00000007d2700000| Complete 
|1320|0x00000007d2800000, 0x00000007d2900000, 0x00000007d2900000|100%| O|  |TAMS 0x00000007d2800000| PB 0x00000007d2800000| Complete 
|1321|0x00000007d2900000, 0x00000007d2a00000, 0x00000007d2a00000|100%| O|  |TAMS 0x00000007d2900000| PB 0x00000007d2900000| Complete 
|1322|0x00000007d2a00000, 0x00000007d2b00000, 0x00000007d2b00000|100%| O|  |TAMS 0x00000007d2a00000| PB 0x00000007d2a00000| Complete 
|1323|0x00000007d2b00000, 0x00000007d2c00000, 0x00000007d2c00000|100%| O|  |TAMS 0x00000007d2b00000| PB 0x00000007d2b00000| Complete 
|1324|0x00000007d2c00000, 0x00000007d2d00000, 0x00000007d2d00000|100%| O|  |TAMS 0x00000007d2c00000| PB 0x00000007d2c00000| Complete 
|1325|0x00000007d2d00000, 0x00000007d2d00000, 0x00000007d2e00000|  0%| F|  |TAMS 0x00000007d2d00000| PB 0x00000007d2d00000| Untracked 
|1326|0x00000007d2e00000, 0x00000007d2e00000, 0x00000007d2f00000|  0%| F|  |TAMS 0x00000007d2e00000| PB 0x00000007d2e00000| Untracked 
|1327|0x00000007d2f00000, 0x00000007d2f00000, 0x00000007d3000000|  0%| F|  |TAMS 0x00000007d2f00000| PB 0x00000007d2f00000| Untracked 
|1328|0x00000007d3000000, 0x00000007d3000000, 0x00000007d3100000|  0%| F|  |TAMS 0x00000007d3000000| PB 0x00000007d3000000| Untracked 
|1329|0x00000007d3100000, 0x00000007d3100000, 0x00000007d3200000|  0%| F|  |TAMS 0x00000007d3100000| PB 0x00000007d3100000| Untracked 
|1330|0x00000007d3200000, 0x00000007d3200000, 0x00000007d3300000|  0%| F|  |TAMS 0x00000007d3200000| PB 0x00000007d3200000| Untracked 
|1331|0x00000007d3300000, 0x00000007d3300000, 0x00000007d3400000|  0%| F|  |TAMS 0x00000007d3300000| PB 0x00000007d3300000| Untracked 
|1332|0x00000007d3400000, 0x00000007d3400000, 0x00000007d3500000|  0%| F|  |TAMS 0x00000007d3400000| PB 0x00000007d3400000| Untracked 
|1333|0x00000007d3500000, 0x00000007d3600000, 0x00000007d3600000|100%| O|  |TAMS 0x00000007d3500000| PB 0x00000007d3500000| Complete 
|1334|0x00000007d3600000, 0x00000007d3600000, 0x00000007d3700000|  0%| F|  |TAMS 0x00000007d3600000| PB 0x00000007d3600000| Untracked 
|1335|0x00000007d3700000, 0x00000007d3700000, 0x00000007d3800000|  0%| F|  |TAMS 0x00000007d3700000| PB 0x00000007d3700000| Untracked 
|1336|0x00000007d3800000, 0x00000007d3800000, 0x00000007d3900000|  0%| F|  |TAMS 0x00000007d3800000| PB 0x00000007d3800000| Untracked 
|1337|0x00000007d3900000, 0x00000007d3900000, 0x00000007d3a00000|  0%| F|  |TAMS 0x00000007d3900000| PB 0x00000007d3900000| Untracked 
|1338|0x00000007d3a00000, 0x00000007d3a00000, 0x00000007d3b00000|  0%| F|  |TAMS 0x00000007d3a00000| PB 0x00000007d3a00000| Untracked 
|1339|0x00000007d3b00000, 0x00000007d3c00000, 0x00000007d3c00000|100%| O|  |TAMS 0x00000007d3b00000| PB 0x00000007d3b00000| Complete 
|1340|0x00000007d3c00000, 0x00000007d3d00000, 0x00000007d3d00000|100%| O|  |TAMS 0x00000007d3c00000| PB 0x00000007d3c00000| Complete 
|1341|0x00000007d3d00000, 0x00000007d3d00000, 0x00000007d3e00000|  0%| F|  |TAMS 0x00000007d3d00000| PB 0x00000007d3d00000| Untracked 
|1342|0x00000007d3e00000, 0x00000007d3e00000, 0x00000007d3f00000|  0%| F|  |TAMS 0x00000007d3e00000| PB 0x00000007d3e00000| Untracked 
|1343|0x00000007d3f00000, 0x00000007d3f00000, 0x00000007d4000000|  0%| F|  |TAMS 0x00000007d3f00000| PB 0x00000007d3f00000| Untracked 
|1344|0x00000007d4000000, 0x00000007d4000000, 0x00000007d4100000|  0%| F|  |TAMS 0x00000007d4000000| PB 0x00000007d4000000| Untracked 
|1345|0x00000007d4100000, 0x00000007d4100000, 0x00000007d4200000|  0%| F|  |TAMS 0x00000007d4100000| PB 0x00000007d4100000| Untracked 
|1346|0x00000007d4200000, 0x00000007d4200000, 0x00000007d4300000|  0%| F|  |TAMS 0x00000007d4200000| PB 0x00000007d4200000| Untracked 
|1347|0x00000007d4300000, 0x00000007d4300000, 0x00000007d4400000|  0%| F|  |TAMS 0x00000007d4300000| PB 0x00000007d4300000| Untracked 
|1348|0x00000007d4400000, 0x00000007d4400000, 0x00000007d4500000|  0%| F|  |TAMS 0x00000007d4400000| PB 0x00000007d4400000| Untracked 
|1349|0x00000007d4500000, 0x00000007d4600000, 0x00000007d4600000|100%| O|  |TAMS 0x00000007d4500000| PB 0x00000007d4500000| Complete 
|1350|0x00000007d4600000, 0x00000007d4700000, 0x00000007d4700000|100%| O|  |TAMS 0x00000007d4600000| PB 0x00000007d4600000| Complete 
|1351|0x00000007d4700000, 0x00000007d4700000, 0x00000007d4800000|  0%| F|  |TAMS 0x00000007d4700000| PB 0x00000007d4700000| Untracked 
|1352|0x00000007d4800000, 0x00000007d4800000, 0x00000007d4900000|  0%| F|  |TAMS 0x00000007d4800000| PB 0x00000007d4800000| Untracked 
|1353|0x00000007d4900000, 0x00000007d4900000, 0x00000007d4a00000|  0%| F|  |TAMS 0x00000007d4900000| PB 0x00000007d4900000| Untracked 
|1354|0x00000007d4a00000, 0x00000007d4b00000, 0x00000007d4b00000|100%| O|  |TAMS 0x00000007d4a00000| PB 0x00000007d4a00000| Complete 
|1355|0x00000007d4b00000, 0x00000007d4c00000, 0x00000007d4c00000|100%| O|  |TAMS 0x00000007d4b00000| PB 0x00000007d4b00000| Complete 
|1356|0x00000007d4c00000, 0x00000007d4c00000, 0x00000007d4d00000|  0%| F|  |TAMS 0x00000007d4c00000| PB 0x00000007d4c00000| Untracked 
|1357|0x00000007d4d00000, 0x00000007d4e00000, 0x00000007d4e00000|100%| O|  |TAMS 0x00000007d4d00000| PB 0x00000007d4d00000| Complete 
|1358|0x00000007d4e00000, 0x00000007d4f00000, 0x00000007d4f00000|100%| O|  |TAMS 0x00000007d4e00000| PB 0x00000007d4e00000| Complete 
|1359|0x00000007d4f00000, 0x00000007d5000000, 0x00000007d5000000|100%| O|  |TAMS 0x00000007d4f00000| PB 0x00000007d4f00000| Complete 
|1360|0x00000007d5000000, 0x00000007d5000000, 0x00000007d5100000|  0%| F|  |TAMS 0x00000007d5000000| PB 0x00000007d5000000| Untracked 
|1361|0x00000007d5100000, 0x00000007d5100000, 0x00000007d5200000|  0%| F|  |TAMS 0x00000007d5100000| PB 0x00000007d5100000| Untracked 
|1362|0x00000007d5200000, 0x00000007d5200000, 0x00000007d5300000|  0%| F|  |TAMS 0x00000007d5200000| PB 0x00000007d5200000| Untracked 
|1363|0x00000007d5300000, 0x00000007d5300000, 0x00000007d5400000|  0%| F|  |TAMS 0x00000007d5300000| PB 0x00000007d5300000| Untracked 
|1364|0x00000007d5400000, 0x00000007d5400000, 0x00000007d5500000|  0%| F|  |TAMS 0x00000007d5400000| PB 0x00000007d5400000| Untracked 
|1365|0x00000007d5500000, 0x00000007d5500000, 0x00000007d5600000|  0%| F|  |TAMS 0x00000007d5500000| PB 0x00000007d5500000| Untracked 
|1366|0x00000007d5600000, 0x00000007d5600000, 0x00000007d5700000|  0%| F|  |TAMS 0x00000007d5600000| PB 0x00000007d5600000| Untracked 
|1367|0x00000007d5700000, 0x00000007d5700000, 0x00000007d5800000|  0%| F|  |TAMS 0x00000007d5700000| PB 0x00000007d5700000| Untracked 
|1368|0x00000007d5800000, 0x00000007d5800000, 0x00000007d5900000|  0%| F|  |TAMS 0x00000007d5800000| PB 0x00000007d5800000| Untracked 
|1369|0x00000007d5900000, 0x00000007d5900000, 0x00000007d5a00000|  0%| F|  |TAMS 0x00000007d5900000| PB 0x00000007d5900000| Untracked 
|1370|0x00000007d5a00000, 0x00000007d5a00000, 0x00000007d5b00000|  0%| F|  |TAMS 0x00000007d5a00000| PB 0x00000007d5a00000| Untracked 
|1371|0x00000007d5b00000, 0x00000007d5b00000, 0x00000007d5c00000|  0%| F|  |TAMS 0x00000007d5b00000| PB 0x00000007d5b00000| Untracked 
|1372|0x00000007d5c00000, 0x00000007d5d00000, 0x00000007d5d00000|100%| O|  |TAMS 0x00000007d5c00000| PB 0x00000007d5c00000| Complete 
|1373|0x00000007d5d00000, 0x00000007d5e00000, 0x00000007d5e00000|100%| O|  |TAMS 0x00000007d5d00000| PB 0x00000007d5d00000| Complete 
|1374|0x00000007d5e00000, 0x00000007d5e00000, 0x00000007d5f00000|  0%| F|  |TAMS 0x00000007d5e00000| PB 0x00000007d5e00000| Untracked 
|1375|0x00000007d5f00000, 0x00000007d5f00000, 0x00000007d6000000|  0%| F|  |TAMS 0x00000007d5f00000| PB 0x00000007d5f00000| Untracked 
|1376|0x00000007d6000000, 0x00000007d6000000, 0x00000007d6100000|  0%| F|  |TAMS 0x00000007d6000000| PB 0x00000007d6000000| Untracked 
|1377|0x00000007d6100000, 0x00000007d6100000, 0x00000007d6200000|  0%| F|  |TAMS 0x00000007d6100000| PB 0x00000007d6100000| Untracked 
|1378|0x00000007d6200000, 0x00000007d6200000, 0x00000007d6300000|  0%| F|  |TAMS 0x00000007d6200000| PB 0x00000007d6200000| Untracked 
|1379|0x00000007d6300000, 0x00000007d6300000, 0x00000007d6400000|  0%| F|  |TAMS 0x00000007d6300000| PB 0x00000007d6300000| Untracked 
|1380|0x00000007d6400000, 0x00000007d6400000, 0x00000007d6500000|  0%| F|  |TAMS 0x00000007d6400000| PB 0x00000007d6400000| Untracked 
|1381|0x00000007d6500000, 0x00000007d6500000, 0x00000007d6600000|  0%| F|  |TAMS 0x00000007d6500000| PB 0x00000007d6500000| Untracked 
|1382|0x00000007d6600000, 0x00000007d6600000, 0x00000007d6700000|  0%| F|  |TAMS 0x00000007d6600000| PB 0x00000007d6600000| Untracked 
|1383|0x00000007d6700000, 0x00000007d6700000, 0x00000007d6800000|  0%| F|  |TAMS 0x00000007d6700000| PB 0x00000007d6700000| Untracked 
|1384|0x00000007d6800000, 0x00000007d6800000, 0x00000007d6900000|  0%| F|  |TAMS 0x00000007d6800000| PB 0x00000007d6800000| Untracked 
|1385|0x00000007d6900000, 0x00000007d6900000, 0x00000007d6a00000|  0%| F|  |TAMS 0x00000007d6900000| PB 0x00000007d6900000| Untracked 
|1386|0x00000007d6a00000, 0x00000007d6a00000, 0x00000007d6b00000|  0%| F|  |TAMS 0x00000007d6a00000| PB 0x00000007d6a00000| Untracked 
|1387|0x00000007d6b00000, 0x00000007d6b00000, 0x00000007d6c00000|  0%| F|  |TAMS 0x00000007d6b00000| PB 0x00000007d6b00000| Untracked 
|1388|0x00000007d6c00000, 0x00000007d6d00000, 0x00000007d6d00000|100%| O|  |TAMS 0x00000007d6c00000| PB 0x00000007d6c00000| Complete 
|1389|0x00000007d6d00000, 0x00000007d6d00000, 0x00000007d6e00000|  0%| F|  |TAMS 0x00000007d6d00000| PB 0x00000007d6d00000| Untracked 
|1390|0x00000007d6e00000, 0x00000007d6f00000, 0x00000007d6f00000|100%| O|  |TAMS 0x00000007d6e00000| PB 0x00000007d6e00000| Complete 
|1391|0x00000007d6f00000, 0x00000007d6f00000, 0x00000007d7000000|  0%| F|  |TAMS 0x00000007d6f00000| PB 0x00000007d6f00000| Untracked 
|1392|0x00000007d7000000, 0x00000007d7100000, 0x00000007d7100000|100%| O|  |TAMS 0x00000007d7000000| PB 0x00000007d7000000| Untracked 
|1393|0x00000007d7100000, 0x00000007d7100000, 0x00000007d7200000|  0%| F|  |TAMS 0x00000007d7100000| PB 0x00000007d7100000| Untracked 
|1394|0x00000007d7200000, 0x00000007d7200000, 0x00000007d7300000|  0%| F|  |TAMS 0x00000007d7200000| PB 0x00000007d7200000| Untracked 
|1395|0x00000007d7300000, 0x00000007d7300000, 0x00000007d7400000|  0%| F|  |TAMS 0x00000007d7300000| PB 0x00000007d7300000| Untracked 
|1396|0x00000007d7400000, 0x00000007d7400000, 0x00000007d7500000|  0%| F|  |TAMS 0x00000007d7400000| PB 0x00000007d7400000| Untracked 
|1397|0x00000007d7500000, 0x00000007d7500000, 0x00000007d7600000|  0%| F|  |TAMS 0x00000007d7500000| PB 0x00000007d7500000| Untracked 
|1398|0x00000007d7600000, 0x00000007d7600000, 0x00000007d7700000|  0%| F|  |TAMS 0x00000007d7600000| PB 0x00000007d7600000| Untracked 
|1399|0x00000007d7700000, 0x00000007d7800000, 0x00000007d7800000|100%| O|  |TAMS 0x00000007d7700000| PB 0x00000007d7700000| Complete 
|1400|0x00000007d7800000, 0x00000007d7900000, 0x00000007d7900000|100%| O|  |TAMS 0x00000007d7800000| PB 0x00000007d7800000| Complete 
|1401|0x00000007d7900000, 0x00000007d7900000, 0x00000007d7a00000|  0%| F|  |TAMS 0x00000007d7900000| PB 0x00000007d7900000| Untracked 
|1402|0x00000007d7a00000, 0x00000007d7a00000, 0x00000007d7b00000|  0%| F|  |TAMS 0x00000007d7a00000| PB 0x00000007d7a00000| Untracked 
|1403|0x00000007d7b00000, 0x00000007d7c00000, 0x00000007d7c00000|100%| O|  |TAMS 0x00000007d7b00000| PB 0x00000007d7b00000| Complete 
|1404|0x00000007d7c00000, 0x00000007d7c00000, 0x00000007d7d00000|  0%| F|  |TAMS 0x00000007d7c00000| PB 0x00000007d7c00000| Untracked 
|1405|0x00000007d7d00000, 0x00000007d7d00000, 0x00000007d7e00000|  0%| F|  |TAMS 0x00000007d7d00000| PB 0x00000007d7d00000| Untracked 
|1406|0x00000007d7e00000, 0x00000007d7e00000, 0x00000007d7f00000|  0%| F|  |TAMS 0x00000007d7e00000| PB 0x00000007d7e00000| Untracked 
|1407|0x00000007d7f00000, 0x00000007d7f00000, 0x00000007d8000000|  0%| F|  |TAMS 0x00000007d7f00000| PB 0x00000007d7f00000| Untracked 
|1408|0x00000007d8000000, 0x00000007d8100000, 0x00000007d8100000|100%| O|  |TAMS 0x00000007d8000000| PB 0x00000007d8000000| Complete 
|1409|0x00000007d8100000, 0x00000007d8100000, 0x00000007d8200000|  0%| F|  |TAMS 0x00000007d8100000| PB 0x00000007d8100000| Untracked 
|1410|0x00000007d8200000, 0x00000007d8200000, 0x00000007d8300000|  0%| F|  |TAMS 0x00000007d8200000| PB 0x00000007d8200000| Untracked 
|1411|0x00000007d8300000, 0x00000007d8400000, 0x00000007d8400000|100%| O|  |TAMS 0x00000007d8300000| PB 0x00000007d8300000| Complete 
|1412|0x00000007d8400000, 0x00000007d8400000, 0x00000007d8500000|  0%| F|  |TAMS 0x00000007d8400000| PB 0x00000007d8400000| Untracked 
|1413|0x00000007d8500000, 0x00000007d8500000, 0x00000007d8600000|  0%| F|  |TAMS 0x00000007d8500000| PB 0x00000007d8500000| Untracked 
|1414|0x00000007d8600000, 0x00000007d8600000, 0x00000007d8700000|  0%| F|  |TAMS 0x00000007d8600000| PB 0x00000007d8600000| Untracked 
|1415|0x00000007d8700000, 0x00000007d8700000, 0x00000007d8800000|  0%| F|  |TAMS 0x00000007d8700000| PB 0x00000007d8700000| Untracked 
|1416|0x00000007d8800000, 0x00000007d8800000, 0x00000007d8900000|  0%| F|  |TAMS 0x00000007d8800000| PB 0x00000007d8800000| Untracked 
|1417|0x00000007d8900000, 0x00000007d8900000, 0x00000007d8a00000|  0%| F|  |TAMS 0x00000007d8900000| PB 0x00000007d8900000| Untracked 
|1418|0x00000007d8a00000, 0x00000007d8a00000, 0x00000007d8b00000|  0%| F|  |TAMS 0x00000007d8a00000| PB 0x00000007d8a00000| Untracked 
|1419|0x00000007d8b00000, 0x00000007d8b00000, 0x00000007d8c00000|  0%| F|  |TAMS 0x00000007d8b00000| PB 0x00000007d8b00000| Untracked 
|1420|0x00000007d8c00000, 0x00000007d8d00000, 0x00000007d8d00000|100%| O|  |TAMS 0x00000007d8c00000| PB 0x00000007d8c00000| Complete 
|1421|0x00000007d8d00000, 0x00000007d8e00000, 0x00000007d8e00000|100%| O|  |TAMS 0x00000007d8d00000| PB 0x00000007d8d00000| Complete 
|1422|0x00000007d8e00000, 0x00000007d8f00000, 0x00000007d8f00000|100%| O|  |TAMS 0x00000007d8e00000| PB 0x00000007d8e00000| Complete 
|1423|0x00000007d8f00000, 0x00000007d9000000, 0x00000007d9000000|100%| O|  |TAMS 0x00000007d8f00000| PB 0x00000007d8f00000| Complete 
|1424|0x00000007d9000000, 0x00000007d9100000, 0x00000007d9100000|100%| O|  |TAMS 0x00000007d9000000| PB 0x00000007d9000000| Complete 
|1425|0x00000007d9100000, 0x00000007d9100000, 0x00000007d9200000|  0%| F|  |TAMS 0x00000007d9100000| PB 0x00000007d9100000| Untracked 
|1426|0x00000007d9200000, 0x00000007d9300000, 0x00000007d9300000|100%| O|  |TAMS 0x00000007d9200000| PB 0x00000007d9200000| Complete 
|1427|0x00000007d9300000, 0x00000007d9400000, 0x00000007d9400000|100%| O|  |TAMS 0x00000007d9300000| PB 0x00000007d9300000| Complete 
|1428|0x00000007d9400000, 0x00000007d9400000, 0x00000007d9500000|  0%| F|  |TAMS 0x00000007d9400000| PB 0x00000007d9400000| Untracked 
|1429|0x00000007d9500000, 0x00000007d9500000, 0x00000007d9600000|  0%| F|  |TAMS 0x00000007d9500000| PB 0x00000007d9500000| Untracked 
|1430|0x00000007d9600000, 0x00000007d9700000, 0x00000007d9700000|100%| O|  |TAMS 0x00000007d9600000| PB 0x00000007d9600000| Complete 
|1431|0x00000007d9700000, 0x00000007d9800000, 0x00000007d9800000|100%| O|  |TAMS 0x00000007d9700000| PB 0x00000007d9700000| Complete 
|1432|0x00000007d9800000, 0x00000007d9900000, 0x00000007d9900000|100%| O|  |TAMS 0x00000007d9800000| PB 0x00000007d9800000| Complete 
|1433|0x00000007d9900000, 0x00000007d9a00000, 0x00000007d9a00000|100%| O|  |TAMS 0x00000007d9900000| PB 0x00000007d9900000| Complete 
|1434|0x00000007d9a00000, 0x00000007d9a00000, 0x00000007d9b00000|  0%| F|  |TAMS 0x00000007d9a00000| PB 0x00000007d9a00000| Untracked 
|1435|0x00000007d9b00000, 0x00000007d9b00000, 0x00000007d9c00000|  0%| F|  |TAMS 0x00000007d9b00000| PB 0x00000007d9b00000| Untracked 
|1436|0x00000007d9c00000, 0x00000007d9d00000, 0x00000007d9d00000|100%| O|  |TAMS 0x00000007d9c00000| PB 0x00000007d9c00000| Complete 
|1437|0x00000007d9d00000, 0x00000007d9e00000, 0x00000007d9e00000|100%| O|  |TAMS 0x00000007d9d00000| PB 0x00000007d9d00000| Complete 
|1438|0x00000007d9e00000, 0x00000007d9e00000, 0x00000007d9f00000|  0%| F|  |TAMS 0x00000007d9e00000| PB 0x00000007d9e00000| Untracked 
|1439|0x00000007d9f00000, 0x00000007d9f00000, 0x00000007da000000|  0%| F|  |TAMS 0x00000007d9f00000| PB 0x00000007d9f00000| Untracked 
|1440|0x00000007da000000, 0x00000007da000000, 0x00000007da100000|  0%| F|  |TAMS 0x00000007da000000| PB 0x00000007da000000| Untracked 
|1441|0x00000007da100000, 0x00000007da100000, 0x00000007da200000|  0%| F|  |TAMS 0x00000007da100000| PB 0x00000007da100000| Untracked 
|1442|0x00000007da200000, 0x00000007da200000, 0x00000007da300000|  0%| F|  |TAMS 0x00000007da200000| PB 0x00000007da200000| Untracked 
|1443|0x00000007da300000, 0x00000007da300000, 0x00000007da400000|  0%| F|  |TAMS 0x00000007da300000| PB 0x00000007da300000| Untracked 
|1444|0x00000007da400000, 0x00000007da400000, 0x00000007da500000|  0%| F|  |TAMS 0x00000007da400000| PB 0x00000007da400000| Untracked 
|1445|0x00000007da500000, 0x00000007da500000, 0x00000007da600000|  0%| F|  |TAMS 0x00000007da500000| PB 0x00000007da500000| Untracked 
|1446|0x00000007da600000, 0x00000007da600000, 0x00000007da700000|  0%| F|  |TAMS 0x00000007da600000| PB 0x00000007da600000| Untracked 
|1447|0x00000007da700000, 0x00000007da700000, 0x00000007da800000|  0%| F|  |TAMS 0x00000007da700000| PB 0x00000007da700000| Untracked 
|1448|0x00000007da800000, 0x00000007da800000, 0x00000007da900000|  0%| F|  |TAMS 0x00000007da800000| PB 0x00000007da800000| Untracked 
|1449|0x00000007da900000, 0x00000007da900000, 0x00000007daa00000|  0%| F|  |TAMS 0x00000007da900000| PB 0x00000007da900000| Untracked 
|1450|0x00000007daa00000, 0x00000007daa00000, 0x00000007dab00000|  0%| F|  |TAMS 0x00000007daa00000| PB 0x00000007daa00000| Untracked 
|1451|0x00000007dab00000, 0x00000007dab00000, 0x00000007dac00000|  0%| F|  |TAMS 0x00000007dab00000| PB 0x00000007dab00000| Untracked 
|1452|0x00000007dac00000, 0x00000007dac00000, 0x00000007dad00000|  0%| F|  |TAMS 0x00000007dac00000| PB 0x00000007dac00000| Untracked 
|1453|0x00000007dad00000, 0x00000007dad00000, 0x00000007dae00000|  0%| F|  |TAMS 0x00000007dad00000| PB 0x00000007dad00000| Untracked 
|1454|0x00000007dae00000, 0x00000007dae00000, 0x00000007daf00000|  0%| F|  |TAMS 0x00000007dae00000| PB 0x00000007dae00000| Untracked 
|1455|0x00000007daf00000, 0x00000007daf00000, 0x00000007db000000|  0%| F|  |TAMS 0x00000007daf00000| PB 0x00000007daf00000| Untracked 
|1456|0x00000007db000000, 0x00000007db000000, 0x00000007db100000|  0%| F|  |TAMS 0x00000007db000000| PB 0x00000007db000000| Untracked 
|1457|0x00000007db100000, 0x00000007db100000, 0x00000007db200000|  0%| F|  |TAMS 0x00000007db100000| PB 0x00000007db100000| Untracked 
|1458|0x00000007db200000, 0x00000007db200000, 0x00000007db300000|  0%| F|  |TAMS 0x00000007db200000| PB 0x00000007db200000| Untracked 
|1459|0x00000007db300000, 0x00000007db300000, 0x00000007db400000|  0%| F|  |TAMS 0x00000007db300000| PB 0x00000007db300000| Untracked 
|1460|0x00000007db400000, 0x00000007db400000, 0x00000007db500000|  0%| F|  |TAMS 0x00000007db400000| PB 0x00000007db400000| Untracked 
|1461|0x00000007db500000, 0x00000007db500000, 0x00000007db600000|  0%| F|  |TAMS 0x00000007db500000| PB 0x00000007db500000| Untracked 
|1462|0x00000007db600000, 0x00000007db600000, 0x00000007db700000|  0%| F|  |TAMS 0x00000007db600000| PB 0x00000007db600000| Untracked 
|1463|0x00000007db700000, 0x00000007db700000, 0x00000007db800000|  0%| F|  |TAMS 0x00000007db700000| PB 0x00000007db700000| Untracked 
|1464|0x00000007db800000, 0x00000007db800000, 0x00000007db900000|  0%| F|  |TAMS 0x00000007db800000| PB 0x00000007db800000| Untracked 
|1465|0x00000007db900000, 0x00000007db900000, 0x00000007dba00000|  0%| F|  |TAMS 0x00000007db900000| PB 0x00000007db900000| Untracked 
|1466|0x00000007dba00000, 0x00000007dba00000, 0x00000007dbb00000|  0%| F|  |TAMS 0x00000007dba00000| PB 0x00000007dba00000| Untracked 
|1467|0x00000007dbb00000, 0x00000007dbb00000, 0x00000007dbc00000|  0%| F|  |TAMS 0x00000007dbb00000| PB 0x00000007dbb00000| Untracked 
|1468|0x00000007dbc00000, 0x00000007dbc00000, 0x00000007dbd00000|  0%| F|  |TAMS 0x00000007dbc00000| PB 0x00000007dbc00000| Untracked 
|1469|0x00000007dbd00000, 0x00000007dbd00000, 0x00000007dbe00000|  0%| F|  |TAMS 0x00000007dbd00000| PB 0x00000007dbd00000| Untracked 
|1470|0x00000007dbe00000, 0x00000007dbe00000, 0x00000007dbf00000|  0%| F|  |TAMS 0x00000007dbe00000| PB 0x00000007dbe00000| Untracked 
|1471|0x00000007dbf00000, 0x00000007dbf00000, 0x00000007dc000000|  0%| F|  |TAMS 0x00000007dbf00000| PB 0x00000007dbf00000| Untracked 
|1472|0x00000007dc000000, 0x00000007dc000000, 0x00000007dc100000|  0%| F|  |TAMS 0x00000007dc000000| PB 0x00000007dc000000| Untracked 
|1473|0x00000007dc100000, 0x00000007dc100000, 0x00000007dc200000|  0%| F|  |TAMS 0x00000007dc100000| PB 0x00000007dc100000| Untracked 
|1474|0x00000007dc200000, 0x00000007dc200000, 0x00000007dc300000|  0%| F|  |TAMS 0x00000007dc200000| PB 0x00000007dc200000| Untracked 
|1475|0x00000007dc300000, 0x00000007dc300000, 0x00000007dc400000|  0%| F|  |TAMS 0x00000007dc300000| PB 0x00000007dc300000| Untracked 
|1476|0x00000007dc400000, 0x00000007dc400000, 0x00000007dc500000|  0%| F|  |TAMS 0x00000007dc400000| PB 0x00000007dc400000| Untracked 
|1477|0x00000007dc500000, 0x00000007dc500000, 0x00000007dc600000|  0%| F|  |TAMS 0x00000007dc500000| PB 0x00000007dc500000| Untracked 
|1478|0x00000007dc600000, 0x00000007dc600000, 0x00000007dc700000|  0%| F|  |TAMS 0x00000007dc600000| PB 0x00000007dc600000| Untracked 
|1479|0x00000007dc700000, 0x00000007dc700000, 0x00000007dc800000|  0%| F|  |TAMS 0x00000007dc700000| PB 0x00000007dc700000| Untracked 
|1480|0x00000007dc800000, 0x00000007dc800000, 0x00000007dc900000|  0%| F|  |TAMS 0x00000007dc800000| PB 0x00000007dc800000| Untracked 
|1481|0x00000007dc900000, 0x00000007dc900000, 0x00000007dca00000|  0%| F|  |TAMS 0x00000007dc900000| PB 0x00000007dc900000| Untracked 
|1482|0x00000007dca00000, 0x00000007dca00000, 0x00000007dcb00000|  0%| F|  |TAMS 0x00000007dca00000| PB 0x00000007dca00000| Untracked 
|1483|0x00000007dcb00000, 0x00000007dcb00000, 0x00000007dcc00000|  0%| F|  |TAMS 0x00000007dcb00000| PB 0x00000007dcb00000| Untracked 
|1484|0x00000007dcc00000, 0x00000007dcc00000, 0x00000007dcd00000|  0%| F|  |TAMS 0x00000007dcc00000| PB 0x00000007dcc00000| Untracked 
|1485|0x00000007dcd00000, 0x00000007dcd00000, 0x00000007dce00000|  0%| F|  |TAMS 0x00000007dcd00000| PB 0x00000007dcd00000| Untracked 
|1486|0x00000007dce00000, 0x00000007dce00000, 0x00000007dcf00000|  0%| F|  |TAMS 0x00000007dce00000| PB 0x00000007dce00000| Untracked 
|1487|0x00000007dcf00000, 0x00000007dcf00000, 0x00000007dd000000|  0%| F|  |TAMS 0x00000007dcf00000| PB 0x00000007dcf00000| Untracked 
|1488|0x00000007dd000000, 0x00000007dd000000, 0x00000007dd100000|  0%| F|  |TAMS 0x00000007dd000000| PB 0x00000007dd000000| Untracked 
|1489|0x00000007dd100000, 0x00000007dd100000, 0x00000007dd200000|  0%| F|  |TAMS 0x00000007dd100000| PB 0x00000007dd100000| Untracked 
|1490|0x00000007dd200000, 0x00000007dd200000, 0x00000007dd300000|  0%| F|  |TAMS 0x00000007dd200000| PB 0x00000007dd200000| Untracked 
|1491|0x00000007dd300000, 0x00000007dd300000, 0x00000007dd400000|  0%| F|  |TAMS 0x00000007dd300000| PB 0x00000007dd300000| Untracked 
|1492|0x00000007dd400000, 0x00000007dd400000, 0x00000007dd500000|  0%| F|  |TAMS 0x00000007dd400000| PB 0x00000007dd400000| Untracked 
|1493|0x00000007dd500000, 0x00000007dd500000, 0x00000007dd600000|  0%| F|  |TAMS 0x00000007dd500000| PB 0x00000007dd500000| Untracked 
|1494|0x00000007dd600000, 0x00000007dd600000, 0x00000007dd700000|  0%| F|  |TAMS 0x00000007dd600000| PB 0x00000007dd600000| Untracked 
|1495|0x00000007dd700000, 0x00000007dd700000, 0x00000007dd800000|  0%| F|  |TAMS 0x00000007dd700000| PB 0x00000007dd700000| Untracked 
|1496|0x00000007dd800000, 0x00000007dd800000, 0x00000007dd900000|  0%| F|  |TAMS 0x00000007dd800000| PB 0x00000007dd800000| Untracked 
|1497|0x00000007dd900000, 0x00000007dd900000, 0x00000007dda00000|  0%| F|  |TAMS 0x00000007dd900000| PB 0x00000007dd900000| Untracked 
|1498|0x00000007dda00000, 0x00000007dda00000, 0x00000007ddb00000|  0%| F|  |TAMS 0x00000007dda00000| PB 0x00000007dda00000| Untracked 
|1499|0x00000007ddb00000, 0x00000007ddb00000, 0x00000007ddc00000|  0%| F|  |TAMS 0x00000007ddb00000| PB 0x00000007ddb00000| Untracked 
|1500|0x00000007ddc00000, 0x00000007ddc00000, 0x00000007ddd00000|  0%| F|  |TAMS 0x00000007ddc00000| PB 0x00000007ddc00000| Untracked 
|1501|0x00000007ddd00000, 0x00000007ddd00000, 0x00000007dde00000|  0%| F|  |TAMS 0x00000007ddd00000| PB 0x00000007ddd00000| Untracked 
|1502|0x00000007dde00000, 0x00000007dde00000, 0x00000007ddf00000|  0%| F|  |TAMS 0x00000007dde00000| PB 0x00000007dde00000| Untracked 
|1503|0x00000007ddf00000, 0x00000007ddf00000, 0x00000007de000000|  0%| F|  |TAMS 0x00000007ddf00000| PB 0x00000007ddf00000| Untracked 
|1504|0x00000007de000000, 0x00000007de000000, 0x00000007de100000|  0%| F|  |TAMS 0x00000007de000000| PB 0x00000007de000000| Untracked 
|1505|0x00000007de100000, 0x00000007de100000, 0x00000007de200000|  0%| F|  |TAMS 0x00000007de100000| PB 0x00000007de100000| Untracked 
|1506|0x00000007de200000, 0x00000007de200000, 0x00000007de300000|  0%| F|  |TAMS 0x00000007de200000| PB 0x00000007de200000| Untracked 
|1507|0x00000007de300000, 0x00000007de300000, 0x00000007de400000|  0%| F|  |TAMS 0x00000007de300000| PB 0x00000007de300000| Untracked 
|1508|0x00000007de400000, 0x00000007de400000, 0x00000007de500000|  0%| F|  |TAMS 0x00000007de400000| PB 0x00000007de400000| Untracked 
|1509|0x00000007de500000, 0x00000007de500000, 0x00000007de600000|  0%| F|  |TAMS 0x00000007de500000| PB 0x00000007de500000| Untracked 
|1510|0x00000007de600000, 0x00000007de600000, 0x00000007de700000|  0%| F|  |TAMS 0x00000007de600000| PB 0x00000007de600000| Untracked 
|1511|0x00000007de700000, 0x00000007de700000, 0x00000007de800000|  0%| F|  |TAMS 0x00000007de700000| PB 0x00000007de700000| Untracked 
|1512|0x00000007de800000, 0x00000007de800000, 0x00000007de900000|  0%| F|  |TAMS 0x00000007de800000| PB 0x00000007de800000| Untracked 
|1513|0x00000007de900000, 0x00000007de900000, 0x00000007dea00000|  0%| F|  |TAMS 0x00000007de900000| PB 0x00000007de900000| Untracked 
|1514|0x00000007dea00000, 0x00000007dea00000, 0x00000007deb00000|  0%| F|  |TAMS 0x00000007dea00000| PB 0x00000007dea00000| Untracked 
|1515|0x00000007deb00000, 0x00000007deb00000, 0x00000007dec00000|  0%| F|  |TAMS 0x00000007deb00000| PB 0x00000007deb00000| Untracked 
|1516|0x00000007dec00000, 0x00000007dec00000, 0x00000007ded00000|  0%| F|  |TAMS 0x00000007dec00000| PB 0x00000007dec00000| Untracked 
|1517|0x00000007ded00000, 0x00000007ded00000, 0x00000007dee00000|  0%| F|  |TAMS 0x00000007ded00000| PB 0x00000007ded00000| Untracked 
|1518|0x00000007dee00000, 0x00000007dee00000, 0x00000007def00000|  0%| F|  |TAMS 0x00000007dee00000| PB 0x00000007dee00000| Untracked 
|1519|0x00000007def00000, 0x00000007def00000, 0x00000007df000000|  0%| F|  |TAMS 0x00000007def00000| PB 0x00000007def00000| Untracked 
|1520|0x00000007df000000, 0x00000007df000000, 0x00000007df100000|  0%| F|  |TAMS 0x00000007df000000| PB 0x00000007df000000| Untracked 
|1521|0x00000007df100000, 0x00000007df100000, 0x00000007df200000|  0%| F|  |TAMS 0x00000007df100000| PB 0x00000007df100000| Untracked 
|1522|0x00000007df200000, 0x00000007df200000, 0x00000007df300000|  0%| F|  |TAMS 0x00000007df200000| PB 0x00000007df200000| Untracked 
|1523|0x00000007df300000, 0x00000007df300000, 0x00000007df400000|  0%| F|  |TAMS 0x00000007df300000| PB 0x00000007df300000| Untracked 
|1524|0x00000007df400000, 0x00000007df500000, 0x00000007df500000|100%| O|  |TAMS 0x00000007df400000| PB 0x00000007df400000| Complete 
|1525|0x00000007df500000, 0x00000007df500000, 0x00000007df600000|  0%| F|  |TAMS 0x00000007df500000| PB 0x00000007df500000| Untracked 
|1526|0x00000007df600000, 0x00000007df600000, 0x00000007df700000|  0%| F|  |TAMS 0x00000007df600000| PB 0x00000007df600000| Untracked 
|1527|0x00000007df700000, 0x00000007df700000, 0x00000007df800000|  0%| F|  |TAMS 0x00000007df700000| PB 0x00000007df700000| Untracked 
|1528|0x00000007df800000, 0x00000007df800000, 0x00000007df900000|  0%| F|  |TAMS 0x00000007df800000| PB 0x00000007df800000| Untracked 
|1529|0x00000007df900000, 0x00000007df900000, 0x00000007dfa00000|  0%| F|  |TAMS 0x00000007df900000| PB 0x00000007df900000| Untracked 
|1530|0x00000007dfa00000, 0x00000007dfa00000, 0x00000007dfb00000|  0%| F|  |TAMS 0x00000007dfa00000| PB 0x00000007dfa00000| Untracked 
|1531|0x00000007dfb00000, 0x00000007dfb00000, 0x00000007dfc00000|  0%| F|  |TAMS 0x00000007dfb00000| PB 0x00000007dfb00000| Untracked 
|1532|0x00000007dfc00000, 0x00000007dfc00000, 0x00000007dfd00000|  0%| F|  |TAMS 0x00000007dfc00000| PB 0x00000007dfc00000| Untracked 
|1533|0x00000007dfd00000, 0x00000007dfd00000, 0x00000007dfe00000|  0%| F|  |TAMS 0x00000007dfd00000| PB 0x00000007dfd00000| Untracked 
|1534|0x00000007dfe00000, 0x00000007dfe00000, 0x00000007dff00000|  0%| F|  |TAMS 0x00000007dfe00000| PB 0x00000007dfe00000| Untracked 
|1535|0x00000007dff00000, 0x00000007dff00000, 0x00000007e0000000|  0%| F|  |TAMS 0x00000007dff00000| PB 0x00000007dff00000| Untracked 
|1536|0x00000007e0000000, 0x00000007e0000000, 0x00000007e0100000|  0%| F|  |TAMS 0x00000007e0000000| PB 0x00000007e0000000| Untracked 
|1537|0x00000007e0100000, 0x00000007e0100000, 0x00000007e0200000|  0%| F|  |TAMS 0x00000007e0100000| PB 0x00000007e0100000| Untracked 
|1538|0x00000007e0200000, 0x00000007e0200000, 0x00000007e0300000|  0%| F|  |TAMS 0x00000007e0200000| PB 0x00000007e0200000| Untracked 
|1539|0x00000007e0300000, 0x00000007e0300000, 0x00000007e0400000|  0%| F|  |TAMS 0x00000007e0300000| PB 0x00000007e0300000| Untracked 
|1540|0x00000007e0400000, 0x00000007e0400000, 0x00000007e0500000|  0%| F|  |TAMS 0x00000007e0400000| PB 0x00000007e0400000| Untracked 
|1541|0x00000007e0500000, 0x00000007e0500000, 0x00000007e0600000|  0%| F|  |TAMS 0x00000007e0500000| PB 0x00000007e0500000| Untracked 
|1542|0x00000007e0600000, 0x00000007e0600000, 0x00000007e0700000|  0%| F|  |TAMS 0x00000007e0600000| PB 0x00000007e0600000| Untracked 
|1543|0x00000007e0700000, 0x00000007e0700000, 0x00000007e0800000|  0%| F|  |TAMS 0x00000007e0700000| PB 0x00000007e0700000| Untracked 
|1544|0x00000007e0800000, 0x00000007e0800000, 0x00000007e0900000|  0%| F|  |TAMS 0x00000007e0800000| PB 0x00000007e0800000| Untracked 
|1545|0x00000007e0900000, 0x00000007e0900000, 0x00000007e0a00000|  0%| F|  |TAMS 0x00000007e0900000| PB 0x00000007e0900000| Untracked 
|1546|0x00000007e0a00000, 0x00000007e0a00000, 0x00000007e0b00000|  0%| F|  |TAMS 0x00000007e0a00000| PB 0x00000007e0a00000| Untracked 
|1547|0x00000007e0b00000, 0x00000007e0b00000, 0x00000007e0c00000|  0%| F|  |TAMS 0x00000007e0b00000| PB 0x00000007e0b00000| Untracked 
|1548|0x00000007e0c00000, 0x00000007e0c00000, 0x00000007e0d00000|  0%| F|  |TAMS 0x00000007e0c00000| PB 0x00000007e0c00000| Untracked 
|1549|0x00000007e0d00000, 0x00000007e0d00000, 0x00000007e0e00000|  0%| F|  |TAMS 0x00000007e0d00000| PB 0x00000007e0d00000| Untracked 
|1550|0x00000007e0e00000, 0x00000007e0e00000, 0x00000007e0f00000|  0%| F|  |TAMS 0x00000007e0e00000| PB 0x00000007e0e00000| Untracked 
|1551|0x00000007e0f00000, 0x00000007e0f00000, 0x00000007e1000000|  0%| F|  |TAMS 0x00000007e0f00000| PB 0x00000007e0f00000| Untracked 
|1552|0x00000007e1000000, 0x00000007e1000000, 0x00000007e1100000|  0%| F|  |TAMS 0x00000007e1000000| PB 0x00000007e1000000| Untracked 
|1553|0x00000007e1100000, 0x00000007e1100000, 0x00000007e1200000|  0%| F|  |TAMS 0x00000007e1100000| PB 0x00000007e1100000| Untracked 
|1554|0x00000007e1200000, 0x00000007e1200000, 0x00000007e1300000|  0%| F|  |TAMS 0x00000007e1200000| PB 0x00000007e1200000| Untracked 
|1555|0x00000007e1300000, 0x00000007e1300000, 0x00000007e1400000|  0%| F|  |TAMS 0x00000007e1300000| PB 0x00000007e1300000| Untracked 
|1556|0x00000007e1400000, 0x00000007e1400000, 0x00000007e1500000|  0%| F|  |TAMS 0x00000007e1400000| PB 0x00000007e1400000| Untracked 
|1557|0x00000007e1500000, 0x00000007e1500000, 0x00000007e1600000|  0%| F|  |TAMS 0x00000007e1500000| PB 0x00000007e1500000| Untracked 
|1558|0x00000007e1600000, 0x00000007e1600000, 0x00000007e1700000|  0%| F|  |TAMS 0x00000007e1600000| PB 0x00000007e1600000| Untracked 
|1559|0x00000007e1700000, 0x00000007e1700000, 0x00000007e1800000|  0%| F|  |TAMS 0x00000007e1700000| PB 0x00000007e1700000| Untracked 
|1560|0x00000007e1800000, 0x00000007e1800000, 0x00000007e1900000|  0%| F|  |TAMS 0x00000007e1800000| PB 0x00000007e1800000| Untracked 
|1561|0x00000007e1900000, 0x00000007e1900000, 0x00000007e1a00000|  0%| F|  |TAMS 0x00000007e1900000| PB 0x00000007e1900000| Untracked 
|1562|0x00000007e1a00000, 0x00000007e1a00000, 0x00000007e1b00000|  0%| F|  |TAMS 0x00000007e1a00000| PB 0x00000007e1a00000| Untracked 
|1563|0x00000007e1b00000, 0x00000007e1b00000, 0x00000007e1c00000|  0%| F|  |TAMS 0x00000007e1b00000| PB 0x00000007e1b00000| Untracked 
|1564|0x00000007e1c00000, 0x00000007e1c00000, 0x00000007e1d00000|  0%| F|  |TAMS 0x00000007e1c00000| PB 0x00000007e1c00000| Untracked 
|1565|0x00000007e1d00000, 0x00000007e1d00000, 0x00000007e1e00000|  0%| F|  |TAMS 0x00000007e1d00000| PB 0x00000007e1d00000| Untracked 
|1566|0x00000007e1e00000, 0x00000007e1e00000, 0x00000007e1f00000|  0%| F|  |TAMS 0x00000007e1e00000| PB 0x00000007e1e00000| Untracked 
|1567|0x00000007e1f00000, 0x00000007e1f00000, 0x00000007e2000000|  0%| F|  |TAMS 0x00000007e1f00000| PB 0x00000007e1f00000| Untracked 
|1568|0x00000007e2000000, 0x00000007e2000000, 0x00000007e2100000|  0%| F|  |TAMS 0x00000007e2000000| PB 0x00000007e2000000| Untracked 
|1569|0x00000007e2100000, 0x00000007e2100000, 0x00000007e2200000|  0%| F|  |TAMS 0x00000007e2100000| PB 0x00000007e2100000| Untracked 
|1570|0x00000007e2200000, 0x00000007e2200000, 0x00000007e2300000|  0%| F|  |TAMS 0x00000007e2200000| PB 0x00000007e2200000| Untracked 
|1571|0x00000007e2300000, 0x00000007e2300000, 0x00000007e2400000|  0%| F|  |TAMS 0x00000007e2300000| PB 0x00000007e2300000| Untracked 
|1572|0x00000007e2400000, 0x00000007e2400000, 0x00000007e2500000|  0%| F|  |TAMS 0x00000007e2400000| PB 0x00000007e2400000| Untracked 
|1573|0x00000007e2500000, 0x00000007e2500000, 0x00000007e2600000|  0%| F|  |TAMS 0x00000007e2500000| PB 0x00000007e2500000| Untracked 
|1574|0x00000007e2600000, 0x00000007e2600000, 0x00000007e2700000|  0%| F|  |TAMS 0x00000007e2600000| PB 0x00000007e2600000| Untracked 
|1575|0x00000007e2700000, 0x00000007e2700000, 0x00000007e2800000|  0%| F|  |TAMS 0x00000007e2700000| PB 0x00000007e2700000| Untracked 
|1576|0x00000007e2800000, 0x00000007e2800000, 0x00000007e2900000|  0%| F|  |TAMS 0x00000007e2800000| PB 0x00000007e2800000| Untracked 
|1577|0x00000007e2900000, 0x00000007e2900000, 0x00000007e2a00000|  0%| F|  |TAMS 0x00000007e2900000| PB 0x00000007e2900000| Untracked 
|1578|0x00000007e2a00000, 0x00000007e2a00000, 0x00000007e2b00000|  0%| F|  |TAMS 0x00000007e2a00000| PB 0x00000007e2a00000| Untracked 
|1579|0x00000007e2b00000, 0x00000007e2b00000, 0x00000007e2c00000|  0%| F|  |TAMS 0x00000007e2b00000| PB 0x00000007e2b00000| Untracked 
|1580|0x00000007e2c00000, 0x00000007e2c00000, 0x00000007e2d00000|  0%| F|  |TAMS 0x00000007e2c00000| PB 0x00000007e2c00000| Untracked 
|1581|0x00000007e2d00000, 0x00000007e2d00000, 0x00000007e2e00000|  0%| F|  |TAMS 0x00000007e2d00000| PB 0x00000007e2d00000| Untracked 
|1582|0x00000007e2e00000, 0x00000007e2e00000, 0x00000007e2f00000|  0%| F|  |TAMS 0x00000007e2e00000| PB 0x00000007e2e00000| Untracked 
|1583|0x00000007e2f00000, 0x00000007e2f00000, 0x00000007e3000000|  0%| F|  |TAMS 0x00000007e2f00000| PB 0x00000007e2f00000| Untracked 
|1584|0x00000007e3000000, 0x00000007e3000000, 0x00000007e3100000|  0%| F|  |TAMS 0x00000007e3000000| PB 0x00000007e3000000| Untracked 
|1585|0x00000007e3100000, 0x00000007e3100000, 0x00000007e3200000|  0%| F|  |TAMS 0x00000007e3100000| PB 0x00000007e3100000| Untracked 
|1586|0x00000007e3200000, 0x00000007e3200000, 0x00000007e3300000|  0%| F|  |TAMS 0x00000007e3200000| PB 0x00000007e3200000| Untracked 
|1587|0x00000007e3300000, 0x00000007e3300000, 0x00000007e3400000|  0%| F|  |TAMS 0x00000007e3300000| PB 0x00000007e3300000| Untracked 
|1588|0x00000007e3400000, 0x00000007e3400000, 0x00000007e3500000|  0%| F|  |TAMS 0x00000007e3400000| PB 0x00000007e3400000| Untracked 
|1589|0x00000007e3500000, 0x00000007e3500000, 0x00000007e3600000|  0%| F|  |TAMS 0x00000007e3500000| PB 0x00000007e3500000| Untracked 
|1590|0x00000007e3600000, 0x00000007e3600000, 0x00000007e3700000|  0%| F|  |TAMS 0x00000007e3600000| PB 0x00000007e3600000| Untracked 
|1591|0x00000007e3700000, 0x00000007e3700000, 0x00000007e3800000|  0%| F|  |TAMS 0x00000007e3700000| PB 0x00000007e3700000| Untracked 
|1592|0x00000007e3800000, 0x00000007e3800000, 0x00000007e3900000|  0%| F|  |TAMS 0x00000007e3800000| PB 0x00000007e3800000| Untracked 
|1593|0x00000007e3900000, 0x00000007e3900000, 0x00000007e3a00000|  0%| F|  |TAMS 0x00000007e3900000| PB 0x00000007e3900000| Untracked 
|1594|0x00000007e3a00000, 0x00000007e3a00000, 0x00000007e3b00000|  0%| F|  |TAMS 0x00000007e3a00000| PB 0x00000007e3a00000| Untracked 
|1595|0x00000007e3b00000, 0x00000007e3b00000, 0x00000007e3c00000|  0%| F|  |TAMS 0x00000007e3b00000| PB 0x00000007e3b00000| Untracked 
|1596|0x00000007e3c00000, 0x00000007e3c00000, 0x00000007e3d00000|  0%| F|  |TAMS 0x00000007e3c00000| PB 0x00000007e3c00000| Untracked 
|1597|0x00000007e3d00000, 0x00000007e3d00000, 0x00000007e3e00000|  0%| F|  |TAMS 0x00000007e3d00000| PB 0x00000007e3d00000| Untracked 
|1598|0x00000007e3e00000, 0x00000007e3e00000, 0x00000007e3f00000|  0%| F|  |TAMS 0x00000007e3e00000| PB 0x00000007e3e00000| Untracked 
|1599|0x00000007e3f00000, 0x00000007e3f00000, 0x00000007e4000000|  0%| F|  |TAMS 0x00000007e3f00000| PB 0x00000007e3f00000| Untracked 
|1600|0x00000007e4000000, 0x00000007e4000000, 0x00000007e4100000|  0%| F|  |TAMS 0x00000007e4000000| PB 0x00000007e4000000| Untracked 
|1601|0x00000007e4100000, 0x00000007e4100000, 0x00000007e4200000|  0%| F|  |TAMS 0x00000007e4100000| PB 0x00000007e4100000| Untracked 
|1602|0x00000007e4200000, 0x00000007e4200000, 0x00000007e4300000|  0%| F|  |TAMS 0x00000007e4200000| PB 0x00000007e4200000| Untracked 
|1603|0x00000007e4300000, 0x00000007e4300000, 0x00000007e4400000|  0%| F|  |TAMS 0x00000007e4300000| PB 0x00000007e4300000| Untracked 
|1604|0x00000007e4400000, 0x00000007e4400000, 0x00000007e4500000|  0%| F|  |TAMS 0x00000007e4400000| PB 0x00000007e4400000| Untracked 
|1605|0x00000007e4500000, 0x00000007e4500000, 0x00000007e4600000|  0%| F|  |TAMS 0x00000007e4500000| PB 0x00000007e4500000| Untracked 
|1606|0x00000007e4600000, 0x00000007e4600000, 0x00000007e4700000|  0%| F|  |TAMS 0x00000007e4600000| PB 0x00000007e4600000| Untracked 
|1607|0x00000007e4700000, 0x00000007e4700000, 0x00000007e4800000|  0%| F|  |TAMS 0x00000007e4700000| PB 0x00000007e4700000| Untracked 
|1608|0x00000007e4800000, 0x00000007e4800000, 0x00000007e4900000|  0%| F|  |TAMS 0x00000007e4800000| PB 0x00000007e4800000| Untracked 
|1609|0x00000007e4900000, 0x00000007e4900000, 0x00000007e4a00000|  0%| F|  |TAMS 0x00000007e4900000| PB 0x00000007e4900000| Untracked 
|1610|0x00000007e4a00000, 0x00000007e4a00000, 0x00000007e4b00000|  0%| F|  |TAMS 0x00000007e4a00000| PB 0x00000007e4a00000| Untracked 
|1611|0x00000007e4b00000, 0x00000007e4b00000, 0x00000007e4c00000|  0%| F|  |TAMS 0x00000007e4b00000| PB 0x00000007e4b00000| Untracked 
|1612|0x00000007e4c00000, 0x00000007e4c00000, 0x00000007e4d00000|  0%| F|  |TAMS 0x00000007e4c00000| PB 0x00000007e4c00000| Untracked 
|1613|0x00000007e4d00000, 0x00000007e4d00000, 0x00000007e4e00000|  0%| F|  |TAMS 0x00000007e4d00000| PB 0x00000007e4d00000| Untracked 
|1614|0x00000007e4e00000, 0x00000007e4e00000, 0x00000007e4f00000|  0%| F|  |TAMS 0x00000007e4e00000| PB 0x00000007e4e00000| Untracked 
|1615|0x00000007e4f00000, 0x00000007e4f00000, 0x00000007e5000000|  0%| F|  |TAMS 0x00000007e4f00000| PB 0x00000007e4f00000| Untracked 
|1616|0x00000007e5000000, 0x00000007e5000000, 0x00000007e5100000|  0%| F|  |TAMS 0x00000007e5000000| PB 0x00000007e5000000| Untracked 
|1617|0x00000007e5100000, 0x00000007e5100000, 0x00000007e5200000|  0%| F|  |TAMS 0x00000007e5100000| PB 0x00000007e5100000| Untracked 
|1618|0x00000007e5200000, 0x00000007e5200000, 0x00000007e5300000|  0%| F|  |TAMS 0x00000007e5200000| PB 0x00000007e5200000| Untracked 
|1619|0x00000007e5300000, 0x00000007e5300000, 0x00000007e5400000|  0%| F|  |TAMS 0x00000007e5300000| PB 0x00000007e5300000| Untracked 
|1620|0x00000007e5400000, 0x00000007e5400000, 0x00000007e5500000|  0%| F|  |TAMS 0x00000007e5400000| PB 0x00000007e5400000| Untracked 
|1621|0x00000007e5500000, 0x00000007e5500000, 0x00000007e5600000|  0%| F|  |TAMS 0x00000007e5500000| PB 0x00000007e5500000| Untracked 
|1622|0x00000007e5600000, 0x00000007e5600000, 0x00000007e5700000|  0%| F|  |TAMS 0x00000007e5600000| PB 0x00000007e5600000| Untracked 
|1623|0x00000007e5700000, 0x00000007e5700000, 0x00000007e5800000|  0%| F|  |TAMS 0x00000007e5700000| PB 0x00000007e5700000| Untracked 
|1624|0x00000007e5800000, 0x00000007e5800000, 0x00000007e5900000|  0%| F|  |TAMS 0x00000007e5800000| PB 0x00000007e5800000| Untracked 
|1625|0x00000007e5900000, 0x00000007e5900000, 0x00000007e5a00000|  0%| F|  |TAMS 0x00000007e5900000| PB 0x00000007e5900000| Untracked 
|1626|0x00000007e5a00000, 0x00000007e5a00000, 0x00000007e5b00000|  0%| F|  |TAMS 0x00000007e5a00000| PB 0x00000007e5a00000| Untracked 
|1627|0x00000007e5b00000, 0x00000007e5b00000, 0x00000007e5c00000|  0%| F|  |TAMS 0x00000007e5b00000| PB 0x00000007e5b00000| Untracked 
|1628|0x00000007e5c00000, 0x00000007e5c00000, 0x00000007e5d00000|  0%| F|  |TAMS 0x00000007e5c00000| PB 0x00000007e5c00000| Untracked 
|1629|0x00000007e5d00000, 0x00000007e5d00000, 0x00000007e5e00000|  0%| F|  |TAMS 0x00000007e5d00000| PB 0x00000007e5d00000| Untracked 
|1630|0x00000007e5e00000, 0x00000007e5e00000, 0x00000007e5f00000|  0%| F|  |TAMS 0x00000007e5e00000| PB 0x00000007e5e00000| Untracked 
|1631|0x00000007e5f00000, 0x00000007e6000000, 0x00000007e6000000|100%| O|  |TAMS 0x00000007e5f00000| PB 0x00000007e5f00000| Complete 
|1632|0x00000007e6000000, 0x00000007e6000000, 0x00000007e6100000|  0%| F|  |TAMS 0x00000007e6000000| PB 0x00000007e6000000| Untracked 
|1633|0x00000007e6100000, 0x00000007e6100000, 0x00000007e6200000|  0%| F|  |TAMS 0x00000007e6100000| PB 0x00000007e6100000| Untracked 
|1634|0x00000007e6200000, 0x00000007e6200000, 0x00000007e6300000|  0%| F|  |TAMS 0x00000007e6200000| PB 0x00000007e6200000| Untracked 
|1635|0x00000007e6300000, 0x00000007e6300000, 0x00000007e6400000|  0%| F|  |TAMS 0x00000007e6300000| PB 0x00000007e6300000| Untracked 
|1636|0x00000007e6400000, 0x00000007e6400000, 0x00000007e6500000|  0%| F|  |TAMS 0x00000007e6400000| PB 0x00000007e6400000| Untracked 
|1637|0x00000007e6500000, 0x00000007e6500000, 0x00000007e6600000|  0%| F|  |TAMS 0x00000007e6500000| PB 0x00000007e6500000| Untracked 
|1638|0x00000007e6600000, 0x00000007e6600000, 0x00000007e6700000|  0%| F|  |TAMS 0x00000007e6600000| PB 0x00000007e6600000| Untracked 
|1639|0x00000007e6700000, 0x00000007e6700000, 0x00000007e6800000|  0%| F|  |TAMS 0x00000007e6700000| PB 0x00000007e6700000| Untracked 
|1640|0x00000007e6800000, 0x00000007e6800000, 0x00000007e6900000|  0%| F|  |TAMS 0x00000007e6800000| PB 0x00000007e6800000| Untracked 
|1641|0x00000007e6900000, 0x00000007e6900000, 0x00000007e6a00000|  0%| F|  |TAMS 0x00000007e6900000| PB 0x00000007e6900000| Untracked 
|1642|0x00000007e6a00000, 0x00000007e6a00000, 0x00000007e6b00000|  0%| F|  |TAMS 0x00000007e6a00000| PB 0x00000007e6a00000| Untracked 
|1643|0x00000007e6b00000, 0x00000007e6b00000, 0x00000007e6c00000|  0%| F|  |TAMS 0x00000007e6b00000| PB 0x00000007e6b00000| Untracked 
|1644|0x00000007e6c00000, 0x00000007e6c00000, 0x00000007e6d00000|  0%| F|  |TAMS 0x00000007e6c00000| PB 0x00000007e6c00000| Untracked 
|1645|0x00000007e6d00000, 0x00000007e6d00000, 0x00000007e6e00000|  0%| F|  |TAMS 0x00000007e6d00000| PB 0x00000007e6d00000| Untracked 
|1646|0x00000007e6e00000, 0x00000007e6e00000, 0x00000007e6f00000|  0%| F|  |TAMS 0x00000007e6e00000| PB 0x00000007e6e00000| Untracked 
|1647|0x00000007e6f00000, 0x00000007e6f00000, 0x00000007e7000000|  0%| F|  |TAMS 0x00000007e6f00000| PB 0x00000007e6f00000| Untracked 
|1648|0x00000007e7000000, 0x00000007e7000000, 0x00000007e7100000|  0%| F|  |TAMS 0x00000007e7000000| PB 0x00000007e7000000| Untracked 
|1649|0x00000007e7100000, 0x00000007e7100000, 0x00000007e7200000|  0%| F|  |TAMS 0x00000007e7100000| PB 0x00000007e7100000| Untracked 
|1650|0x00000007e7200000, 0x00000007e7200000, 0x00000007e7300000|  0%| F|  |TAMS 0x00000007e7200000| PB 0x00000007e7200000| Untracked 
|1651|0x00000007e7300000, 0x00000007e7300000, 0x00000007e7400000|  0%| F|  |TAMS 0x00000007e7300000| PB 0x00000007e7300000| Untracked 
|1652|0x00000007e7400000, 0x00000007e7400000, 0x00000007e7500000|  0%| F|  |TAMS 0x00000007e7400000| PB 0x00000007e7400000| Untracked 
|1653|0x00000007e7500000, 0x00000007e7500000, 0x00000007e7600000|  0%| F|  |TAMS 0x00000007e7500000| PB 0x00000007e7500000| Untracked 
|1654|0x00000007e7600000, 0x00000007e7600000, 0x00000007e7700000|  0%| F|  |TAMS 0x00000007e7600000| PB 0x00000007e7600000| Untracked 
|1655|0x00000007e7700000, 0x00000007e7700000, 0x00000007e7800000|  0%| F|  |TAMS 0x00000007e7700000| PB 0x00000007e7700000| Untracked 
|1656|0x00000007e7800000, 0x00000007e7800000, 0x00000007e7900000|  0%| F|  |TAMS 0x00000007e7800000| PB 0x00000007e7800000| Untracked 
|1657|0x00000007e7900000, 0x00000007e7900000, 0x00000007e7a00000|  0%| F|  |TAMS 0x00000007e7900000| PB 0x00000007e7900000| Untracked 
|1658|0x00000007e7a00000, 0x00000007e7a00000, 0x00000007e7b00000|  0%| F|  |TAMS 0x00000007e7a00000| PB 0x00000007e7a00000| Untracked 
|1659|0x00000007e7b00000, 0x00000007e7b00000, 0x00000007e7c00000|  0%| F|  |TAMS 0x00000007e7b00000| PB 0x00000007e7b00000| Untracked 
|1660|0x00000007e7c00000, 0x00000007e7c00000, 0x00000007e7d00000|  0%| F|  |TAMS 0x00000007e7c00000| PB 0x00000007e7c00000| Untracked 
|1661|0x00000007e7d00000, 0x00000007e7d00000, 0x00000007e7e00000|  0%| F|  |TAMS 0x00000007e7d00000| PB 0x00000007e7d00000| Untracked 
|1662|0x00000007e7e00000, 0x00000007e7e00000, 0x00000007e7f00000|  0%| F|  |TAMS 0x00000007e7e00000| PB 0x00000007e7e00000| Untracked 
|1663|0x00000007e7f00000, 0x00000007e7f00000, 0x00000007e8000000|  0%| F|  |TAMS 0x00000007e7f00000| PB 0x00000007e7f00000| Untracked 
|1664|0x00000007e8000000, 0x00000007e8000000, 0x00000007e8100000|  0%| F|  |TAMS 0x00000007e8000000| PB 0x00000007e8000000| Untracked 
|1665|0x00000007e8100000, 0x00000007e8100000, 0x00000007e8200000|  0%| F|  |TAMS 0x00000007e8100000| PB 0x00000007e8100000| Untracked 
|1666|0x00000007e8200000, 0x00000007e8200000, 0x00000007e8300000|  0%| F|  |TAMS 0x00000007e8200000| PB 0x00000007e8200000| Untracked 
|1667|0x00000007e8300000, 0x00000007e8300000, 0x00000007e8400000|  0%| F|  |TAMS 0x00000007e8300000| PB 0x00000007e8300000| Untracked 
|1668|0x00000007e8400000, 0x00000007e8400000, 0x00000007e8500000|  0%| F|  |TAMS 0x00000007e8400000| PB 0x00000007e8400000| Untracked 
|1669|0x00000007e8500000, 0x00000007e8500000, 0x00000007e8600000|  0%| F|  |TAMS 0x00000007e8500000| PB 0x00000007e8500000| Untracked 
|1670|0x00000007e8600000, 0x00000007e8600000, 0x00000007e8700000|  0%| F|  |TAMS 0x00000007e8600000| PB 0x00000007e8600000| Untracked 
|1671|0x00000007e8700000, 0x00000007e8700000, 0x00000007e8800000|  0%| F|  |TAMS 0x00000007e8700000| PB 0x00000007e8700000| Untracked 
|1672|0x00000007e8800000, 0x00000007e8800000, 0x00000007e8900000|  0%| F|  |TAMS 0x00000007e8800000| PB 0x00000007e8800000| Untracked 
|1673|0x00000007e8900000, 0x00000007e8900000, 0x00000007e8a00000|  0%| F|  |TAMS 0x00000007e8900000| PB 0x00000007e8900000| Untracked 
|1674|0x00000007e8a00000, 0x00000007e8a00000, 0x00000007e8b00000|  0%| F|  |TAMS 0x00000007e8a00000| PB 0x00000007e8a00000| Untracked 
|1675|0x00000007e8b00000, 0x00000007e8b00000, 0x00000007e8c00000|  0%| F|  |TAMS 0x00000007e8b00000| PB 0x00000007e8b00000| Untracked 
|1676|0x00000007e8c00000, 0x00000007e8c00000, 0x00000007e8d00000|  0%| F|  |TAMS 0x00000007e8c00000| PB 0x00000007e8c00000| Untracked 
|1677|0x00000007e8d00000, 0x00000007e8d00000, 0x00000007e8e00000|  0%| F|  |TAMS 0x00000007e8d00000| PB 0x00000007e8d00000| Untracked 
|1678|0x00000007e8e00000, 0x00000007e8e00000, 0x00000007e8f00000|  0%| F|  |TAMS 0x00000007e8e00000| PB 0x00000007e8e00000| Untracked 
|1679|0x00000007e8f00000, 0x00000007e8f00000, 0x00000007e9000000|  0%| F|  |TAMS 0x00000007e8f00000| PB 0x00000007e8f00000| Untracked 
|1680|0x00000007e9000000, 0x00000007e9000000, 0x00000007e9100000|  0%| F|  |TAMS 0x00000007e9000000| PB 0x00000007e9000000| Untracked 
|1681|0x00000007e9100000, 0x00000007e9100000, 0x00000007e9200000|  0%| F|  |TAMS 0x00000007e9100000| PB 0x00000007e9100000| Untracked 
|1682|0x00000007e9200000, 0x00000007e9200000, 0x00000007e9300000|  0%| F|  |TAMS 0x00000007e9200000| PB 0x00000007e9200000| Untracked 
|1683|0x00000007e9300000, 0x00000007e9300000, 0x00000007e9400000|  0%| F|  |TAMS 0x00000007e9300000| PB 0x00000007e9300000| Untracked 
|1684|0x00000007e9400000, 0x00000007e9400000, 0x00000007e9500000|  0%| F|  |TAMS 0x00000007e9400000| PB 0x00000007e9400000| Untracked 
|1685|0x00000007e9500000, 0x00000007e9500000, 0x00000007e9600000|  0%| F|  |TAMS 0x00000007e9500000| PB 0x00000007e9500000| Untracked 
|1686|0x00000007e9600000, 0x00000007e9600000, 0x00000007e9700000|  0%| F|  |TAMS 0x00000007e9600000| PB 0x00000007e9600000| Untracked 
|1687|0x00000007e9700000, 0x00000007e9700000, 0x00000007e9800000|  0%| F|  |TAMS 0x00000007e9700000| PB 0x00000007e9700000| Untracked 
|1688|0x00000007e9800000, 0x00000007e9800000, 0x00000007e9900000|  0%| F|  |TAMS 0x00000007e9800000| PB 0x00000007e9800000| Untracked 
|1689|0x00000007e9900000, 0x00000007e9900000, 0x00000007e9a00000|  0%| F|  |TAMS 0x00000007e9900000| PB 0x00000007e9900000| Untracked 
|1690|0x00000007e9a00000, 0x00000007e9a00000, 0x00000007e9b00000|  0%| F|  |TAMS 0x00000007e9a00000| PB 0x00000007e9a00000| Untracked 
|1691|0x00000007e9b00000, 0x00000007e9b00000, 0x00000007e9c00000|  0%| F|  |TAMS 0x00000007e9b00000| PB 0x00000007e9b00000| Untracked 
|1692|0x00000007e9c00000, 0x00000007e9c00000, 0x00000007e9d00000|  0%| F|  |TAMS 0x00000007e9c00000| PB 0x00000007e9c00000| Untracked 
|1693|0x00000007e9d00000, 0x00000007e9d00000, 0x00000007e9e00000|  0%| F|  |TAMS 0x00000007e9d00000| PB 0x00000007e9d00000| Untracked 
|1694|0x00000007e9e00000, 0x00000007e9e00000, 0x00000007e9f00000|  0%| F|  |TAMS 0x00000007e9e00000| PB 0x00000007e9e00000| Untracked 
|1695|0x00000007e9f00000, 0x00000007e9f00000, 0x00000007ea000000|  0%| F|  |TAMS 0x00000007e9f00000| PB 0x00000007e9f00000| Untracked 
|1696|0x00000007ea000000, 0x00000007ea000000, 0x00000007ea100000|  0%| F|  |TAMS 0x00000007ea000000| PB 0x00000007ea000000| Untracked 
|1697|0x00000007ea100000, 0x00000007ea100000, 0x00000007ea200000|  0%| F|  |TAMS 0x00000007ea100000| PB 0x00000007ea100000| Untracked 
|1698|0x00000007ea200000, 0x00000007ea200000, 0x00000007ea300000|  0%| F|  |TAMS 0x00000007ea200000| PB 0x00000007ea200000| Untracked 
|1699|0x00000007ea300000, 0x00000007ea300000, 0x00000007ea400000|  0%| F|  |TAMS 0x00000007ea300000| PB 0x00000007ea300000| Untracked 
|1700|0x00000007ea400000, 0x00000007ea400000, 0x00000007ea500000|  0%| F|  |TAMS 0x00000007ea400000| PB 0x00000007ea400000| Untracked 
|1701|0x00000007ea500000, 0x00000007ea500000, 0x00000007ea600000|  0%| F|  |TAMS 0x00000007ea500000| PB 0x00000007ea500000| Untracked 
|1702|0x00000007ea600000, 0x00000007ea600000, 0x00000007ea700000|  0%| F|  |TAMS 0x00000007ea600000| PB 0x00000007ea600000| Untracked 
|1703|0x00000007ea700000, 0x00000007ea700000, 0x00000007ea800000|  0%| F|  |TAMS 0x00000007ea700000| PB 0x00000007ea700000| Untracked 
|1704|0x00000007ea800000, 0x00000007ea800000, 0x00000007ea900000|  0%| F|  |TAMS 0x00000007ea800000| PB 0x00000007ea800000| Untracked 
|1705|0x00000007ea900000, 0x00000007ea900000, 0x00000007eaa00000|  0%| F|  |TAMS 0x00000007ea900000| PB 0x00000007ea900000| Untracked 
|1706|0x00000007eaa00000, 0x00000007eaa00000, 0x00000007eab00000|  0%| F|  |TAMS 0x00000007eaa00000| PB 0x00000007eaa00000| Untracked 
|1707|0x00000007eab00000, 0x00000007eab00000, 0x00000007eac00000|  0%| F|  |TAMS 0x00000007eab00000| PB 0x00000007eab00000| Untracked 
|1708|0x00000007eac00000, 0x00000007eac00000, 0x00000007ead00000|  0%| F|  |TAMS 0x00000007eac00000| PB 0x00000007eac00000| Untracked 
|1709|0x00000007ead00000, 0x00000007ead00000, 0x00000007eae00000|  0%| F|  |TAMS 0x00000007ead00000| PB 0x00000007ead00000| Untracked 
|1710|0x00000007eae00000, 0x00000007eae00000, 0x00000007eaf00000|  0%| F|  |TAMS 0x00000007eae00000| PB 0x00000007eae00000| Untracked 
|1711|0x00000007eaf00000, 0x00000007eaf00000, 0x00000007eb000000|  0%| F|  |TAMS 0x00000007eaf00000| PB 0x00000007eaf00000| Untracked 
|1712|0x00000007eb000000, 0x00000007eb000000, 0x00000007eb100000|  0%| F|  |TAMS 0x00000007eb000000| PB 0x00000007eb000000| Untracked 
|1713|0x00000007eb100000, 0x00000007eb100000, 0x00000007eb200000|  0%| F|  |TAMS 0x00000007eb100000| PB 0x00000007eb100000| Untracked 
|1714|0x00000007eb200000, 0x00000007eb200000, 0x00000007eb300000|  0%| F|  |TAMS 0x00000007eb200000| PB 0x00000007eb200000| Untracked 
|1715|0x00000007eb300000, 0x00000007eb300000, 0x00000007eb400000|  0%| F|  |TAMS 0x00000007eb300000| PB 0x00000007eb300000| Untracked 
|1716|0x00000007eb400000, 0x00000007eb400000, 0x00000007eb500000|  0%| F|  |TAMS 0x00000007eb400000| PB 0x00000007eb400000| Untracked 
|1717|0x00000007eb500000, 0x00000007eb500000, 0x00000007eb600000|  0%| F|  |TAMS 0x00000007eb500000| PB 0x00000007eb500000| Untracked 
|1718|0x00000007eb600000, 0x00000007eb600000, 0x00000007eb700000|  0%| F|  |TAMS 0x00000007eb600000| PB 0x00000007eb600000| Untracked 
|1719|0x00000007eb700000, 0x00000007eb700000, 0x00000007eb800000|  0%| F|  |TAMS 0x00000007eb700000| PB 0x00000007eb700000| Untracked 
|1720|0x00000007eb800000, 0x00000007eb800000, 0x00000007eb900000|  0%| F|  |TAMS 0x00000007eb800000| PB 0x00000007eb800000| Untracked 
|1721|0x00000007eb900000, 0x00000007eb900000, 0x00000007eba00000|  0%| F|  |TAMS 0x00000007eb900000| PB 0x00000007eb900000| Untracked 
|1722|0x00000007eba00000, 0x00000007eba00000, 0x00000007ebb00000|  0%| F|  |TAMS 0x00000007eba00000| PB 0x00000007eba00000| Untracked 
|1723|0x00000007ebb00000, 0x00000007ebc00000, 0x00000007ebc00000|100%| O|  |TAMS 0x00000007ebb00000| PB 0x00000007ebb00000| Complete 
|1724|0x00000007ebc00000, 0x00000007ebc00000, 0x00000007ebd00000|  0%| F|  |TAMS 0x00000007ebc00000| PB 0x00000007ebc00000| Untracked 
|1725|0x00000007ebd00000, 0x00000007ebd00000, 0x00000007ebe00000|  0%| F|  |TAMS 0x00000007ebd00000| PB 0x00000007ebd00000| Untracked 
|1726|0x00000007ebe00000, 0x00000007ebe00000, 0x00000007ebf00000|  0%| F|  |TAMS 0x00000007ebe00000| PB 0x00000007ebe00000| Untracked 
|1727|0x00000007ebf00000, 0x00000007ebf00000, 0x00000007ec000000|  0%| F|  |TAMS 0x00000007ebf00000| PB 0x00000007ebf00000| Untracked 
|1728|0x00000007ec000000, 0x00000007ec080800, 0x00000007ec100000| 50%| E|  |TAMS 0x00000007ec000000| PB 0x00000007ec000000| Complete 
|1729|0x00000007ec100000, 0x00000007ec200000, 0x00000007ec200000|100%| E|CS|TAMS 0x00000007ec100000| PB 0x00000007ec100000| Complete 
|1730|0x00000007ec200000, 0x00000007ec300000, 0x00000007ec300000|100%| E|CS|TAMS 0x00000007ec200000| PB 0x00000007ec200000| Complete 
|1731|0x00000007ec300000, 0x00000007ec400000, 0x00000007ec400000|100%| E|CS|TAMS 0x00000007ec300000| PB 0x00000007ec300000| Complete 
|1732|0x00000007ec400000, 0x00000007ec500000, 0x00000007ec500000|100%| E|CS|TAMS 0x00000007ec400000| PB 0x00000007ec400000| Complete 
|1733|0x00000007ec500000, 0x00000007ec600000, 0x00000007ec600000|100%| E|CS|TAMS 0x00000007ec500000| PB 0x00000007ec500000| Complete 
|1734|0x00000007ec600000, 0x00000007ec700000, 0x00000007ec700000|100%| E|CS|TAMS 0x00000007ec600000| PB 0x00000007ec600000| Complete 
|1735|0x00000007ec700000, 0x00000007ec800000, 0x00000007ec800000|100%| E|CS|TAMS 0x00000007ec700000| PB 0x00000007ec700000| Complete 
|1736|0x00000007ec800000, 0x00000007ec900000, 0x00000007ec900000|100%| E|CS|TAMS 0x00000007ec800000| PB 0x00000007ec800000| Complete 
|1737|0x00000007ec900000, 0x00000007eca00000, 0x00000007eca00000|100%| E|CS|TAMS 0x00000007ec900000| PB 0x00000007ec900000| Complete 
|1738|0x00000007eca00000, 0x00000007ecb00000, 0x00000007ecb00000|100%| E|CS|TAMS 0x00000007eca00000| PB 0x00000007eca00000| Complete 
|1739|0x00000007ecb00000, 0x00000007ecc00000, 0x00000007ecc00000|100%| E|CS|TAMS 0x00000007ecb00000| PB 0x00000007ecb00000| Complete 
|1740|0x00000007ecc00000, 0x00000007ecd00000, 0x00000007ecd00000|100%| E|CS|TAMS 0x00000007ecc00000| PB 0x00000007ecc00000| Complete 
|1741|0x00000007ecd00000, 0x00000007ece00000, 0x00000007ece00000|100%| E|CS|TAMS 0x00000007ecd00000| PB 0x00000007ecd00000| Complete 
|1742|0x00000007ece00000, 0x00000007ecf00000, 0x00000007ecf00000|100%| E|CS|TAMS 0x00000007ece00000| PB 0x00000007ece00000| Complete 
|1743|0x00000007ecf00000, 0x00000007ed000000, 0x00000007ed000000|100%| E|CS|TAMS 0x00000007ecf00000| PB 0x00000007ecf00000| Complete 
|1744|0x00000007ed000000, 0x00000007ed100000, 0x00000007ed100000|100%| E|CS|TAMS 0x00000007ed000000| PB 0x00000007ed000000| Complete 
|1745|0x00000007ed100000, 0x00000007ed200000, 0x00000007ed200000|100%| E|CS|TAMS 0x00000007ed100000| PB 0x00000007ed100000| Complete 
|1746|0x00000007ed200000, 0x00000007ed300000, 0x00000007ed300000|100%| E|CS|TAMS 0x00000007ed200000| PB 0x00000007ed200000| Complete 
|1747|0x00000007ed300000, 0x00000007ed400000, 0x00000007ed400000|100%| E|CS|TAMS 0x00000007ed300000| PB 0x00000007ed300000| Complete 
|1748|0x00000007ed400000, 0x00000007ed500000, 0x00000007ed500000|100%| E|CS|TAMS 0x00000007ed400000| PB 0x00000007ed400000| Complete 
|1749|0x00000007ed500000, 0x00000007ed600000, 0x00000007ed600000|100%| E|CS|TAMS 0x00000007ed500000| PB 0x00000007ed500000| Complete 
|1750|0x00000007ed600000, 0x00000007ed700000, 0x00000007ed700000|100%| E|CS|TAMS 0x00000007ed600000| PB 0x00000007ed600000| Complete 
|1751|0x00000007ed700000, 0x00000007ed800000, 0x00000007ed800000|100%| E|CS|TAMS 0x00000007ed700000| PB 0x00000007ed700000| Complete 
|1752|0x00000007ed800000, 0x00000007ed900000, 0x00000007ed900000|100%| E|CS|TAMS 0x00000007ed800000| PB 0x00000007ed800000| Complete 
|1753|0x00000007ed900000, 0x00000007eda00000, 0x00000007eda00000|100%| E|CS|TAMS 0x00000007ed900000| PB 0x00000007ed900000| Complete 
|1754|0x00000007eda00000, 0x00000007edb00000, 0x00000007edb00000|100%| E|CS|TAMS 0x00000007eda00000| PB 0x00000007eda00000| Complete 
|1755|0x00000007edb00000, 0x00000007edc00000, 0x00000007edc00000|100%| E|CS|TAMS 0x00000007edb00000| PB 0x00000007edb00000| Complete 
|1756|0x00000007edc00000, 0x00000007edd00000, 0x00000007edd00000|100%| E|CS|TAMS 0x00000007edc00000| PB 0x00000007edc00000| Complete 
|1757|0x00000007edd00000, 0x00000007ede00000, 0x00000007ede00000|100%| E|CS|TAMS 0x00000007edd00000| PB 0x00000007edd00000| Complete 
|1758|0x00000007ede00000, 0x00000007edf00000, 0x00000007edf00000|100%| E|CS|TAMS 0x00000007ede00000| PB 0x00000007ede00000| Complete 
|1759|0x00000007edf00000, 0x00000007ee000000, 0x00000007ee000000|100%| E|CS|TAMS 0x00000007edf00000| PB 0x00000007edf00000| Complete 
|1760|0x00000007ee000000, 0x00000007ee100000, 0x00000007ee100000|100%| E|CS|TAMS 0x00000007ee000000| PB 0x00000007ee000000| Complete 
|1761|0x00000007ee100000, 0x00000007ee200000, 0x00000007ee200000|100%| E|CS|TAMS 0x00000007ee100000| PB 0x00000007ee100000| Complete 
|1762|0x00000007ee200000, 0x00000007ee300000, 0x00000007ee300000|100%| E|CS|TAMS 0x00000007ee200000| PB 0x00000007ee200000| Complete 
|1763|0x00000007ee300000, 0x00000007ee400000, 0x00000007ee400000|100%| E|CS|TAMS 0x00000007ee300000| PB 0x00000007ee300000| Complete 
|1764|0x00000007ee400000, 0x00000007ee500000, 0x00000007ee500000|100%| E|CS|TAMS 0x00000007ee400000| PB 0x00000007ee400000| Complete 
|1765|0x00000007ee500000, 0x00000007ee600000, 0x00000007ee600000|100%| E|CS|TAMS 0x00000007ee500000| PB 0x00000007ee500000| Complete 
|1766|0x00000007ee600000, 0x00000007ee700000, 0x00000007ee700000|100%| E|CS|TAMS 0x00000007ee600000| PB 0x00000007ee600000| Complete 
|1767|0x00000007ee700000, 0x00000007ee800000, 0x00000007ee800000|100%| E|CS|TAMS 0x00000007ee700000| PB 0x00000007ee700000| Complete 
|1768|0x00000007ee800000, 0x00000007ee900000, 0x00000007ee900000|100%| E|CS|TAMS 0x00000007ee800000| PB 0x00000007ee800000| Complete 
|1769|0x00000007ee900000, 0x00000007eea00000, 0x00000007eea00000|100%| E|CS|TAMS 0x00000007ee900000| PB 0x00000007ee900000| Complete 
|1770|0x00000007eea00000, 0x00000007eeb00000, 0x00000007eeb00000|100%| E|CS|TAMS 0x00000007eea00000| PB 0x00000007eea00000| Complete 
|1771|0x00000007eeb00000, 0x00000007eec00000, 0x00000007eec00000|100%| E|CS|TAMS 0x00000007eeb00000| PB 0x00000007eeb00000| Complete 
|1772|0x00000007eec00000, 0x00000007eed00000, 0x00000007eed00000|100%| E|CS|TAMS 0x00000007eec00000| PB 0x00000007eec00000| Complete 
|1773|0x00000007eed00000, 0x00000007eee00000, 0x00000007eee00000|100%| E|CS|TAMS 0x00000007eed00000| PB 0x00000007eed00000| Complete 
|1774|0x00000007eee00000, 0x00000007eef00000, 0x00000007eef00000|100%| E|CS|TAMS 0x00000007eee00000| PB 0x00000007eee00000| Complete 
|1775|0x00000007eef00000, 0x00000007ef000000, 0x00000007ef000000|100%| E|CS|TAMS 0x00000007eef00000| PB 0x00000007eef00000| Complete 
|1776|0x00000007ef000000, 0x00000007ef100000, 0x00000007ef100000|100%| E|CS|TAMS 0x00000007ef000000| PB 0x00000007ef000000| Complete 
|1777|0x00000007ef100000, 0x00000007ef200000, 0x00000007ef200000|100%| E|CS|TAMS 0x00000007ef100000| PB 0x00000007ef100000| Complete 
|1778|0x00000007ef200000, 0x00000007ef300000, 0x00000007ef300000|100%| E|CS|TAMS 0x00000007ef200000| PB 0x00000007ef200000| Complete 
|1779|0x00000007ef300000, 0x00000007ef400000, 0x00000007ef400000|100%| E|CS|TAMS 0x00000007ef300000| PB 0x00000007ef300000| Complete 
|1780|0x00000007ef400000, 0x00000007ef500000, 0x00000007ef500000|100%| E|CS|TAMS 0x00000007ef400000| PB 0x00000007ef400000| Complete 
|1781|0x00000007ef500000, 0x00000007ef600000, 0x00000007ef600000|100%| E|CS|TAMS 0x00000007ef500000| PB 0x00000007ef500000| Complete 
|1782|0x00000007ef600000, 0x00000007ef700000, 0x00000007ef700000|100%| E|CS|TAMS 0x00000007ef600000| PB 0x00000007ef600000| Complete 
|1783|0x00000007ef700000, 0x00000007ef800000, 0x00000007ef800000|100%| E|CS|TAMS 0x00000007ef700000| PB 0x00000007ef700000| Complete 
|1784|0x00000007ef800000, 0x00000007ef900000, 0x00000007ef900000|100%| E|CS|TAMS 0x00000007ef800000| PB 0x00000007ef800000| Complete 
|1785|0x00000007ef900000, 0x00000007efa00000, 0x00000007efa00000|100%| E|CS|TAMS 0x00000007ef900000| PB 0x00000007ef900000| Complete 
|1786|0x00000007efa00000, 0x00000007efb00000, 0x00000007efb00000|100%| E|CS|TAMS 0x00000007efa00000| PB 0x00000007efa00000| Complete 
|1787|0x00000007efb00000, 0x00000007efc00000, 0x00000007efc00000|100%| E|CS|TAMS 0x00000007efb00000| PB 0x00000007efb00000| Complete 
|1788|0x00000007efc00000, 0x00000007efd00000, 0x00000007efd00000|100%| E|CS|TAMS 0x00000007efc00000| PB 0x00000007efc00000| Complete 
|1789|0x00000007efd00000, 0x00000007efe00000, 0x00000007efe00000|100%| E|CS|TAMS 0x00000007efd00000| PB 0x00000007efd00000| Complete 
|1790|0x00000007efe00000, 0x00000007eff00000, 0x00000007eff00000|100%| E|CS|TAMS 0x00000007efe00000| PB 0x00000007efe00000| Complete 
|1791|0x00000007eff00000, 0x00000007f0000000, 0x00000007f0000000|100%| E|CS|TAMS 0x00000007eff00000| PB 0x00000007eff00000| Complete 
|1792|0x00000007f0000000, 0x00000007f0100000, 0x00000007f0100000|100%| E|CS|TAMS 0x00000007f0000000| PB 0x00000007f0000000| Complete 
|1793|0x00000007f0100000, 0x00000007f0200000, 0x00000007f0200000|100%| E|CS|TAMS 0x00000007f0100000| PB 0x00000007f0100000| Complete 
|1794|0x00000007f0200000, 0x00000007f0300000, 0x00000007f0300000|100%| E|CS|TAMS 0x00000007f0200000| PB 0x00000007f0200000| Complete 
|1795|0x00000007f0300000, 0x00000007f0400000, 0x00000007f0400000|100%| E|CS|TAMS 0x00000007f0300000| PB 0x00000007f0300000| Complete 
|1796|0x00000007f0400000, 0x00000007f0500000, 0x00000007f0500000|100%| E|CS|TAMS 0x00000007f0400000| PB 0x00000007f0400000| Complete 
|1797|0x00000007f0500000, 0x00000007f0600000, 0x00000007f0600000|100%| E|CS|TAMS 0x00000007f0500000| PB 0x00000007f0500000| Complete 
|1798|0x00000007f0600000, 0x00000007f0700000, 0x00000007f0700000|100%| E|CS|TAMS 0x00000007f0600000| PB 0x00000007f0600000| Complete 
|1799|0x00000007f0700000, 0x00000007f0800000, 0x00000007f0800000|100%| E|CS|TAMS 0x00000007f0700000| PB 0x00000007f0700000| Complete 
|1800|0x00000007f0800000, 0x00000007f0900000, 0x00000007f0900000|100%| E|CS|TAMS 0x00000007f0800000| PB 0x00000007f0800000| Complete 
|1801|0x00000007f0900000, 0x00000007f0a00000, 0x00000007f0a00000|100%| E|CS|TAMS 0x00000007f0900000| PB 0x00000007f0900000| Complete 
|1802|0x00000007f0a00000, 0x00000007f0b00000, 0x00000007f0b00000|100%| E|CS|TAMS 0x00000007f0a00000| PB 0x00000007f0a00000| Complete 
|1803|0x00000007f0b00000, 0x00000007f0c00000, 0x00000007f0c00000|100%| E|CS|TAMS 0x00000007f0b00000| PB 0x00000007f0b00000| Complete 
|1804|0x00000007f0c00000, 0x00000007f0d00000, 0x00000007f0d00000|100%| E|CS|TAMS 0x00000007f0c00000| PB 0x00000007f0c00000| Complete 
|1805|0x00000007f0d00000, 0x00000007f0e00000, 0x00000007f0e00000|100%| E|CS|TAMS 0x00000007f0d00000| PB 0x00000007f0d00000| Complete 
|1806|0x00000007f0e00000, 0x00000007f0f00000, 0x00000007f0f00000|100%| E|CS|TAMS 0x00000007f0e00000| PB 0x00000007f0e00000| Complete 
|1807|0x00000007f0f00000, 0x00000007f1000000, 0x00000007f1000000|100%| E|CS|TAMS 0x00000007f0f00000| PB 0x00000007f0f00000| Complete 
|1808|0x00000007f1000000, 0x00000007f1100000, 0x00000007f1100000|100%| E|CS|TAMS 0x00000007f1000000| PB 0x00000007f1000000| Complete 
|1809|0x00000007f1100000, 0x00000007f1200000, 0x00000007f1200000|100%| E|CS|TAMS 0x00000007f1100000| PB 0x00000007f1100000| Complete 
|1810|0x00000007f1200000, 0x00000007f1300000, 0x00000007f1300000|100%| E|CS|TAMS 0x00000007f1200000| PB 0x00000007f1200000| Complete 
|1811|0x00000007f1300000, 0x00000007f1400000, 0x00000007f1400000|100%| E|CS|TAMS 0x00000007f1300000| PB 0x00000007f1300000| Complete 
|1812|0x00000007f1400000, 0x00000007f1500000, 0x00000007f1500000|100%| E|CS|TAMS 0x00000007f1400000| PB 0x00000007f1400000| Complete 
|1813|0x00000007f1500000, 0x00000007f1600000, 0x00000007f1600000|100%| E|CS|TAMS 0x00000007f1500000| PB 0x00000007f1500000| Complete 
|1814|0x00000007f1600000, 0x00000007f1700000, 0x00000007f1700000|100%| E|CS|TAMS 0x00000007f1600000| PB 0x00000007f1600000| Complete 
|1815|0x00000007f1700000, 0x00000007f1800000, 0x00000007f1800000|100%| E|CS|TAMS 0x00000007f1700000| PB 0x00000007f1700000| Complete 
|1816|0x00000007f1800000, 0x00000007f1900000, 0x00000007f1900000|100%| E|CS|TAMS 0x00000007f1800000| PB 0x00000007f1800000| Complete 
|1817|0x00000007f1900000, 0x00000007f1a00000, 0x00000007f1a00000|100%| E|CS|TAMS 0x00000007f1900000| PB 0x00000007f1900000| Complete 
|1818|0x00000007f1a00000, 0x00000007f1b00000, 0x00000007f1b00000|100%| E|CS|TAMS 0x00000007f1a00000| PB 0x00000007f1a00000| Complete 
|1819|0x00000007f1b00000, 0x00000007f1c00000, 0x00000007f1c00000|100%| E|CS|TAMS 0x00000007f1b00000| PB 0x00000007f1b00000| Complete 
|1820|0x00000007f1c00000, 0x00000007f1d00000, 0x00000007f1d00000|100%| E|CS|TAMS 0x00000007f1c00000| PB 0x00000007f1c00000| Complete 
|1821|0x00000007f1d00000, 0x00000007f1e00000, 0x00000007f1e00000|100%| E|CS|TAMS 0x00000007f1d00000| PB 0x00000007f1d00000| Complete 
|1822|0x00000007f1e00000, 0x00000007f1f00000, 0x00000007f1f00000|100%| E|CS|TAMS 0x00000007f1e00000| PB 0x00000007f1e00000| Complete 
|1823|0x00000007f1f00000, 0x00000007f2000000, 0x00000007f2000000|100%| E|CS|TAMS 0x00000007f1f00000| PB 0x00000007f1f00000| Complete 
|1824|0x00000007f2000000, 0x00000007f2100000, 0x00000007f2100000|100%| E|CS|TAMS 0x00000007f2000000| PB 0x00000007f2000000| Complete 
|1825|0x00000007f2100000, 0x00000007f2200000, 0x00000007f2200000|100%| E|CS|TAMS 0x00000007f2100000| PB 0x00000007f2100000| Complete 
|1826|0x00000007f2200000, 0x00000007f2300000, 0x00000007f2300000|100%| E|CS|TAMS 0x00000007f2200000| PB 0x00000007f2200000| Complete 
|1827|0x00000007f2300000, 0x00000007f2400000, 0x00000007f2400000|100%| E|CS|TAMS 0x00000007f2300000| PB 0x00000007f2300000| Complete 
|1828|0x00000007f2400000, 0x00000007f2500000, 0x00000007f2500000|100%| E|CS|TAMS 0x00000007f2400000| PB 0x00000007f2400000| Complete 
|1829|0x00000007f2500000, 0x00000007f2600000, 0x00000007f2600000|100%| O|  |TAMS 0x00000007f2500000| PB 0x00000007f2500000| Complete 
|1830|0x00000007f2600000, 0x00000007f2700000, 0x00000007f2700000|100%| O|  |TAMS 0x00000007f2600000| PB 0x00000007f2600000| Complete 
|1831|0x00000007f2700000, 0x00000007f2800000, 0x00000007f2800000|100%| O|  |TAMS 0x00000007f2700000| PB 0x00000007f2700000| Complete 
|1832|0x00000007f2800000, 0x00000007f2900000, 0x00000007f2900000|100%| O|  |TAMS 0x00000007f2800000| PB 0x00000007f2800000| Complete 
|1833|0x00000007f2900000, 0x00000007f2a00000, 0x00000007f2a00000|100%| O|  |TAMS 0x00000007f2900000| PB 0x00000007f2900000| Complete 
|1834|0x00000007f2a00000, 0x00000007f2b00000, 0x00000007f2b00000|100%| E|CS|TAMS 0x00000007f2a00000| PB 0x00000007f2a00000| Complete 
|1835|0x00000007f2b00000, 0x00000007f2c00000, 0x00000007f2c00000|100%| O|  |TAMS 0x00000007f2b00000| PB 0x00000007f2b00000| Complete 
|1836|0x00000007f2c00000, 0x00000007f2d00000, 0x00000007f2d00000|100%| E|CS|TAMS 0x00000007f2c00000| PB 0x00000007f2c00000| Complete 
|1837|0x00000007f2d00000, 0x00000007f2e00000, 0x00000007f2e00000|100%| E|CS|TAMS 0x00000007f2d00000| PB 0x00000007f2d00000| Complete 
|1838|0x00000007f2e00000, 0x00000007f2f00000, 0x00000007f2f00000|100%| O|  |TAMS 0x00000007f2e00000| PB 0x00000007f2e00000| Complete 
|1839|0x00000007f2f00000, 0x00000007f3000000, 0x00000007f3000000|100%| E|CS|TAMS 0x00000007f2f00000| PB 0x00000007f2f00000| Complete 
|1840|0x00000007f3000000, 0x00000007f3100000, 0x00000007f3100000|100%| E|CS|TAMS 0x00000007f3000000| PB 0x00000007f3000000| Complete 
|1841|0x00000007f3100000, 0x00000007f3200000, 0x00000007f3200000|100%| E|CS|TAMS 0x00000007f3100000| PB 0x00000007f3100000| Complete 
|1842|0x00000007f3200000, 0x00000007f3300000, 0x00000007f3300000|100%| E|CS|TAMS 0x00000007f3200000| PB 0x00000007f3200000| Complete 
|1843|0x00000007f3300000, 0x00000007f3400000, 0x00000007f3400000|100%| E|CS|TAMS 0x00000007f3300000| PB 0x00000007f3300000| Complete 
|1844|0x00000007f3400000, 0x00000007f3500000, 0x00000007f3500000|100%| E|CS|TAMS 0x00000007f3400000| PB 0x00000007f3400000| Complete 
|1845|0x00000007f3500000, 0x00000007f3600000, 0x00000007f3600000|100%| O|  |TAMS 0x00000007f3500000| PB 0x00000007f3500000| Complete 
|1846|0x00000007f3600000, 0x00000007f3700000, 0x00000007f3700000|100%| O|  |TAMS 0x00000007f3600000| PB 0x00000007f3600000| Complete 
|1847|0x00000007f3700000, 0x00000007f3800000, 0x00000007f3800000|100%| O|  |TAMS 0x00000007f3700000| PB 0x00000007f3700000| Complete 
|1848|0x00000007f3800000, 0x00000007f3900000, 0x00000007f3900000|100%| O|  |TAMS 0x00000007f3800000| PB 0x00000007f3800000| Complete 
|1849|0x00000007f3900000, 0x00000007f3a00000, 0x00000007f3a00000|100%| E|CS|TAMS 0x00000007f3900000| PB 0x00000007f3900000| Complete 
|1850|0x00000007f3a00000, 0x00000007f3b00000, 0x00000007f3b00000|100%| E|CS|TAMS 0x00000007f3a00000| PB 0x00000007f3a00000| Complete 
|1851|0x00000007f3b00000, 0x00000007f3c00000, 0x00000007f3c00000|100%| E|CS|TAMS 0x00000007f3b00000| PB 0x00000007f3b00000| Complete 
|1852|0x00000007f3c00000, 0x00000007f3d00000, 0x00000007f3d00000|100%| E|CS|TAMS 0x00000007f3c00000| PB 0x00000007f3c00000| Complete 
|1853|0x00000007f3d00000, 0x00000007f3e00000, 0x00000007f3e00000|100%| E|CS|TAMS 0x00000007f3d00000| PB 0x00000007f3d00000| Complete 
|1854|0x00000007f3e00000, 0x00000007f3f00000, 0x00000007f3f00000|100%| O|  |TAMS 0x00000007f3e00000| PB 0x00000007f3e00000| Complete 
|1855|0x00000007f3f00000, 0x00000007f4000000, 0x00000007f4000000|100%| E|CS|TAMS 0x00000007f3f00000| PB 0x00000007f3f00000| Complete 
|1856|0x00000007f4000000, 0x00000007f4100000, 0x00000007f4100000|100%| E|CS|TAMS 0x00000007f4000000| PB 0x00000007f4000000| Complete 
|1857|0x00000007f4100000, 0x00000007f4200000, 0x00000007f4200000|100%| E|CS|TAMS 0x00000007f4100000| PB 0x00000007f4100000| Complete 
|1858|0x00000007f4200000, 0x00000007f4300000, 0x00000007f4300000|100%| O|  |TAMS 0x00000007f4200000| PB 0x00000007f4200000| Complete 
|1859|0x00000007f4300000, 0x00000007f4400000, 0x00000007f4400000|100%| E|CS|TAMS 0x00000007f4300000| PB 0x00000007f4300000| Complete 
|1860|0x00000007f4400000, 0x00000007f4500000, 0x00000007f4500000|100%| E|CS|TAMS 0x00000007f4400000| PB 0x00000007f4400000| Complete 
|1861|0x00000007f4500000, 0x00000007f4600000, 0x00000007f4600000|100%| E|CS|TAMS 0x00000007f4500000| PB 0x00000007f4500000| Complete 
|1862|0x00000007f4600000, 0x00000007f4700000, 0x00000007f4700000|100%| E|CS|TAMS 0x00000007f4600000| PB 0x00000007f4600000| Complete 
|1863|0x00000007f4700000, 0x00000007f4800000, 0x00000007f4800000|100%| E|CS|TAMS 0x00000007f4700000| PB 0x00000007f4700000| Complete 
|1864|0x00000007f4800000, 0x00000007f4900000, 0x00000007f4900000|100%| O|  |TAMS 0x00000007f4800000| PB 0x00000007f4800000| Complete 
|1865|0x00000007f4900000, 0x00000007f4a00000, 0x00000007f4a00000|100%| E|CS|TAMS 0x00000007f4900000| PB 0x00000007f4900000| Complete 
|1866|0x00000007f4a00000, 0x00000007f4b00000, 0x00000007f4b00000|100%| O|  |TAMS 0x00000007f4a00000| PB 0x00000007f4a00000| Complete 
|1867|0x00000007f4b00000, 0x00000007f4c00000, 0x00000007f4c00000|100%| O|  |TAMS 0x00000007f4b00000| PB 0x00000007f4b00000| Complete 
|1868|0x00000007f4c00000, 0x00000007f4d00000, 0x00000007f4d00000|100%| E|CS|TAMS 0x00000007f4c00000| PB 0x00000007f4c00000| Complete 
|1869|0x00000007f4d00000, 0x00000007f4e00000, 0x00000007f4e00000|100%| E|CS|TAMS 0x00000007f4d00000| PB 0x00000007f4d00000| Complete 
|1870|0x00000007f4e00000, 0x00000007f4f00000, 0x00000007f4f00000|100%| E|CS|TAMS 0x00000007f4e00000| PB 0x00000007f4e00000| Complete 
|1871|0x00000007f4f00000, 0x00000007f5000000, 0x00000007f5000000|100%| E|CS|TAMS 0x00000007f4f00000| PB 0x00000007f4f00000| Complete 
|1872|0x00000007f5000000, 0x00000007f5100000, 0x00000007f5100000|100%| E|CS|TAMS 0x00000007f5000000| PB 0x00000007f5000000| Complete 
|1873|0x00000007f5100000, 0x00000007f5200000, 0x00000007f5200000|100%| E|CS|TAMS 0x00000007f5100000| PB 0x00000007f5100000| Complete 
|1874|0x00000007f5200000, 0x00000007f5300000, 0x00000007f5300000|100%| E|CS|TAMS 0x00000007f5200000| PB 0x00000007f5200000| Complete 
|1875|0x00000007f5300000, 0x00000007f5400000, 0x00000007f5400000|100%| E|CS|TAMS 0x00000007f5300000| PB 0x00000007f5300000| Complete 
|1876|0x00000007f5400000, 0x00000007f5500000, 0x00000007f5500000|100%| E|CS|TAMS 0x00000007f5400000| PB 0x00000007f5400000| Complete 
|1877|0x00000007f5500000, 0x00000007f5600000, 0x00000007f5600000|100%| E|CS|TAMS 0x00000007f5500000| PB 0x00000007f5500000| Complete 
|1878|0x00000007f5600000, 0x00000007f5700000, 0x00000007f5700000|100%| E|CS|TAMS 0x00000007f5600000| PB 0x00000007f5600000| Complete 
|1879|0x00000007f5700000, 0x00000007f5800000, 0x00000007f5800000|100%| E|CS|TAMS 0x00000007f5700000| PB 0x00000007f5700000| Complete 
|1880|0x00000007f5800000, 0x00000007f5900000, 0x00000007f5900000|100%| E|CS|TAMS 0x00000007f5800000| PB 0x00000007f5800000| Complete 
|1881|0x00000007f5900000, 0x00000007f5a00000, 0x00000007f5a00000|100%| E|CS|TAMS 0x00000007f5900000| PB 0x00000007f5900000| Complete 
|1882|0x00000007f5a00000, 0x00000007f5b00000, 0x00000007f5b00000|100%| E|CS|TAMS 0x00000007f5a00000| PB 0x00000007f5a00000| Complete 
|1883|0x00000007f5b00000, 0x00000007f5c00000, 0x00000007f5c00000|100%| O|  |TAMS 0x00000007f5b00000| PB 0x00000007f5b00000| Complete 
|1884|0x00000007f5c00000, 0x00000007f5d00000, 0x00000007f5d00000|100%| O|  |TAMS 0x00000007f5c00000| PB 0x00000007f5c00000| Complete 
|1885|0x00000007f5d00000, 0x00000007f5e00000, 0x00000007f5e00000|100%| O|  |TAMS 0x00000007f5d00000| PB 0x00000007f5d00000| Complete 
|1886|0x00000007f5e00000, 0x00000007f5f00000, 0x00000007f5f00000|100%| O|  |TAMS 0x00000007f5e00000| PB 0x00000007f5e00000| Complete 
|1887|0x00000007f5f00000, 0x00000007f6000000, 0x00000007f6000000|100%| O|  |TAMS 0x00000007f5f00000| PB 0x00000007f5f00000| Complete 
|1888|0x00000007f6000000, 0x00000007f6100000, 0x00000007f6100000|100%| O|  |TAMS 0x00000007f6000000| PB 0x00000007f6000000| Complete 
|1889|0x00000007f6100000, 0x00000007f6200000, 0x00000007f6200000|100%| O|  |TAMS 0x00000007f6100000| PB 0x00000007f6100000| Complete 
|1890|0x00000007f6200000, 0x00000007f6300000, 0x00000007f6300000|100%| O|  |TAMS 0x00000007f6200000| PB 0x00000007f6200000| Complete 
|1891|0x00000007f6300000, 0x00000007f6400000, 0x00000007f6400000|100%| O|  |TAMS 0x00000007f6300000| PB 0x00000007f6300000| Complete 
|1892|0x00000007f6400000, 0x00000007f6500000, 0x00000007f6500000|100%| O|  |TAMS 0x00000007f6400000| PB 0x00000007f6400000| Complete 
|1893|0x00000007f6500000, 0x00000007f6600000, 0x00000007f6600000|100%| O|  |TAMS 0x00000007f6500000| PB 0x00000007f6500000| Complete 
|1894|0x00000007f6600000, 0x00000007f6700000, 0x00000007f6700000|100%| O|  |TAMS 0x00000007f6600000| PB 0x00000007f6600000| Complete 
|1895|0x00000007f6700000, 0x00000007f6800000, 0x00000007f6800000|100%| O|  |TAMS 0x00000007f6700000| PB 0x00000007f6700000| Complete 
|1896|0x00000007f6800000, 0x00000007f6900000, 0x00000007f6900000|100%| O|  |TAMS 0x00000007f6800000| PB 0x00000007f6800000| Complete 
|1897|0x00000007f6900000, 0x00000007f6a00000, 0x00000007f6a00000|100%| O|  |TAMS 0x00000007f6900000| PB 0x00000007f6900000| Complete 
|1898|0x00000007f6a00000, 0x00000007f6b00000, 0x00000007f6b00000|100%| O|  |TAMS 0x00000007f6a00000| PB 0x00000007f6a00000| Complete 
|1899|0x00000007f6b00000, 0x00000007f6c00000, 0x00000007f6c00000|100%| O|  |TAMS 0x00000007f6b00000| PB 0x00000007f6b00000| Complete 
|1900|0x00000007f6c00000, 0x00000007f6d00000, 0x00000007f6d00000|100%| O|  |TAMS 0x00000007f6c00000| PB 0x00000007f6c00000| Complete 
|1901|0x00000007f6d00000, 0x00000007f6e00000, 0x00000007f6e00000|100%| O|  |TAMS 0x00000007f6d00000| PB 0x00000007f6d00000| Complete 
|1902|0x00000007f6e00000, 0x00000007f6f00000, 0x00000007f6f00000|100%| O|  |TAMS 0x00000007f6e00000| PB 0x00000007f6e00000| Complete 
|1903|0x00000007f6f00000, 0x00000007f7000000, 0x00000007f7000000|100%| O|  |TAMS 0x00000007f6f00000| PB 0x00000007f6f00000| Complete 
|1904|0x00000007f7000000, 0x00000007f7100000, 0x00000007f7100000|100%| O|  |TAMS 0x00000007f7000000| PB 0x00000007f7000000| Complete 
|1905|0x00000007f7100000, 0x00000007f7200000, 0x00000007f7200000|100%| O|  |TAMS 0x00000007f7100000| PB 0x00000007f7100000| Complete 
|1906|0x00000007f7200000, 0x00000007f7300000, 0x00000007f7300000|100%| O|  |TAMS 0x00000007f7200000| PB 0x00000007f7200000| Complete 
|1907|0x00000007f7300000, 0x00000007f7400000, 0x00000007f7400000|100%| O|  |TAMS 0x00000007f7300000| PB 0x00000007f7300000| Complete 
|1908|0x00000007f7400000, 0x00000007f7500000, 0x00000007f7500000|100%| O|  |TAMS 0x00000007f7400000| PB 0x00000007f7400000| Complete 
|1909|0x00000007f7500000, 0x00000007f7600000, 0x00000007f7600000|100%| O|  |TAMS 0x00000007f7500000| PB 0x00000007f7500000| Complete 
|1910|0x00000007f7600000, 0x00000007f7700000, 0x00000007f7700000|100%| O|  |TAMS 0x00000007f7600000| PB 0x00000007f7600000| Complete 
|1911|0x00000007f7700000, 0x00000007f7800000, 0x00000007f7800000|100%| O|  |TAMS 0x00000007f7700000| PB 0x00000007f7700000| Complete 
|1912|0x00000007f7800000, 0x00000007f7900000, 0x00000007f7900000|100%| O|  |TAMS 0x00000007f7800000| PB 0x00000007f7800000| Complete 
|1913|0x00000007f7900000, 0x00000007f7a00000, 0x00000007f7a00000|100%| O|  |TAMS 0x00000007f7900000| PB 0x00000007f7900000| Complete 
|1914|0x00000007f7a00000, 0x00000007f7b00000, 0x00000007f7b00000|100%| O|  |TAMS 0x00000007f7a00000| PB 0x00000007f7a00000| Complete 
|1915|0x00000007f7b00000, 0x00000007f7c00000, 0x00000007f7c00000|100%| O|  |TAMS 0x00000007f7b00000| PB 0x00000007f7b00000| Complete 
|1916|0x00000007f7c00000, 0x00000007f7d00000, 0x00000007f7d00000|100%| O|  |TAMS 0x00000007f7c00000| PB 0x00000007f7c00000| Complete 
|1917|0x00000007f7d00000, 0x00000007f7e00000, 0x00000007f7e00000|100%| O|  |TAMS 0x00000007f7d00000| PB 0x00000007f7d00000| Complete 
|1918|0x00000007f7e00000, 0x00000007f7f00000, 0x00000007f7f00000|100%| O|  |TAMS 0x00000007f7e00000| PB 0x00000007f7e00000| Complete 
|1919|0x00000007f7f00000, 0x00000007f8000000, 0x00000007f8000000|100%| O|  |TAMS 0x00000007f7f00000| PB 0x00000007f7f00000| Complete 
|1920|0x00000007f8000000, 0x00000007f8100000, 0x00000007f8100000|100%| O|  |TAMS 0x00000007f8000000| PB 0x00000007f8000000| Complete 
|1921|0x00000007f8100000, 0x00000007f8200000, 0x00000007f8200000|100%| O|  |TAMS 0x00000007f8100000| PB 0x00000007f8100000| Complete 
|1922|0x00000007f8200000, 0x00000007f8300000, 0x00000007f8300000|100%| O|  |TAMS 0x00000007f8200000| PB 0x00000007f8200000| Complete 
|1923|0x00000007f8300000, 0x00000007f8400000, 0x00000007f8400000|100%| O|  |TAMS 0x00000007f8300000| PB 0x00000007f8300000| Complete 
|1924|0x00000007f8400000, 0x00000007f8500000, 0x00000007f8500000|100%| O|  |TAMS 0x00000007f8400000| PB 0x00000007f8400000| Complete 
|1925|0x00000007f8500000, 0x00000007f8600000, 0x00000007f8600000|100%| O|  |TAMS 0x00000007f8500000| PB 0x00000007f8500000| Complete 
|1926|0x00000007f8600000, 0x00000007f8700000, 0x00000007f8700000|100%| E|CS|TAMS 0x00000007f8600000| PB 0x00000007f8600000| Complete 
|1927|0x00000007f8700000, 0x00000007f8800000, 0x00000007f8800000|100%| E|CS|TAMS 0x00000007f8700000| PB 0x00000007f8700000| Complete 
|1928|0x00000007f8800000, 0x00000007f8900000, 0x00000007f8900000|100%| E|CS|TAMS 0x00000007f8800000| PB 0x00000007f8800000| Complete 
|1929|0x00000007f8900000, 0x00000007f8a00000, 0x00000007f8a00000|100%| E|CS|TAMS 0x00000007f8900000| PB 0x00000007f8900000| Complete 
|1930|0x00000007f8a00000, 0x00000007f8b00000, 0x00000007f8b00000|100%| E|CS|TAMS 0x00000007f8a00000| PB 0x00000007f8a00000| Complete 
|1931|0x00000007f8b00000, 0x00000007f8c00000, 0x00000007f8c00000|100%| O|  |TAMS 0x00000007f8b00000| PB 0x00000007f8b00000| Complete 
|1932|0x00000007f8c00000, 0x00000007f8d00000, 0x00000007f8d00000|100%| O|  |TAMS 0x00000007f8c00000| PB 0x00000007f8c00000| Complete 
|1933|0x00000007f8d00000, 0x00000007f8e00000, 0x00000007f8e00000|100%| O|  |TAMS 0x00000007f8d00000| PB 0x00000007f8d00000| Complete 
|1934|0x00000007f8e00000, 0x00000007f8f00000, 0x00000007f8f00000|100%| O|  |TAMS 0x00000007f8e00000| PB 0x00000007f8e00000| Complete 
|1935|0x00000007f8f00000, 0x00000007f9000000, 0x00000007f9000000|100%| O|  |TAMS 0x00000007f8f00000| PB 0x00000007f8f00000| Complete 
|1936|0x00000007f9000000, 0x00000007f9100000, 0x00000007f9100000|100%| O|  |TAMS 0x00000007f9000000| PB 0x00000007f9000000| Complete 
|1937|0x00000007f9100000, 0x00000007f9200000, 0x00000007f9200000|100%| O|  |TAMS 0x00000007f9100000| PB 0x00000007f9100000| Complete 
|1938|0x00000007f9200000, 0x00000007f9300000, 0x00000007f9300000|100%| O|  |TAMS 0x00000007f9200000| PB 0x00000007f9200000| Complete 
|1939|0x00000007f9300000, 0x00000007f9400000, 0x00000007f9400000|100%| O|  |TAMS 0x00000007f9300000| PB 0x00000007f9300000| Complete 
|1940|0x00000007f9400000, 0x00000007f9500000, 0x00000007f9500000|100%| O|  |TAMS 0x00000007f9400000| PB 0x00000007f9400000| Complete 
|1941|0x00000007f9500000, 0x00000007f9600000, 0x00000007f9600000|100%| O|  |TAMS 0x00000007f9500000| PB 0x00000007f9500000| Complete 
|1942|0x00000007f9600000, 0x00000007f9700000, 0x00000007f9700000|100%| O|  |TAMS 0x00000007f9600000| PB 0x00000007f9600000| Complete 
|1943|0x00000007f9700000, 0x00000007f9800000, 0x00000007f9800000|100%| O|  |TAMS 0x00000007f9700000| PB 0x00000007f9700000| Complete 
|1944|0x00000007f9800000, 0x00000007f9900000, 0x00000007f9900000|100%| O|  |TAMS 0x00000007f9800000| PB 0x00000007f9800000| Complete 
|1945|0x00000007f9900000, 0x00000007f9a00000, 0x00000007f9a00000|100%| O|  |TAMS 0x00000007f9900000| PB 0x00000007f9900000| Complete 
|1946|0x00000007f9a00000, 0x00000007f9b00000, 0x00000007f9b00000|100%| O|  |TAMS 0x00000007f9a00000| PB 0x00000007f9a00000| Complete 
|1947|0x00000007f9b00000, 0x00000007f9c00000, 0x00000007f9c00000|100%| O|  |TAMS 0x00000007f9b00000| PB 0x00000007f9b00000| Complete 
|1948|0x00000007f9c00000, 0x00000007f9d00000, 0x00000007f9d00000|100%| O|  |TAMS 0x00000007f9c00000| PB 0x00000007f9c00000| Complete 
|1949|0x00000007f9d00000, 0x00000007f9e00000, 0x00000007f9e00000|100%| O|  |TAMS 0x00000007f9d00000| PB 0x00000007f9d00000| Complete 
|1950|0x00000007f9e00000, 0x00000007f9f00000, 0x00000007f9f00000|100%| O|  |TAMS 0x00000007f9e00000| PB 0x00000007f9e00000| Complete 
|1951|0x00000007f9f00000, 0x00000007fa000000, 0x00000007fa000000|100%| O|  |TAMS 0x00000007f9f00000| PB 0x00000007f9f00000| Complete 
|1952|0x00000007fa000000, 0x00000007fa100000, 0x00000007fa100000|100%| O|  |TAMS 0x00000007fa000000| PB 0x00000007fa000000| Complete 
|1953|0x00000007fa100000, 0x00000007fa200000, 0x00000007fa200000|100%| O|  |TAMS 0x00000007fa100000| PB 0x00000007fa100000| Complete 
|1954|0x00000007fa200000, 0x00000007fa300000, 0x00000007fa300000|100%| O|  |TAMS 0x00000007fa200000| PB 0x00000007fa200000| Complete 
|1955|0x00000007fa300000, 0x00000007fa400000, 0x00000007fa400000|100%| O|  |TAMS 0x00000007fa300000| PB 0x00000007fa300000| Complete 
|1956|0x00000007fa400000, 0x00000007fa500000, 0x00000007fa500000|100%| O|  |TAMS 0x00000007fa400000| PB 0x00000007fa400000| Complete 
|1957|0x00000007fa500000, 0x00000007fa600000, 0x00000007fa600000|100%| O|  |TAMS 0x00000007fa500000| PB 0x00000007fa500000| Complete 
|1958|0x00000007fa600000, 0x00000007fa700000, 0x00000007fa700000|100%| O|  |TAMS 0x00000007fa600000| PB 0x00000007fa600000| Complete 
|1959|0x00000007fa700000, 0x00000007fa800000, 0x00000007fa800000|100%| O|  |TAMS 0x00000007fa700000| PB 0x00000007fa700000| Complete 
|1960|0x00000007fa800000, 0x00000007fa900000, 0x00000007fa900000|100%| O|  |TAMS 0x00000007fa800000| PB 0x00000007fa800000| Complete 
|1961|0x00000007fa900000, 0x00000007faa00000, 0x00000007faa00000|100%| O|  |TAMS 0x00000007fa900000| PB 0x00000007fa900000| Complete 
|1962|0x00000007faa00000, 0x00000007fab00000, 0x00000007fab00000|100%| O|  |TAMS 0x00000007faa00000| PB 0x00000007faa00000| Complete 
|1963|0x00000007fab00000, 0x00000007fac00000, 0x00000007fac00000|100%| O|  |TAMS 0x00000007fab00000| PB 0x00000007fab00000| Complete 
|1964|0x00000007fac00000, 0x00000007fad00000, 0x00000007fad00000|100%| O|  |TAMS 0x00000007fac00000| PB 0x00000007fac00000| Complete 
|1965|0x00000007fad00000, 0x00000007fae00000, 0x00000007fae00000|100%| O|  |TAMS 0x00000007fad00000| PB 0x00000007fad00000| Complete 
|1966|0x00000007fae00000, 0x00000007faf00000, 0x00000007faf00000|100%| O|  |TAMS 0x00000007fae00000| PB 0x00000007fae00000| Untracked 
|1967|0x00000007faf00000, 0x00000007fb000000, 0x00000007fb000000|100%| O|  |TAMS 0x00000007faf00000| PB 0x00000007faf00000| Complete 
|1968|0x00000007fb000000, 0x00000007fb100000, 0x00000007fb100000|100%| O|  |TAMS 0x00000007fb000000| PB 0x00000007fb000000| Untracked 
|1969|0x00000007fb100000, 0x00000007fb200000, 0x00000007fb200000|100%| E|CS|TAMS 0x00000007fb100000| PB 0x00000007fb100000| Complete 
|1970|0x00000007fb200000, 0x00000007fb300000, 0x00000007fb300000|100%| O|  |TAMS 0x00000007fb200000| PB 0x00000007fb200000| Complete 
|1971|0x00000007fb300000, 0x00000007fb400000, 0x00000007fb400000|100%| O|  |TAMS 0x00000007fb300000| PB 0x00000007fb300000| Complete 
|1972|0x00000007fb400000, 0x00000007fb500000, 0x00000007fb500000|100%| O|  |TAMS 0x00000007fb400000| PB 0x00000007fb400000| Complete 
|1973|0x00000007fb500000, 0x00000007fb600000, 0x00000007fb600000|100%| O|  |TAMS 0x00000007fb500000| PB 0x00000007fb500000| Complete 
|1974|0x00000007fb600000, 0x00000007fb700000, 0x00000007fb700000|100%| O|  |TAMS 0x00000007fb600000| PB 0x00000007fb600000| Complete 
|1975|0x00000007fb700000, 0x00000007fb800000, 0x00000007fb800000|100%| O|  |TAMS 0x00000007fb700000| PB 0x00000007fb700000| Complete 
|1976|0x00000007fb800000, 0x00000007fb900000, 0x00000007fb900000|100%| O|  |TAMS 0x00000007fb800000| PB 0x00000007fb800000| Complete 
|1977|0x00000007fb900000, 0x00000007fba00000, 0x00000007fba00000|100%| O|  |TAMS 0x00000007fb900000| PB 0x00000007fb900000| Complete 
|1978|0x00000007fba00000, 0x00000007fbb00000, 0x00000007fbb00000|100%| O|  |TAMS 0x00000007fba00000| PB 0x00000007fba00000| Complete 
|1979|0x00000007fbb00000, 0x00000007fbc00000, 0x00000007fbc00000|100%| O|  |TAMS 0x00000007fbb00000| PB 0x00000007fbb00000| Complete 
|1980|0x00000007fbc00000, 0x00000007fbd00000, 0x00000007fbd00000|100%| O|  |TAMS 0x00000007fbc00000| PB 0x00000007fbc00000| Untracked 
|1981|0x00000007fbd00000, 0x00000007fbe00000, 0x00000007fbe00000|100%| O|  |TAMS 0x00000007fbd00000| PB 0x00000007fbd00000| Complete 
|1982|0x00000007fbe00000, 0x00000007fbf00000, 0x00000007fbf00000|100%| O|  |TAMS 0x00000007fbe00000| PB 0x00000007fbe00000| Complete 
|1983|0x00000007fbf00000, 0x00000007fc000000, 0x00000007fc000000|100%| O|  |TAMS 0x00000007fbf00000| PB 0x00000007fbf00000| Complete 
|1984|0x00000007fc000000, 0x00000007fc100000, 0x00000007fc100000|100%| O|  |TAMS 0x00000007fc000000| PB 0x00000007fc000000| Complete 
|1985|0x00000007fc100000, 0x00000007fc200000, 0x00000007fc200000|100%| O|  |TAMS 0x00000007fc100000| PB 0x00000007fc100000| Complete 
|1986|0x00000007fc200000, 0x00000007fc300000, 0x00000007fc300000|100%| O|  |TAMS 0x00000007fc200000| PB 0x00000007fc200000| Complete 
|1987|0x00000007fc300000, 0x00000007fc400000, 0x00000007fc400000|100%| O|  |TAMS 0x00000007fc300000| PB 0x00000007fc300000| Complete 
|1988|0x00000007fc400000, 0x00000007fc500000, 0x00000007fc500000|100%| E|CS|TAMS 0x00000007fc400000| PB 0x00000007fc400000| Complete 
|1989|0x00000007fc500000, 0x00000007fc600000, 0x00000007fc600000|100%| O|  |TAMS 0x00000007fc500000| PB 0x00000007fc500000| Complete 
|1990|0x00000007fc600000, 0x00000007fc700000, 0x00000007fc700000|100%| O|  |TAMS 0x00000007fc600000| PB 0x00000007fc600000| Untracked 
|1991|0x00000007fc700000, 0x00000007fc800000, 0x00000007fc800000|100%| O|  |TAMS 0x00000007fc700000| PB 0x00000007fc700000| Complete 
|1992|0x00000007fc800000, 0x00000007fc900000, 0x00000007fc900000|100%| O|  |TAMS 0x00000007fc800000| PB 0x00000007fc800000| Complete 
|1993|0x00000007fc900000, 0x00000007fca00000, 0x00000007fca00000|100%| O|  |TAMS 0x00000007fc900000| PB 0x00000007fc900000| Complete 
|1994|0x00000007fca00000, 0x00000007fcb00000, 0x00000007fcb00000|100%| O|  |TAMS 0x00000007fca00000| PB 0x00000007fca00000| Untracked 
|1995|0x00000007fcb00000, 0x00000007fcc00000, 0x00000007fcc00000|100%| O|  |TAMS 0x00000007fcb00000| PB 0x00000007fcb00000| Complete 
|1996|0x00000007fcc00000, 0x00000007fcd00000, 0x00000007fcd00000|100%| O|  |TAMS 0x00000007fcc00000| PB 0x00000007fcc00000| Complete 
|1997|0x00000007fcd00000, 0x00000007fce00000, 0x00000007fce00000|100%| O|  |TAMS 0x00000007fcd00000| PB 0x00000007fcd00000| Untracked 
|1998|0x00000007fce00000, 0x00000007fcf00000, 0x00000007fcf00000|100%| O|  |TAMS 0x00000007fce00000| PB 0x00000007fce00000| Complete 
|1999|0x00000007fcf00000, 0x00000007fd000000, 0x00000007fd000000|100%| O|  |TAMS 0x00000007fcf00000| PB 0x00000007fcf00000| Complete 
|2000|0x00000007fd000000, 0x00000007fd100000, 0x00000007fd100000|100%| O|  |TAMS 0x00000007fd000000| PB 0x00000007fd000000| Complete 
|2001|0x00000007fd100000, 0x00000007fd200000, 0x00000007fd200000|100%| O|  |TAMS 0x00000007fd100000| PB 0x00000007fd100000| Untracked 
|2002|0x00000007fd200000, 0x00000007fd300000, 0x00000007fd300000|100%| O|  |TAMS 0x00000007fd200000| PB 0x00000007fd200000| Untracked 
|2003|0x00000007fd300000, 0x00000007fd400000, 0x00000007fd400000|100%| O|  |TAMS 0x00000007fd300000| PB 0x00000007fd300000| Complete 
|2004|0x00000007fd400000, 0x00000007fd500000, 0x00000007fd500000|100%| O|  |TAMS 0x00000007fd400000| PB 0x00000007fd400000| Untracked 
|2005|0x00000007fd500000, 0x00000007fd600000, 0x00000007fd600000|100%| O|  |TAMS 0x00000007fd500000| PB 0x00000007fd500000| Complete 
|2006|0x00000007fd600000, 0x00000007fd700000, 0x00000007fd700000|100%| O|  |TAMS 0x00000007fd600000| PB 0x00000007fd600000| Complete 
|2007|0x00000007fd700000, 0x00000007fd800000, 0x00000007fd800000|100%| O|  |TAMS 0x00000007fd700000| PB 0x00000007fd700000| Complete 
|2008|0x00000007fd800000, 0x00000007fd900000, 0x00000007fd900000|100%| O|  |TAMS 0x00000007fd800000| PB 0x00000007fd800000| Complete 
|2009|0x00000007fd900000, 0x00000007fda00000, 0x00000007fda00000|100%| E|CS|TAMS 0x00000007fd900000| PB 0x00000007fd900000| Complete 
|2010|0x00000007fda00000, 0x00000007fdb00000, 0x00000007fdb00000|100%| O|  |TAMS 0x00000007fda00000| PB 0x00000007fda00000| Complete 
|2011|0x00000007fdb00000, 0x00000007fdc00000, 0x00000007fdc00000|100%| O|  |TAMS 0x00000007fdb00000| PB 0x00000007fdb00000| Untracked 
|2012|0x00000007fdc00000, 0x00000007fdd00000, 0x00000007fdd00000|100%| O|  |TAMS 0x00000007fdc00000| PB 0x00000007fdc00000| Untracked 
|2013|0x00000007fdd00000, 0x00000007fde00000, 0x00000007fde00000|100%| O|  |TAMS 0x00000007fdd00000| PB 0x00000007fdd00000| Untracked 
|2014|0x00000007fde00000, 0x00000007fdf00000, 0x00000007fdf00000|100%| O|  |TAMS 0x00000007fde00000| PB 0x00000007fde00000| Untracked 
|2015|0x00000007fdf00000, 0x00000007fe000000, 0x00000007fe000000|100%| O|  |TAMS 0x00000007fdf00000| PB 0x00000007fdf00000| Untracked 
|2016|0x00000007fe000000, 0x00000007fe100000, 0x00000007fe100000|100%| O|  |TAMS 0x00000007fe000000| PB 0x00000007fe000000| Untracked 
|2017|0x00000007fe100000, 0x00000007fe200000, 0x00000007fe200000|100%| O|  |TAMS 0x00000007fe100000| PB 0x00000007fe100000| Untracked 
|2018|0x00000007fe200000, 0x00000007fe300000, 0x00000007fe300000|100%| O|  |TAMS 0x00000007fe200000| PB 0x00000007fe200000| Untracked 
|2019|0x00000007fe300000, 0x00000007fe400000, 0x00000007fe400000|100%| O|  |TAMS 0x00000007fe300000| PB 0x00000007fe300000| Untracked 
|2020|0x00000007fe400000, 0x00000007fe500000, 0x00000007fe500000|100%| O|  |TAMS 0x00000007fe400000| PB 0x00000007fe400000| Untracked 
|2021|0x00000007fe500000, 0x00000007fe600000, 0x00000007fe600000|100%| O|  |TAMS 0x00000007fe500000| PB 0x00000007fe500000| Untracked 
|2022|0x00000007fe600000, 0x00000007fe700000, 0x00000007fe700000|100%| O|  |TAMS 0x00000007fe600000| PB 0x00000007fe600000| Untracked 
|2023|0x00000007fe700000, 0x00000007fe800000, 0x00000007fe800000|100%| O|  |TAMS 0x00000007fe700000| PB 0x00000007fe700000| Untracked 
|2024|0x00000007fe800000, 0x00000007fe900000, 0x00000007fe900000|100%| O|  |TAMS 0x00000007fe800000| PB 0x00000007fe800000| Untracked 
|2025|0x00000007fe900000, 0x00000007fea00000, 0x00000007fea00000|100%| O|  |TAMS 0x00000007fe900000| PB 0x00000007fe900000| Untracked 
|2026|0x00000007fea00000, 0x00000007feb00000, 0x00000007feb00000|100%| O|  |TAMS 0x00000007fea00000| PB 0x00000007fea00000| Untracked 
|2027|0x00000007feb00000, 0x00000007fec00000, 0x00000007fec00000|100%| O|  |TAMS 0x00000007feb00000| PB 0x00000007feb00000| Untracked 
|2028|0x00000007fec00000, 0x00000007fed00000, 0x00000007fed00000|100%| O|  |TAMS 0x00000007fec00000| PB 0x00000007fec00000| Untracked 
|2029|0x00000007fed00000, 0x00000007fee00000, 0x00000007fee00000|100%| O|  |TAMS 0x00000007fed00000| PB 0x00000007fed00000| Untracked 
|2030|0x00000007fee00000, 0x00000007fef00000, 0x00000007fef00000|100%| O|  |TAMS 0x00000007fee00000| PB 0x00000007fee00000| Untracked 
|2031|0x00000007fef00000, 0x00000007ff000000, 0x00000007ff000000|100%| O|  |TAMS 0x00000007fef00000| PB 0x00000007fef00000| Untracked 
|2032|0x00000007ff000000, 0x00000007ff100000, 0x00000007ff100000|100%| O|  |TAMS 0x00000007ff000000| PB 0x00000007ff000000| Untracked 
|2033|0x00000007ff100000, 0x00000007ff200000, 0x00000007ff200000|100%| O|  |TAMS 0x00000007ff100000| PB 0x00000007ff100000| Untracked 
|2034|0x00000007ff200000, 0x00000007ff300000, 0x00000007ff300000|100%| O|  |TAMS 0x00000007ff200000| PB 0x00000007ff200000| Untracked 
|2035|0x00000007ff300000, 0x00000007ff400000, 0x00000007ff400000|100%| O|  |TAMS 0x00000007ff300000| PB 0x00000007ff300000| Untracked 
|2036|0x00000007ff400000, 0x00000007ff500000, 0x00000007ff500000|100%| O|  |TAMS 0x00000007ff400000| PB 0x00000007ff400000| Untracked 
|2037|0x00000007ff500000, 0x00000007ff600000, 0x00000007ff600000|100%| O|  |TAMS 0x00000007ff500000| PB 0x00000007ff500000| Untracked 
|2038|0x00000007ff600000, 0x00000007ff700000, 0x00000007ff700000|100%| O|  |TAMS 0x00000007ff600000| PB 0x00000007ff600000| Untracked 
|2039|0x00000007ff700000, 0x00000007ff800000, 0x00000007ff800000|100%| E|CS|TAMS 0x00000007ff700000| PB 0x00000007ff700000| Complete 
|2040|0x00000007ff800000, 0x00000007ff900000, 0x00000007ff900000|100%| E|CS|TAMS 0x00000007ff800000| PB 0x00000007ff800000| Complete 
|2041|0x00000007ff900000, 0x00000007ffa00000, 0x00000007ffa00000|100%| O|  |TAMS 0x00000007ff900000| PB 0x00000007ff900000| Complete 
|2042|0x00000007ffa00000, 0x00000007ffb00000, 0x00000007ffb00000|100%| O|  |TAMS 0x00000007ffa00000| PB 0x00000007ffa00000| Untracked 
|2043|0x00000007ffb00000, 0x00000007ffc00000, 0x00000007ffc00000|100%| O|  |TAMS 0x00000007ffb00000| PB 0x00000007ffb00000| Untracked 
|2044|0x00000007ffc00000, 0x00000007ffd00000, 0x00000007ffd00000|100%| E|CS|TAMS 0x00000007ffc00000| PB 0x00000007ffc00000| Complete 
|2045|0x00000007ffd00000, 0x00000007ffe00000, 0x00000007ffe00000|100%| O|  |TAMS 0x00000007ffd00000| PB 0x00000007ffd00000| Untracked 
|2046|0x00000007ffe00000, 0x00000007ffe78000, 0x00000007fff00000| 46%|OA|  |TAMS 0x00000007ffe00000| PB 0x00000007ffe00000| Untracked 
|2047|0x00000007fff00000, 0x00000007fff80000, 0x0000000800000000| 50%|CA|  |TAMS 0x00000007fff00000| PB 0x00000007fff00000| Untracked 

Card table byte_map: [0x0000000102b20000,0x0000000102f20000] _byte_map_base: 0x00000000fef20000

Marking Bits: (CMBitMap*) 0x000000013182da10
 Bits: [0x000000011b444000, 0x000000011d444000)

Polling page: 0x000000010238c000

Metaspace:

Usage:
  Non-class:    325.63 MB used.
      Class:     43.27 MB used.
       Both:    368.90 MB used.

Virtual space:
  Non-class space:      384.00 MB reserved,     327.25 MB ( 85%) committed,  6 nodes.
      Class space:        1.00 GB reserved,      45.19 MB (  4%) committed,  1 nodes.
             Both:        1.38 GB reserved,     372.44 MB ( 26%) committed. 

Chunk freelists:
   Non-Class:  4.41 MB
       Class:  2.83 MB
        Both:  7.24 MB

MaxMetaspaceSize: unlimited
CompressedClassSpaceSize: 1.00 GB
Initial GC threshold: 21.00 MB
Current GC threshold: 623.75 MB
CDS: on
MetaspaceReclaimPolicy: balanced
 - commit_granule_bytes: 65536.
 - commit_granule_words: 8192.
 - virtual_space_node_default_size: 8388608.
 - enlarge_chunks_in_place: 1.
 - new_chunks_are_fully_committed: 0.
 - uncommit_free_chunks: 1.
 - use_allocation_guard: 0.


Internal statistics:

num_allocs_failed_limit: 9.
num_arena_births: 32040.
num_arena_deaths: 25838.
num_vsnodes_births: 7.
num_vsnodes_deaths: 0.
num_space_committed: 6054.
num_space_uncommitted: 64.
num_chunks_returned_to_freelist: 35879.
num_chunks_taken_from_freelist: 62286.
num_chunk_merges: 11080.
num_chunk_splits: 31121.
num_chunks_enlarged: 16558.
num_inconsistent_stats: 0.

CodeHeap 'non-profiled nmethods': size=120032Kb used=27645Kb max_used=72391Kb free=92386Kb
 bounds [0x0000000113f0c000, 0x00000001185cc000, 0x000000011b444000]
CodeHeap 'profiled nmethods': size=120016Kb used=72915Kb max_used=99710Kb free=47100Kb
 bounds [0x000000010c444000, 0x00000001125a4000, 0x0000000113978000]
CodeHeap 'non-nmethods': size=5712Kb used=2290Kb max_used=2460Kb free=3421Kb
 bounds [0x0000000113978000, 0x0000000113bf8000, 0x0000000113f0c000]
 total_blobs=29602 nmethods=28189 adapters=1319
 compilation: enabled
              stopped_count=0, restarted_count=0
 full_count=0

Compilation events (20 events):
Event: 75765.294 Thread 0x00000001418c3800 nmethod 407717 0x000000010e142a10 code [0x000000010e142bc0, 0x000000010e142e10]
Event: 75765.296 Thread 0x00000001418c3800 407719       2       org.jetbrains.kotlin.fir.declarations.synthetic.FirSyntheticPropertyAccessor::getSymbol (8 bytes)
Event: 75765.296 Thread 0x00000001418c3800 nmethod 407719 0x000000010eba9290 code [0x000000010eba9400, 0x000000010eba9520]
Event: 75765.296 Thread 0x00000001418c3800 407720       2       org.jetbrains.kotlin.analysis.api.fir.symbols.KaFirSyntheticJavaPropertySymbol::getFirSymbol (8 bytes)
Event: 75765.296 Thread 0x00000001418c3800 nmethod 407720 0x000000010ecace90 code [0x000000010ecad000, 0x000000010ecad120]
Event: 75765.297 Thread 0x00000001418c3800 407721       2       com.intellij.util.containers.FilteredTraverserBase$Meta::<init> (159 bytes)
Event: 75765.298 Thread 0x00000001418c3800 nmethod 407721 0x0000000111371210 code [0x0000000111371440, 0x0000000111371a80]
Event: 75765.298 Thread 0x00000001418c3800 407722       2       com.intellij.util.containers.FilteredTraverserBase::<init> (18 bytes)
Event: 75765.298 Thread 0x00000001418c3800 nmethod 407722 0x000000010e2fa310 code [0x000000010e2fa4c0, 0x000000010e2fa670]
Event: 75765.300 Thread 0x00000001418c3800 407723       1       com.intellij.platform.syntax.impl.builder.SyntaxTreeBuilderImpl::getTokens (5 bytes)
Event: 75765.300 Thread 0x00000001418c3800 nmethod 407723 0x000000011466e610 code [0x000000011466e780, 0x000000011466e828]
Event: 75765.301 Thread 0x00000001418c3800 407724   !   2       androidx.compose.lint.ComposableUtilsKt::isComposable (313 bytes)
Event: 75765.301 Thread 0x00000001418c3800 nmethod 407724 0x000000010c67ac90 code [0x000000010c67b140, 0x000000010c67c158]
Event: 75765.305 Thread 0x00000001418c3800 407725       1       androidx.lint.kotlin.metadata.internal.metadata.jvm.JvmProtoBuf$JvmPropertySignature::getSyntheticMethod (5 bytes)
Event: 75765.305 Thread 0x00000001418c3800 nmethod 407725 0x0000000114755010 code [0x0000000114755180, 0x0000000114755228]
Event: 75765.310 Thread 0x00000001418c3800 407726       3       org.jetbrains.kotlin.analysis.api.fir.KaSymbolByFirBuilder$TypeBuilder::buildKtType (15 bytes)
Event: 75765.310 Thread 0x00000001418c3800 nmethod 407726 0x000000010e461490 code [0x000000010e461700, 0x000000010e461d90]
Event: 75765.317 Thread 0x00000001418c3800 407727       2       org.jetbrains.kotlin.analysis.api.types.KaStarTypeProjection::getType (140 bytes)
Event: 75765.317 Thread 0x00000001418c3800 nmethod 407727 0x000000010d87a010 code [0x000000010d87a280, 0x000000010d87a8a8]
Event: 75765.318 Thread 0x00000001418c3800 407728 % !   2       org.jetbrains.uast.kotlin.FirKotlinUastResolveProviderService::getArgumentForParameter @ 2522 (2846 bytes)

GC Heap History (20 events):
Event: 75751.391 GC heap before
{Heap before GC invocations=701 (full 6):
 garbage-first heap   total 2097152K, used 1596759K [0x0000000780000000, 0x0000000800000000)
  region size 1024K, 723 young (740352K), 39 survivors (39936K)
 Metaspace       used 373492K, committed 379776K, reserved 1441792K
  class space    used 43804K, committed 46272K, reserved 1048576K
}
Event: 75751.424 GC heap after
{Heap after GC invocations=702 (full 6):
 garbage-first heap   total 2097152K, used 900630K [0x0000000780000000, 0x0000000800000000)
  region size 1024K, 42 young (43008K), 42 survivors (43008K)
 Metaspace       used 373492K, committed 379776K, reserved 1441792K
  class space    used 43804K, committed 46272K, reserved 1048576K
}
Event: 75751.973 GC heap before
{Heap before GC invocations=702 (full 6):
 garbage-first heap   total 2097152K, used 1936918K [0x0000000780000000, 0x0000000800000000)
  region size 1024K, 1030 young (1054720K), 42 survivors (43008K)
 Metaspace       used 373506K, committed 379776K, reserved 1441792K
  class space    used 43808K, committed 46272K, reserved 1048576K
}
Event: 75752.030 GC heap after
{Heap after GC invocations=703 (full 6):
 garbage-first heap   total 2097152K, used 832497K [0x0000000780000000, 0x0000000800000000)
  region size 1024K, 53 young (54272K), 53 survivors (54272K)
 Metaspace       used 373506K, committed 379776K, reserved 1441792K
  class space    used 43808K, committed 46272K, reserved 1048576K
}
Event: 75752.044 GC heap before
{Heap before GC invocations=703 (full 6):
 garbage-first heap   total 2097152K, used 858097K [0x0000000780000000, 0x0000000800000000)
  region size 1024K, 79 young (80896K), 53 survivors (54272K)
 Metaspace       used 373506K, committed 379776K, reserved 1441792K
  class space    used 43808K, committed 46272K, reserved 1048576K
}
Event: 75752.059 GC heap after
{Heap after GC invocations=704 (full 6):
 garbage-first heap   total 2097152K, used 833137K [0x0000000780000000, 0x0000000800000000)
  region size 1024K, 54 young (55296K), 54 survivors (55296K)
 Metaspace       used 373506K, committed 379776K, reserved 1441792K
  class space    used 43808K, committed 46272K, reserved 1048576K
}
Event: 75753.110 GC heap before
{Heap before GC invocations=705 (full 6):
 garbage-first heap   total 2097152K, used 2029169K [0x0000000780000000, 0x0000000800000000)
  region size 1024K, 1128 young (1155072K), 54 survivors (55296K)
 Metaspace       used 373508K, committed 379776K, reserved 1441792K
  class space    used 43808K, committed 46272K, reserved 1048576K
}
Event: 75753.207 GC heap after
{Heap after GC invocations=706 (full 6):
 garbage-first heap   total 2097152K, used 1409562K [0x0000000780000000, 0x0000000800000000)
  region size 1024K, 62 young (63488K), 62 survivors (63488K)
 Metaspace       used 373508K, committed 379776K, reserved 1441792K
  class space    used 43808K, committed 46272K, reserved 1048576K
}
Event: 75753.890 GC heap before
{Heap before GC invocations=706 (full 6):
 garbage-first heap   total 2097152K, used 1996314K [0x0000000780000000, 0x0000000800000000)
  region size 1024K, 566 young (579584K), 62 survivors (63488K)
 Metaspace       used 373508K, committed 379776K, reserved 1441792K
  class space    used 43808K, committed 46272K, reserved 1048576K
}
Event: 75753.934 GC heap after
{Heap after GC invocations=707 (full 6):
 garbage-first heap   total 2097152K, used 1385502K [0x0000000780000000, 0x0000000800000000)
  region size 1024K, 5 young (5120K), 5 survivors (5120K)
 Metaspace       used 373508K, committed 379776K, reserved 1441792K
  class space    used 43808K, committed 46272K, reserved 1048576K
}
Event: 75754.019 GC heap before
{Heap before GC invocations=707 (full 6):
 garbage-first heap   total 2097152K, used 1457182K [0x0000000780000000, 0x0000000800000000)
  region size 1024K, 77 young (78848K), 5 survivors (5120K)
 Metaspace       used 373508K, committed 379776K, reserved 1441792K
  class space    used 43808K, committed 46272K, reserved 1048576K
}
Event: 75754.024 GC heap after
{Heap after GC invocations=708 (full 6):
 garbage-first heap   total 2097152K, used 1389424K [0x0000000780000000, 0x0000000800000000)
  region size 1024K, 9 young (9216K), 9 survivors (9216K)
 Metaspace       used 373508K, committed 379776K, reserved 1441792K
  class space    used 43808K, committed 46272K, reserved 1048576K
}
Event: 75757.127 GC heap before
{Heap before GC invocations=709 (full 6):
 garbage-first heap   total 2097152K, used 1678064K [0x0000000780000000, 0x0000000800000000)
  region size 1024K, 585 young (599040K), 9 survivors (9216K)
 Metaspace       used 373836K, committed 379776K, reserved 1441792K
  class space    used 43851K, committed 46272K, reserved 1048576K
}
Event: 75757.155 GC heap after
{Heap after GC invocations=710 (full 6):
 garbage-first heap   total 2097152K, used 926913K [0x0000000780000000, 0x0000000800000000)
  region size 1024K, 25 young (25600K), 25 survivors (25600K)
 Metaspace       used 373836K, committed 379776K, reserved 1441792K
  class space    used 43851K, committed 46272K, reserved 1048576K
}
Event: 75758.670 GC heap before
{Heap before GC invocations=710 (full 6):
 garbage-first heap   total 2097152K, used 1184961K [0x0000000780000000, 0x0000000800000000)
  region size 1024K, 258 young (264192K), 25 survivors (25600K)
 Metaspace       used 375321K, committed 379776K, reserved 1441792K
  class space    used 44112K, committed 46272K, reserved 1048576K
}
Event: 75758.684 GC heap after
{Heap after GC invocations=711 (full 6):
 garbage-first heap   total 2097152K, used 961232K [0x0000000780000000, 0x0000000800000000)
  region size 1024K, 54 young (55296K), 54 survivors (55296K)
 Metaspace       used 375321K, committed 379776K, reserved 1441792K
  class space    used 44112K, committed 46272K, reserved 1048576K
}
Event: 75761.324 GC heap before
{Heap before GC invocations=712 (full 6):
 garbage-first heap   total 2097152K, used 1542864K [0x0000000780000000, 0x0000000800000000)
  region size 1024K, 628 young (643072K), 54 survivors (55296K)
 Metaspace       used 377539K, committed 381184K, reserved 1441792K
  class space    used 44299K, committed 46272K, reserved 1048576K
}
Event: 75761.373 GC heap after
{Heap after GC invocations=713 (full 6):
 garbage-first heap   total 2097152K, used 1001374K [0x0000000780000000, 0x0000000800000000)
  region size 1024K, 100 young (102400K), 100 survivors (102400K)
 Metaspace       used 377539K, committed 381184K, reserved 1441792K
  class space    used 44299K, committed 46272K, reserved 1048576K
}
Event: 75764.307 GC heap before
{Heap before GC invocations=714 (full 6):
 garbage-first heap   total 2097152K, used 1575838K [0x0000000780000000, 0x0000000800000000)
  region size 1024K, 662 young (677888K), 100 survivors (102400K)
 Metaspace       used 377714K, committed 381376K, reserved 1441792K
  class space    used 44301K, committed 46272K, reserved 1048576K
}
Event: 75764.350 GC heap after
{Heap after GC invocations=715 (full 6):
 garbage-first heap   total 2097152K, used 1018766K [0x0000000780000000, 0x0000000800000000)
  region size 1024K, 66 young (67584K), 66 survivors (67584K)
 Metaspace       used 377714K, committed 381376K, reserved 1441792K
  class space    used 44301K, committed 46272K, reserved 1048576K
}

Dll operation events (17 events):
Event: 0.003 Loaded shared library /Users/loitran/Library/Java/JavaVirtualMachines/openjdk-20.0.1/Contents/Home/lib/libjava.dylib
Event: 0.021 Loaded shared library /Users/loitran/Library/Java/JavaVirtualMachines/openjdk-20.0.1/Contents/Home/lib/libzip.dylib
Event: 0.022 Loaded shared library /Users/loitran/Library/Java/JavaVirtualMachines/openjdk-20.0.1/Contents/Home/lib/libinstrument.dylib
Event: 0.023 Loaded shared library /Users/loitran/Library/Java/JavaVirtualMachines/openjdk-20.0.1/Contents/Home/lib/libnio.dylib
Event: 0.024 Loaded shared library /Users/loitran/Library/Java/JavaVirtualMachines/openjdk-20.0.1/Contents/Home/lib/libzip.dylib
Event: 0.049 Loaded shared library /Users/loitran/Library/Java/JavaVirtualMachines/openjdk-20.0.1/Contents/Home/lib/libjimage.dylib
Event: 0.092 Loaded shared library /Users/loitran/Library/Java/JavaVirtualMachines/openjdk-20.0.1/Contents/Home/lib/libverify.dylib
Event: 0.097 Loaded shared library /Users/loitran/Library/Java/JavaVirtualMachines/openjdk-20.0.1/Contents/Home/lib/libnet.dylib
Event: 0.099 Loaded shared library /Users/loitran/.gradle/native/660c5614fbf4a5f2a75b1949f50a0caf5cd603558e7d8a26e50b933a0cfb79d1/osx-aarch64/libnative-platform.dylib
Event: 0.103 Loaded shared library /Users/loitran/.gradle/native/0.2.8/aarch64-macos/libgradle-fileevents.dylib
Event: 0.310 Loaded shared library /Users/loitran/Library/Java/JavaVirtualMachines/openjdk-20.0.1/Contents/Home/lib/libmanagement.dylib
Event: 0.310 Loaded shared library /Users/loitran/Library/Java/JavaVirtualMachines/openjdk-20.0.1/Contents/Home/lib/libmanagement_ext.dylib
Event: 0.341 Loaded shared library /Users/loitran/Library/Java/JavaVirtualMachines/openjdk-20.0.1/Contents/Home/lib/libextnet.dylib
Event: 2.832 Loaded shared library /Users/loitran/Library/Java/JavaVirtualMachines/openjdk-20.0.1/Contents/Home/lib/librmi.dylib
Event: 70321.155 Loaded shared library /Users/loitran/Library/Java/JavaVirtualMachines/openjdk-20.0.1/Contents/Home/lib/libawt.dylib
Event: 70321.175 Loaded shared library /Users/loitran/Library/Java/JavaVirtualMachines/openjdk-20.0.1/Contents/Home/lib/libawt_lwawt.dylib
Event: 70321.189 Loaded shared library /Users/loitran/Library/Java/JavaVirtualMachines/openjdk-20.0.1/Contents/Home/lib/libfontmanager.dylib

Deoptimization events (20 events):
Event: 75765.255 Thread 0x00000001301f3a00 Uncommon trap: trap_request=0xffffffbe fr.pc=0x0000000116f38d5c relative=0x00000000000063dc
Event: 75765.255 Thread 0x00000001301f3a00 Uncommon trap: reason=profile_predicate action=maybe_recompile pc=0x0000000116f38d5c method=org.jetbrains.uast.kotlin.FirKotlinUastResolveProviderService.getArgumentForParameter(Lorg/jetbrains/kotlin/psi/KtCallElement;ILorg/jetbrains/uast/UElement;)Lorg/j
Event: 75765.255 Thread 0x00000001301f3a00 DEOPT PACKING pc=0x0000000116f38d5c sp=0x000000031202be10
Event: 75765.255 Thread 0x00000001301f3a00 DEOPT UNPACKING pc=0x00000001139c751c sp=0x000000031202bba0 mode 2
Event: 75765.259 Thread 0x00000001301f3a00 Uncommon trap: trap_request=0xffffffc6 fr.pc=0x0000000115faef64 relative=0x00000000000014a4
Event: 75765.259 Thread 0x00000001301f3a00 Uncommon trap: reason=bimorphic_or_optimized_type_check action=maybe_recompile pc=0x0000000115faef64 method=org.jetbrains.kotlin.fir.types.ConeTypeContext.hasAnnotation(Lorg/jetbrains/kotlin/types/model/KotlinTypeMarker;Lorg/jetbrains/kotlin/name/FqName;)
Event: 75765.259 Thread 0x00000001301f3a00 DEOPT PACKING pc=0x0000000115faef64 sp=0x000000031202ab00
Event: 75765.259 Thread 0x00000001301f3a00 DEOPT UNPACKING pc=0x00000001139c751c sp=0x000000031202aa70 mode 2
Event: 75765.259 Thread 0x00000001301f3a00 Uncommon trap: trap_request=0xffffffc6 fr.pc=0x0000000115faef64 relative=0x00000000000014a4
Event: 75765.259 Thread 0x00000001301f3a00 Uncommon trap: reason=bimorphic_or_optimized_type_check action=maybe_recompile pc=0x0000000115faef64 method=org.jetbrains.kotlin.fir.types.ConeTypeContext.hasAnnotation(Lorg/jetbrains/kotlin/types/model/KotlinTypeMarker;Lorg/jetbrains/kotlin/name/FqName;)
Event: 75765.259 Thread 0x00000001301f3a00 DEOPT PACKING pc=0x0000000115faef64 sp=0x000000031202abb0
Event: 75765.259 Thread 0x00000001301f3a00 DEOPT UNPACKING pc=0x00000001139c751c sp=0x000000031202ab20 mode 2
Event: 75765.260 Thread 0x00000001301f3a00 Uncommon trap: trap_request=0xffffffc6 fr.pc=0x0000000115faef64 relative=0x00000000000014a4
Event: 75765.260 Thread 0x00000001301f3a00 Uncommon trap: reason=bimorphic_or_optimized_type_check action=maybe_recompile pc=0x0000000115faef64 method=org.jetbrains.kotlin.fir.types.ConeTypeContext.hasAnnotation(Lorg/jetbrains/kotlin/types/model/KotlinTypeMarker;Lorg/jetbrains/kotlin/name/FqName;)
Event: 75765.260 Thread 0x00000001301f3a00 DEOPT PACKING pc=0x0000000115faef64 sp=0x000000031202acb0
Event: 75765.260 Thread 0x00000001301f3a00 DEOPT UNPACKING pc=0x00000001139c751c sp=0x000000031202ac20 mode 2
Event: 75765.260 Thread 0x00000001301f3a00 Uncommon trap: trap_request=0xffffffc6 fr.pc=0x0000000115faef64 relative=0x00000000000014a4
Event: 75765.260 Thread 0x00000001301f3a00 Uncommon trap: reason=bimorphic_or_optimized_type_check action=maybe_recompile pc=0x0000000115faef64 method=org.jetbrains.kotlin.fir.types.ConeTypeContext.hasAnnotation(Lorg/jetbrains/kotlin/types/model/KotlinTypeMarker;Lorg/jetbrains/kotlin/name/FqName;)
Event: 75765.260 Thread 0x00000001301f3a00 DEOPT PACKING pc=0x0000000115faef64 sp=0x000000031202ad60
Event: 75765.260 Thread 0x00000001301f3a00 DEOPT UNPACKING pc=0x00000001139c751c sp=0x000000031202acd0 mode 2

Classes loaded (20 events):
Event: 72990.709 Loading class com/sun/imageio/plugins/png/PNGImageReader
Event: 72990.709 Loading class com/sun/imageio/plugins/png/PNGImageReader done
Event: 72990.709 Loading class java/awt/Point
Event: 72990.709 Loading class java/awt/geom/Point2D
Event: 72990.710 Loading class java/awt/geom/Point2D done
Event: 72990.710 Loading class java/awt/Point done
Event: 72990.710 Loading class com/sun/imageio/plugins/png/PNGMetadata
Event: 72990.710 Loading class javax/imageio/metadata/IIOMetadata
Event: 72990.710 Loading class javax/imageio/metadata/IIOMetadata done
Event: 72990.710 Loading class com/sun/imageio/plugins/png/PNGMetadata done
Event: 72990.711 Loading class java/awt/Dimension
Event: 72990.711 Loading class java/awt/geom/Dimension2D
Event: 72990.711 Loading class java/awt/geom/Dimension2D done
Event: 72990.711 Loading class java/awt/Dimension done
Event: 73559.874 Loading class com/sun/org/apache/xerces/internal/dom/DeferredCDATASectionImpl
Event: 73559.875 Loading class com/sun/org/apache/xerces/internal/dom/DeferredCDATASectionImpl done
Event: 73566.171 Loading class java/nio/BufferMismatch
Event: 73566.171 Loading class java/nio/BufferMismatch done
Event: 75756.134 Loading class java/util/concurrent/Executors$FinalizableDelegatedExecutorService
Event: 75756.134 Loading class java/util/concurrent/Executors$FinalizableDelegatedExecutorService done

Classes unloaded (20 events):
Event: 75750.576 Thread 0x000000014160e210 Unloading class 0x0000000803ba0000 'jdk/internal/reflect/GeneratedSerializationConstructorAccessor2520'
Event: 75750.576 Thread 0x000000014160e210 Unloading class 0x0000000803b9fc00 'jdk/internal/reflect/GeneratedSerializationConstructorAccessor2519'
Event: 75750.576 Thread 0x000000014160e210 Unloading class 0x0000000803b9f800 'jdk/internal/reflect/GeneratedSerializationConstructorAccessor2518'
Event: 75750.576 Thread 0x000000014160e210 Unloading class 0x0000000803b9f400 'jdk/internal/reflect/GeneratedSerializationConstructorAccessor2517'
Event: 75750.576 Thread 0x000000014160e210 Unloading class 0x00000008010f2800 'java/lang/invoke/LambdaForm$MH+0x00000008010f2800'
Event: 75750.576 Thread 0x000000014160e210 Unloading class 0x00000008029d3418 'build_hwmews5vxccehzbbcfnw368m$_run_closure1$_closure3'
Event: 75750.576 Thread 0x000000014160e210 Unloading class 0x00000008029d3000 'build_hwmews5vxccehzbbcfnw368m$_run_closure2'
Event: 75750.576 Thread 0x000000014160e210 Unloading class 0x00000008029ea800 'build_hwmews5vxccehzbbcfnw368m$_run_closure1'
Event: 75750.576 Thread 0x000000014160e210 Unloading class 0x00000008029b5000 'build_hwmews5vxccehzbbcfnw368m'
Event: 75750.576 Thread 0x000000014160e210 Unloading class 0x0000000802a12830 'build_hwmews5vxccehzbbcfnw368m$_run_closure1$_closure4'
Event: 75750.576 Thread 0x000000014160e210 Unloading class 0x0000000802a12418 'build_hwmews5vxccehzbbcfnw368m$_run_closure1$_closure3'
Event: 75750.576 Thread 0x000000014160e210 Unloading class 0x0000000802a12000 'build_hwmews5vxccehzbbcfnw368m$_run_closure1$_closure2'
Event: 75750.576 Thread 0x000000014160e210 Unloading class 0x00000008029d5800 'build_hwmews5vxccehzbbcfnw368m$_run_closure1'
Event: 75750.576 Thread 0x000000014160e210 Unloading class 0x00000008029d1800 'build_hwmews5vxccehzbbcfnw368m'
Event: 75750.576 Thread 0x000000014160e210 Unloading class 0x00000008029f5400 'java/lang/invoke/LambdaForm$MH+0x00000008029f5400'
Event: 75750.576 Thread 0x000000014160e210 Unloading class 0x0000000801393800 'java/lang/invoke/LambdaForm$MH+0x0000000801393800'
Event: 75750.576 Thread 0x000000014160e210 Unloading class 0x0000000802a13000 'java/lang/invoke/LambdaForm$MH+0x0000000802a13000'
Event: 75750.576 Thread 0x000000014160e210 Unloading class 0x0000000802a13800 'settings_cf6amhdma0m4php0h8ng6c7um'
Event: 75750.576 Thread 0x000000014160e210 Unloading class 0x000000080189e000 'jdk/internal/reflect/GeneratedSerializationConstructorAccessor1992'
Event: 75750.576 Thread 0x000000014160e210 Unloading class 0x000000080161ac00 'jdk/internal/reflect/GeneratedSerializationConstructorAccessor1991'

Classes redefined (0 events):
No events

Internal exceptions (20 events):
Event: 75756.147 Thread 0x000000031e9cf800 Exception <a 'sun/nio/fs/UnixException'{0x00000007daedb7c0}> (0x00000007daedb7c0) 
thrown [open/src/hotspot/share/prims/jni.cpp, line 519]
Event: 75756.148 Thread 0x000000031e9cf800 Exception <a 'sun/nio/fs/UnixException'{0x00000007daede1e8}> (0x00000007daede1e8) 
thrown [open/src/hotspot/share/prims/jni.cpp, line 519]
Event: 75756.148 Thread 0x000000031e9cf800 Exception <a 'sun/nio/fs/UnixException'{0x00000007daee0bd0}> (0x00000007daee0bd0) 
thrown [open/src/hotspot/share/prims/jni.cpp, line 519]
Event: 75756.148 Thread 0x000000031e9cf800 Exception <a 'sun/nio/fs/UnixException'{0x00000007daee3360}> (0x00000007daee3360) 
thrown [open/src/hotspot/share/prims/jni.cpp, line 519]
Event: 75756.150 Thread 0x000000031e9cf800 Exception <a 'sun/nio/fs/UnixException'{0x00000007dabf1358}> (0x00000007dabf1358) 
thrown [open/src/hotspot/share/prims/jni.cpp, line 519]
Event: 75756.150 Thread 0x000000031e9cf800 Exception <a 'sun/nio/fs/UnixException'{0x00000007dabf3c68}> (0x00000007dabf3c68) 
thrown [open/src/hotspot/share/prims/jni.cpp, line 519]
Event: 75756.150 Thread 0x000000031e9cf800 Exception <a 'sun/nio/fs/UnixException'{0x00000007dabf6598}> (0x00000007dabf6598) 
thrown [open/src/hotspot/share/prims/jni.cpp, line 519]
Event: 75756.150 Thread 0x000000031e9cf800 Exception <a 'sun/nio/fs/UnixException'{0x00000007dabf8ec8}> (0x00000007dabf8ec8) 
thrown [open/src/hotspot/share/prims/jni.cpp, line 519]
Event: 75756.150 Thread 0x000000031e9cf800 Exception <a 'sun/nio/fs/UnixException'{0x00000007dabfd020}> (0x00000007dabfd020) 
thrown [open/src/hotspot/share/prims/jni.cpp, line 519]
Event: 75756.150 Thread 0x000000031e9cf800 Exception <a 'sun/nio/fs/UnixException'{0x00000007dabff9e8}> (0x00000007dabff9e8) 
thrown [open/src/hotspot/share/prims/jni.cpp, line 519]
Event: 75756.150 Thread 0x000000031e9cf800 Exception <a 'sun/nio/fs/UnixException'{0x00000007da7086d8}> (0x00000007da7086d8) 
thrown [open/src/hotspot/share/prims/jni.cpp, line 519]
Event: 75756.150 Thread 0x000000031e9cf800 Exception <a 'sun/nio/fs/UnixException'{0x00000007da70b068}> (0x00000007da70b068) 
thrown [open/src/hotspot/share/prims/jni.cpp, line 519]
Event: 75756.150 Thread 0x000000031e9cf800 Exception <a 'sun/nio/fs/UnixException'{0x00000007da710ab0}> (0x00000007da710ab0) 
thrown [open/src/hotspot/share/prims/jni.cpp, line 519]
Event: 75756.150 Thread 0x000000031e9cf800 Exception <a 'sun/nio/fs/UnixException'{0x00000007da713650}> (0x00000007da713650) 
thrown [open/src/hotspot/share/prims/jni.cpp, line 519]
Event: 75756.150 Thread 0x000000031e9cf800 Exception <a 'sun/nio/fs/UnixException'{0x00000007da7161b0}> (0x00000007da7161b0) 
thrown [open/src/hotspot/share/prims/jni.cpp, line 519]
Event: 75756.151 Thread 0x000000031e9cf800 Exception <a 'sun/nio/fs/UnixException'{0x00000007da73e7a0}> (0x00000007da73e7a0) 
thrown [open/src/hotspot/share/prims/jni.cpp, line 519]
Event: 75756.151 Thread 0x000000031e9cf800 Exception <a 'sun/nio/fs/UnixException'{0x00000007da7410f0}> (0x00000007da7410f0) 
thrown [open/src/hotspot/share/prims/jni.cpp, line 519]
Event: 75756.151 Thread 0x000000031e9cf800 Exception <a 'sun/nio/fs/UnixException'{0x00000007da743a38}> (0x00000007da743a38) 
thrown [open/src/hotspot/share/prims/jni.cpp, line 519]
Event: 75756.156 Thread 0x000000031e9cf800 Implicit null exception at 0x0000000117c36404 to 0x0000000117c36a94
Event: 75758.302 Thread 0x00000001301f3a00 Exception <a 'java/io/FileNotFoundException'{0x00000007ea330530}> (0x00000007ea330530) 
thrown [open/src/hotspot/share/prims/jni.cpp, line 519]

VM Operations (20 events):
Event: 75764.654 Executing VM operation: G1PauseCleanup
Event: 75764.655 Executing VM operation: G1PauseCleanup done
Event: 75764.784 Executing VM operation: ICBufferFull
Event: 75764.784 Executing VM operation: ICBufferFull done
Event: 75764.837 Executing VM operation: ICBufferFull
Event: 75764.837 Executing VM operation: ICBufferFull done
Event: 75764.866 Executing VM operation: ICBufferFull
Event: 75764.866 Executing VM operation: ICBufferFull done
Event: 75764.885 Executing VM operation: ICBufferFull
Event: 75764.885 Executing VM operation: ICBufferFull done
Event: 75764.935 Executing VM operation: ICBufferFull
Event: 75764.935 Executing VM operation: ICBufferFull done
Event: 75765.066 Executing VM operation: ICBufferFull
Event: 75765.066 Executing VM operation: ICBufferFull done
Event: 75765.209 Executing VM operation: ICBufferFull
Event: 75765.209 Executing VM operation: ICBufferFull done
Event: 75765.252 Executing VM operation: ICBufferFull
Event: 75765.252 Executing VM operation: ICBufferFull done
Event: 75765.300 Executing VM operation: ICBufferFull
Event: 75765.300 Executing VM operation: ICBufferFull done

Events (20 events):
Event: 75764.553 Thread 0x000000014160e210 flushing nmethod 0x0000000113f64c90
Event: 75764.553 Thread 0x000000014160e210 flushing nmethod 0x0000000113f64210
Event: 75764.553 Thread 0x000000014160e210 flushing nmethod 0x0000000113f32710
Event: 75764.553 Thread 0x000000014160e210 flushing nmethod 0x0000000113f18b10
Event: 75764.553 Thread 0x000000014160e210 flushing nmethod 0x0000000113f18210
Event: 75764.553 Thread 0x000000014160e210 flushing nmethod 0x0000000113f32110
Event: 75764.553 Thread 0x000000014160e210 flushing nmethod 0x0000000113f16b10
Event: 75764.553 Thread 0x000000014160e210 flushing nmethod 0x0000000113f3b290
Event: 75764.553 Thread 0x000000014160e210 flushing nmethod 0x0000000113f2ef10
Event: 75764.553 Thread 0x000000014160e210 flushing nmethod 0x0000000113f28c10
Event: 75764.553 Thread 0x000000014160e210 flushing nmethod 0x0000000113f13090
Event: 75764.553 Thread 0x000000014160e210 flushing nmethod 0x0000000113f27a10
Event: 75764.553 Thread 0x000000014160e210 flushing nmethod 0x0000000113f27210
Event: 75764.553 Thread 0x000000014160e210 flushing nmethod 0x0000000113f1f490
Event: 75764.553 Thread 0x000000014160e210 flushing nmethod 0x0000000113f1e190
Event: 75764.553 Thread 0x000000014160e210 flushing nmethod 0x0000000113f1cb10
Event: 75764.553 Thread 0x000000014160e210 flushing nmethod 0x0000000113f1bc10
Event: 75764.553 Thread 0x000000014160e210 flushing nmethod 0x0000000113f1ad10
Event: 75764.553 Thread 0x000000014160e210 flushing nmethod 0x0000000113f12190
Event: 75764.553 Thread 0x000000014160e210 flushing nmethod 0x0000000113f10390


Dynamic libraries:
0x0000000102338000 	/Users/loitran/Library/Java/JavaVirtualMachines/openjdk-20.0.1/Contents/Home/lib/libjli.dylib
0x00000001a6859000 	/System/Library/Frameworks/Cocoa.framework/Versions/A/Cocoa
0x000000018b5ba000 	/System/Library/Frameworks/AppKit.framework/Versions/C/AppKit
0x000000018ebf4000 	/System/Library/Frameworks/CoreData.framework/Versions/A/CoreData
0x00000001889b7000 	/System/Library/Frameworks/Foundation.framework/Versions/C/Foundation
0x0000000196f2e000 	/usr/lib/libSystem.B.dylib
0x000000018ccdd000 	/System/Library/PrivateFrameworks/UIFoundation.framework/Versions/A/UIFoundation
0x000000023f3ce000 	/System/Library/PrivateFrameworks/CollectionViewCore.framework/Versions/A/CollectionViewCore
0x00000001941f0000 	/System/Library/PrivateFrameworks/XCTTargetBootstrap.framework/Versions/A/XCTTargetBootstrap
0x00000002517ce000 	/System/Library/PrivateFrameworks/GenerativeModels.framework/Versions/A/GenerativeModels
0x00000001998be000 	/System/Library/PrivateFrameworks/InternationalSupport.framework/Versions/A/InternationalSupport
0x0000000199c1a000 	/System/Library/PrivateFrameworks/UserActivity.framework/Versions/A/UserActivity
0x000000018f289000 	/System/Library/PrivateFrameworks/BaseBoard.framework/Versions/A/BaseBoard
0x0000000248a8a000 	/System/Library/PrivateFrameworks/FrontBoard.framework/Versions/A/FrontBoard
0x00000001a15a9000 	/System/Library/PrivateFrameworks/FrontBoardServices.framework/Versions/A/FrontBoardServices
0x0000000289811000 	/usr/lib/libRosetta.dylib
0x000000027cbbc000 	/System/Library/PrivateFrameworks/UIIntelligenceSupport.framework/Versions/A/UIIntelligenceSupport
0x000000023388c000 	/System/Library/Frameworks/SwiftUICore.framework/Versions/A/SwiftUICore
0x00000002836d5000 	/System/Library/PrivateFrameworks/WritingTools.framework/Versions/A/WritingTools
0x00000002824de000 	/System/Library/PrivateFrameworks/WindowManagement.framework/Versions/A/WindowManagement
0x0000000188626000 	/System/Library/Frameworks/SystemConfiguration.framework/Versions/A/SystemConfiguration
0x0000000198b29000 	/usr/lib/libspindump.dylib
0x000000018ce96000 	/System/Library/Frameworks/UniformTypeIdentifiers.framework/Versions/A/UniformTypeIdentifiers
0x000000019618b000 	/usr/lib/libbsm.0.dylib
0x0000000191986000 	/usr/lib/libapp_launch_measurement.dylib
0x0000000190c8f000 	/System/Library/PrivateFrameworks/CoreAnalytics.framework/Versions/A/CoreAnalytics
0x000000019198a000 	/System/Library/PrivateFrameworks/CoreAutoLayout.framework/Versions/A/CoreAutoLayout
0x0000000193769000 	/System/Library/Frameworks/Metal.framework/Versions/A/Metal
0x0000000194b2b000 	/usr/lib/liblangid.dylib
0x00000001941f6000 	/System/Library/PrivateFrameworks/CoreSVG.framework/Versions/A/CoreSVG
0x000000018d8ee000 	/System/Library/PrivateFrameworks/SkyLight.framework/Versions/A/SkyLight
0x00000002487bf000 	/System/Library/PrivateFrameworks/FocusEngine.framework/Versions/A/FocusEngine
0x000000018dea3000 	/System/Library/Frameworks/CoreGraphics.framework/Versions/A/CoreGraphics
0x00000002461e1000 	/System/Library/PrivateFrameworks/DesignLibrary.framework/Versions/A/DesignLibrary
0x000000019f841000 	/System/Library/Frameworks/Accelerate.framework/Versions/A/Accelerate
0x000000019891e000 	/System/Library/PrivateFrameworks/IconServices.framework/Versions/A/IconServices
0x0000000193741000 	/System/Library/Frameworks/IOSurface.framework/Versions/A/IOSurface
0x0000000190cbf000 	/usr/lib/libDiagnosticMessagesClient.dylib
0x0000000196e78000 	/usr/lib/libz.1.dylib
0x00000001a3c82000 	/System/Library/Frameworks/ApplicationServices.framework/Versions/A/ApplicationServices
0x00000001941db000 	/System/Library/PrivateFrameworks/DFRFoundation.framework/Versions/A/DFRFoundation
0x000000018ae0a000 	/usr/lib/libicucore.A.dylib
0x000000019ae42000 	/System/Library/Frameworks/AudioToolbox.framework/Versions/A/AudioToolbox
0x0000000199bc8000 	/System/Library/PrivateFrameworks/DataDetectorsCore.framework/Versions/A/DataDetectorsCore
0x000000027dab0000 	/System/Library/PrivateFrameworks/UpdateCycle.framework/Versions/A/UpdateCycle
0x00000001b80de000 	/System/Library/PrivateFrameworks/TextInput.framework/Versions/A/TextInput
0x000000018d832000 	/usr/lib/libMobileGestalt.dylib
0x0000000193edf000 	/System/Library/Frameworks/Carbon.framework/Versions/A/Frameworks/HIToolbox.framework/Versions/A/HIToolbox
0x00000001911e9000 	/System/Library/Frameworks/QuartzCore.framework/Versions/A/QuartzCore
0x000000018a9ec000 	/System/Library/Frameworks/Security.framework/Versions/A/Security
0x000000019f1b1000 	/System/Library/Frameworks/Carbon.framework/Versions/A/Frameworks/SpeechRecognition.framework/Versions/A/SpeechRecognition
0x0000000191651000 	/System/Library/PrivateFrameworks/CoreUI.framework/Versions/A/CoreUI
0x000000018a256000 	/System/Library/Frameworks/CoreAudio.framework/Versions/A/CoreAudio
0x0000000190dba000 	/System/Library/Frameworks/DiskArbitration.framework/Versions/A/DiskArbitration
0x00000001990c7000 	/System/Library/PrivateFrameworks/MultitouchSupport.framework/Versions/A/MultitouchSupport
0x000000018d830000 	/usr/lib/libenergytrace.dylib
0x00000001ab498000 	/System/Library/PrivateFrameworks/RenderBox.framework/Versions/A/RenderBox
0x000000018b462000 	/System/Library/Frameworks/IOKit.framework/Versions/A/IOKit
0x000000019f5c2000 	/System/Library/Frameworks/CoreServices.framework/Versions/A/CoreServices
0x000000019190d000 	/System/Library/PrivateFrameworks/PerformanceAnalysis.framework/Versions/A/PerformanceAnalysis
0x000000022c17c000 	/System/Library/Frameworks/OpenGL.framework/Versions/A/OpenGL
0x00000001919d3000 	/usr/lib/libxml2.2.dylib
0x000000019606c000 	/System/Library/PrivateFrameworks/MobileKeyBag.framework/Versions/A/MobileKeyBag
0x0000000186ca8000 	/usr/lib/libobjc.A.dylib
0x000000018701b000 	/usr/lib/libc++.1.dylib
0x000000019f540000 	/System/Library/Frameworks/Accessibility.framework/Versions/A/Accessibility
0x000000018e5f8000 	/System/Library/Frameworks/ColorSync.framework/Versions/A/ColorSync
0x000000018714b000 	/System/Library/Frameworks/CoreFoundation.framework/Versions/A/CoreFoundation
0x0000000194573000 	/System/Library/Frameworks/CoreImage.framework/Versions/A/CoreImage
0x000000018a02d000 	/System/Library/Frameworks/CoreText.framework/Versions/A/CoreText
0x000000022db76000 	/System/Library/Frameworks/CoreTransferable.framework/Versions/A/CoreTransferable
0x000000022e091000 	/System/Library/Frameworks/DataDetection.framework/Versions/A/DataDetection
0x000000022e0a8000 	/System/Library/Frameworks/DeveloperToolsSupport.framework/Versions/A/DeveloperToolsSupport
0x0000000194234000 	/System/Library/Frameworks/ImageIO.framework/Versions/A/ImageIO
0x00000002347e9000 	/System/Library/Frameworks/Symbols.framework/Versions/A/Symbols
0x00000001bd43e000 	/System/Library/PrivateFrameworks/AttributeGraph.framework/Versions/A/AttributeGraph
0x00000001a1683000 	/System/Library/PrivateFrameworks/BoardServices.framework/Versions/A/BoardServices
0x00000001e250e000 	/System/Library/PrivateFrameworks/FeatureFlags.framework/Versions/A/FeatureFlags
0x0000000251c70000 	/System/Library/PrivateFrameworks/Gestures.framework/Versions/A/Gestures
0x0000000196f32000 	/System/Library/PrivateFrameworks/SoftLinking.framework/Versions/A/SoftLinking
0x00000001cc0e6000 	/usr/lib/swift/libswiftAccelerate.dylib
0x00000001c227b000 	/usr/lib/swift/libswiftCompression.dylib
0x000000019a797000 	/usr/lib/swift/libswiftCore.dylib
0x00000001b4320000 	/usr/lib/swift/libswiftCoreFoundation.dylib
0x00000001b4380000 	/usr/lib/swift/libswiftCoreImage.dylib
0x00000001a1322000 	/usr/lib/swift/libswiftDispatch.dylib
0x00000001b4381000 	/usr/lib/swift/libswiftIOKit.dylib
0x00000001c226d000 	/usr/lib/swift/libswiftMetal.dylib
0x00000001d19fd000 	/usr/lib/swift/libswiftOSLog.dylib
0x00000001a42f5000 	/usr/lib/swift/libswiftObjectiveC.dylib
0x000000028b04b000 	/usr/lib/swift/libswiftObservation.dylib
0x00000001c764e000 	/usr/lib/swift/libswiftQuartzCore.dylib
0x000000028b10d000 	/usr/lib/swift/libswiftSpatial.dylib
0x000000028b187000 	/usr/lib/swift/libswiftSynchronization.dylib
0x00000001cc0d6000 	/usr/lib/swift/libswiftUniformTypeIdentifiers.dylib
0x00000001b4333000 	/usr/lib/swift/libswiftXPC.dylib
0x000000028b1cd000 	/usr/lib/swift/libswift_Builtin_float.dylib
0x000000028b1ce000 	/usr/lib/swift/libswift_Concurrency.dylib
0x00000001a42f9000 	/usr/lib/swift/libswiftos.dylib
0x00000001b7e5b000 	/usr/lib/swift/libswiftsimd.dylib
0x0000000197156000 	/usr/lib/libcompression.dylib
0x0000000199827000 	/System/Library/PrivateFrameworks/TextureIO.framework/Versions/A/TextureIO
0x000000018e7a0000 	/System/Library/Frameworks/ApplicationServices.framework/Versions/A/Frameworks/HIServices.framework/Versions/A/HIServices
0x00000001985a8000 	/usr/lib/libate.dylib
0x0000000196f28000 	/usr/lib/system/libcache.dylib
0x0000000196ee3000 	/usr/lib/system/libcommonCrypto.dylib
0x0000000196f0e000 	/usr/lib/system/libcompiler_rt.dylib
0x0000000196f03000 	/usr/lib/system/libcopyfile.dylib
0x0000000186e50000 	/usr/lib/system/libcorecrypto.dylib
0x0000000186f4f000 	/usr/lib/system/libdispatch.dylib
0x0000000186cfb000 	/usr/lib/system/libdyld.dylib
0x0000000196f1e000 	/usr/lib/system/libkeymgr.dylib
0x0000000196ec6000 	/usr/lib/system/libmacho.dylib
0x0000000196163000 	/usr/lib/system/libquarantine.dylib
0x0000000196f1b000 	/usr/lib/system/libremovefile.dylib
0x000000018d8b2000 	/usr/lib/system/libsystem_asl.dylib
0x0000000186dd6000 	/usr/lib/system/libsystem_blocks.dylib
0x0000000186f9a000 	/usr/lib/system/libsystem_c.dylib
0x0000000196f12000 	/usr/lib/system/libsystem_collections.dylib
0x0000000194b18000 	/usr/lib/system/libsystem_configuration.dylib
0x0000000193708000 	/usr/lib/system/libsystem_containermanager.dylib
0x0000000196902000 	/usr/lib/system/libsystem_coreservices.dylib
0x000000018b0e0000 	/usr/lib/system/libsystem_darwin.dylib
0x000000028b4ee000 	/usr/lib/system/libsystem_darwindirectory.dylib
0x0000000196f1f000 	/usr/lib/system/libsystem_dnssd.dylib
0x000000028b4f2000 	/usr/lib/system/libsystem_eligibility.dylib
0x0000000186f97000 	/usr/lib/system/libsystem_featureflags.dylib
0x000000018711b000 	/usr/lib/system/libsystem_info.dylib
0x0000000196e87000 	/usr/lib/system/libsystem_m.dylib
0x0000000186efe000 	/usr/lib/system/libsystem_malloc.dylib
0x000000018d815000 	/usr/lib/system/libsystem_networkextension.dylib
0x000000018b54b000 	/usr/lib/system/libsystem_notify.dylib
0x0000000194b1d000 	/usr/lib/system/libsystem_sandbox.dylib
0x000000028b4fc000 	/usr/lib/system/libsystem_sanitizers.dylib
0x0000000196f17000 	/usr/lib/system/libsystem_secinit.dylib
0x00000001870c7000 	/usr/lib/system/libsystem_kernel.dylib
0x0000000187112000 	/usr/lib/system/libsystem_platform.dylib
0x0000000187105000 	/usr/lib/system/libsystem_pthread.dylib
0x000000018f46d000 	/usr/lib/system/libsystem_symptoms.dylib
0x0000000186e2f000 	/usr/lib/system/libsystem_trace.dylib
0x000000028b504000 	/usr/lib/system/libsystem_trial.dylib
0x0000000196ef1000 	/usr/lib/system/libunwind.dylib
0x0000000186dda000 	/usr/lib/system/libxpc.dylib
0x00000001870ac000 	/usr/lib/libc++abi.dylib
0x000000028ad59000 	/usr/lib/libswiftPrespecialized.dylib
0x0000000196f30000 	/usr/lib/libfakelink.dylib
0x000000018d460000 	/System/Library/Frameworks/CFNetwork.framework/Versions/A/CFNetwork
0x0000000196f83000 	/usr/lib/libarchive.2.dylib
0x000000019d27b000 	/System/Library/Frameworks/Combine.framework/Versions/A/Combine
0x000000023f3f3000 	/System/Library/PrivateFrameworks/CollectionsInternal.framework/Versions/A/CollectionsInternal
0x000000026ad05000 	/System/Library/PrivateFrameworks/ReflectionInternal.framework/Versions/A/ReflectionInternal
0x000000026bc4d000 	/System/Library/PrivateFrameworks/RuntimeInternal.framework/Versions/A/RuntimeInternal
0x00000001b11ca000 	/usr/lib/swift/libswiftDarwin.dylib
0x000000028b19b000 	/usr/lib/swift/libswiftSystem.dylib
0x000000028b25a000 	/usr/lib/swift/libswift_DarwinFoundation1.dylib
0x000000028b2fe000 	/usr/lib/swift/libswift_StringProcessing.dylib
0x000000018b3e2000 	/System/Library/PrivateFrameworks/CoreServicesInternal.framework/Versions/A/CoreServicesInternal
0x0000000196efb000 	/usr/lib/liboah.dylib
0x00000001a372d000 	/System/Library/PrivateFrameworks/DiskImages.framework/Versions/A/DiskImages
0x00000001b0c70000 	/System/Library/Frameworks/NetFS.framework/Versions/A/NetFS
0x000000019194f000 	/System/Library/Frameworks/CoreServices.framework/Versions/A/Frameworks/FSEvents.framework/Versions/A/FSEvents
0x000000018b0ea000 	/System/Library/Frameworks/CoreServices.framework/Versions/A/Frameworks/CarbonCore.framework/Versions/A/CarbonCore
0x0000000190d2e000 	/System/Library/Frameworks/CoreServices.framework/Versions/A/Frameworks/Metadata.framework/Versions/A/Metadata
0x0000000196909000 	/System/Library/Frameworks/CoreServices.framework/Versions/A/Frameworks/OSServices.framework/Versions/A/OSServices
0x000000019707b000 	/System/Library/Frameworks/CoreServices.framework/Versions/A/Frameworks/SearchKit.framework/Versions/A/SearchKit
0x000000018f3e7000 	/System/Library/Frameworks/CoreServices.framework/Versions/A/Frameworks/AE.framework/Versions/A/AE
0x00000001876a9000 	/System/Library/Frameworks/CoreServices.framework/Versions/A/Frameworks/LaunchServices.framework/Versions/A/LaunchServices
0x00000001983fc000 	/System/Library/Frameworks/CoreServices.framework/Versions/A/Frameworks/DictionaryServices.framework/Versions/A/DictionaryServices
0x000000019195c000 	/System/Library/Frameworks/CoreServices.framework/Versions/A/Frameworks/SharedFileList.framework/Versions/A/SharedFileList
0x000000019710e000 	/usr/lib/libapple_nghttp2.dylib
0x000000018effe000 	/usr/lib/libsqlite3.dylib
0x000000018f1e7000 	/System/Library/Frameworks/Accounts.framework/Versions/A/Accounts
0x00000001a396f000 	/System/Library/PrivateFrameworks/AppSupport.framework/Versions/A/AppSupport
0x00000001b30e9000 	/System/Library/Frameworks/AVFoundation.framework/Versions/A/AVFoundation
0x000000019b4c9000 	/System/Library/Frameworks/GSS.framework/Versions/A/GSS
0x000000018f37b000 	/System/Library/PrivateFrameworks/RunningBoardServices.framework/Versions/A/RunningBoardServices
0x00000001a427d000 	/System/Library/PrivateFrameworks/StreamingZip.framework/Versions/A/StreamingZip
0x000000018f476000 	/System/Library/Frameworks/Network.framework/Versions/A/Network
0x0000000196eca000 	/usr/lib/system/libkxld.dylib
0x000000023aa5a000 	/System/Library/PrivateFrameworks/AppleKeyStore.framework/Versions/A/AppleKeyStore
0x0000000289513000 	/usr/lib/libCoreEntitlements.dylib
0x000000025f583000 	/System/Library/PrivateFrameworks/MessageSecurity.framework/Versions/A/MessageSecurity
0x000000018efe2000 	/System/Library/PrivateFrameworks/ProtocolBuffer.framework/Versions/A/ProtocolBuffer
0x00000001a0736000 	/System/Library/PrivateFrameworks/SymptomDiagnosticReporter.framework/Versions/A/SymptomDiagnosticReporter
0x0000000198641000 	/System/Library/PrivateFrameworks/CrashReporterSupport.framework/Versions/A/CrashReporterSupport
0x00000001968e9000 	/System/Library/PrivateFrameworks/AppleFSCompression.framework/Versions/A/AppleFSCompression
0x0000000196173000 	/usr/lib/libcoretls.dylib
0x0000000198472000 	/usr/lib/libcoretls_cfhelpers.dylib
0x0000000197150000 	/usr/lib/libpam.2.dylib
0x00000001984e8000 	/usr/lib/libxar.1.dylib
0x0000000198474000 	/System/Library/PrivateFrameworks/APFS.framework/Versions/A/APFS
0x0000000277360000 	/System/Library/PrivateFrameworks/SwiftASN1Internal.framework/Versions/A/SwiftASN1Internal
0x00000001984f7000 	/usr/lib/libutil.dylib
0x0000000194b26000 	/System/Library/PrivateFrameworks/AppleSystemInfo.framework/Versions/A/AppleSystemInfo
0x0000000195e3b000 	/System/Library/PrivateFrameworks/IOMobileFramebuffer.framework/Versions/A/IOMobileFramebuffer
0x00000001a308d000 	/System/Library/PrivateFrameworks/CoreWiFi.framework/Versions/A/CoreWiFi
0x00000001b41e2000 	/System/Library/PrivateFrameworks/LoggingSupport.framework/Versions/A/LoggingSupport
0x000000019b52c000 	/System/Library/PrivateFrameworks/MobileAsset.framework/Versions/A/MobileAsset
0x00000001a0746000 	/System/Library/PrivateFrameworks/PowerLog.framework/Versions/A/PowerLog
0x00000001a1c02000 	/System/Library/PrivateFrameworks/Rapport.framework/Versions/A/Rapport
0x000000023371f000 	/System/Library/Frameworks/SwiftData.framework/Versions/A/SwiftData
0x0000000191b7c000 	/System/Library/PrivateFrameworks/UserManagement.framework/Versions/A/UserManagement
0x000000018d387000 	/usr/lib/libboringssl.dylib
0x000000018f45b000 	/usr/lib/libdns_services.dylib
0x00000001b321d000 	/usr/lib/libquic.dylib
0x000000019a728000 	/usr/lib/libusrtcp.dylib
0x000000023b90e000 	/System/Library/PrivateFrameworks/AtomicsInternal.framework/Versions/A/AtomicsInternal
0x00000001da3d8000 	/System/Library/PrivateFrameworks/InternalSwiftProtobuf.framework/Versions/A/InternalSwiftProtobuf
0x000000028b022000 	/usr/lib/swift/libswiftDistributed.dylib
0x0000000194b24000 	/System/Library/PrivateFrameworks/AggregateDictionary.framework/Versions/A/AggregateDictionary
0x000000023c0ca000 	/System/Library/PrivateFrameworks/BiomeLibrary.framework/Versions/A/BiomeLibrary
0x00000001c32cb000 	/System/Library/PrivateFrameworks/BiomeStreams.framework/Versions/A/BiomeStreams
0x00000001bf34d000 	/System/Library/PrivateFrameworks/BiomeFoundation.framework/Versions/A/BiomeFoundation
0x00000001c9540000 	/System/Library/PrivateFrameworks/BiomePubSub.framework/Versions/A/BiomePubSub
0x00000001a5260000 	/System/Library/PrivateFrameworks/ProactiveSupport.framework/Versions/A/ProactiveSupport
0x000000023576a000 	/System/Library/Frameworks/_LocationEssentials.framework/Versions/A/_LocationEssentials
0x0000000198453000 	/usr/lib/liblzma.5.dylib
0x00000001a3c83000 	/System/Library/PrivateFrameworks/InternationalTextSearch.framework/Versions/A/InternationalTextSearch
0x00000001bb832000 	/System/Library/PrivateFrameworks/SoftwareUpdateCoreSupport.framework/Versions/A/SoftwareUpdateCoreSupport
0x00000001c3d69000 	/System/Library/PrivateFrameworks/SoftwareUpdateCoreConnect.framework/Versions/A/SoftwareUpdateCoreConnect
0x00000001a3827000 	/System/Library/PrivateFrameworks/RemoteServiceDiscovery.framework/Versions/A/RemoteServiceDiscovery
0x00000001bb408000 	/System/Library/PrivateFrameworks/MSUDataAccessor.framework/Versions/A/MSUDataAccessor
0x00000001b63ad000 	/usr/lib/libbootpolicy.dylib
0x00000001a383e000 	/System/Library/PrivateFrameworks/RemoteXPC.framework/Versions/A/RemoteXPC
0x00000001c319f000 	/usr/lib/libFDR.dylib
0x00000001c9142000 	/usr/lib/libamsupport.dylib
0x0000000289809000 	/usr/lib/libReverseProxyDevice.dylib
0x000000023a2cf000 	/System/Library/PrivateFrameworks/AppleDeviceQuerySupport.framework/Versions/A/AppleDeviceQuerySupport
0x00000001cc2fe000 	/usr/lib/libpartition2_dynamic.dylib
0x00000001970ea000 	/System/Library/PrivateFrameworks/AppleSauce.framework/Versions/A/AppleSauce
0x00000002893be000 	/usr/lib/libAppleArchive.dylib
0x00000001968f5000 	/usr/lib/libbz2.1.0.dylib
0x0000000190dc4000 	/System/Library/Frameworks/Accelerate.framework/Versions/A/Frameworks/vImage.framework/Versions/A/vImage
0x000000019f59d000 	/System/Library/Frameworks/Accelerate.framework/Versions/A/Frameworks/vecLib.framework/Versions/A/vecLib
0x000000019852e000 	/System/Library/Frameworks/Accelerate.framework/Versions/A/Frameworks/vecLib.framework/Versions/A/libvMisc.dylib
0x0000000187bad000 	/System/Library/Frameworks/Accelerate.framework/Versions/A/Frameworks/vecLib.framework/Versions/A/libBLAS.dylib
0x0000000191aba000 	/System/Library/Frameworks/CoreVideo.framework/Versions/A/CoreVideo
0x000000019b0e0000 	/System/Library/Frameworks/ApplicationServices.framework/Versions/A/Frameworks/ATS.framework/Versions/A/ATS
0x00000001997b4000 	/System/Library/Frameworks/ApplicationServices.framework/Versions/A/Frameworks/PrintCore.framework/Versions/A/PrintCore
0x000000019b492000 	/System/Library/Frameworks/ApplicationServices.framework/Versions/A/Frameworks/QD.framework/Versions/A/QD
0x000000019b48d000 	/System/Library/Frameworks/ApplicationServices.framework/Versions/A/Frameworks/ColorSyncLegacy.framework/Versions/A/ColorSyncLegacy
0x000000019b0b2000 	/System/Library/Frameworks/ApplicationServices.framework/Versions/A/Frameworks/SpeechSynthesis.framework/Versions/A/SpeechSynthesis
0x0000000193c0f000 	/System/Library/PrivateFrameworks/FontServices.framework/libFontParser.dylib
0x00000001a354f000 	/System/Library/PrivateFrameworks/BackBoardServices.framework/Versions/A/BackBoardServices
0x000000023bfcf000 	/System/Library/PrivateFrameworks/BackBoardHIDEventFoundation.framework/Versions/A/BackBoardHIDEventFoundation
0x0000000189b49000 	/System/Library/Frameworks/CoreDisplay.framework/Versions/A/CoreDisplay
0x000000019910d000 	/System/Library/Frameworks/VideoToolbox.framework/Versions/A/VideoToolbox
0x000000019714e000 	/System/Library/Frameworks/MetalPerformanceShaders.framework/Versions/A/MetalPerformanceShaders
0x0000000269c31000 	/System/Library/PrivateFrameworks/ProDisplayLibrary.framework/Versions/A/ProDisplayLibrary
0x00000001a736e000 	/System/Library/PrivateFrameworks/IOSurfaceAccelerator.framework/Versions/A/IOSurfaceAccelerator
0x000000019375e000 	/System/Library/PrivateFrameworks/IOAccelerator.framework/Versions/A/IOAccelerator
0x0000000193a6d000 	/System/Library/Frameworks/CoreMedia.framework/Versions/A/CoreMedia
0x000000018d8ca000 	/System/Library/PrivateFrameworks/TCC.framework/Versions/A/TCC
0x00000001990c5000 	/System/Library/PrivateFrameworks/WatchdogClient.framework/Versions/A/WatchdogClient
0x00000001b4300000 	/usr/lib/swift/libswiftCoreAudio.dylib
0x00000001d024f000 	/usr/lib/swift/libswiftCoreMedia.dylib
0x000000028b1b5000 	/usr/lib/swift/libswiftVideoToolbox.dylib
0x00000001c95a1000 	/System/Library/PrivateFrameworks/BiomeStorage.framework/Versions/A/BiomeStorage
0x00000002582d4000 	/System/Library/PrivateFrameworks/IntelligencePlatformLibrary.framework/Versions/A/IntelligencePlatformLibrary
0x00000002689f9000 	/System/Library/PrivateFrameworks/PoirotSchematizer.framework/Versions/A/PoirotSchematizer
0x000000023c978000 	/System/Library/PrivateFrameworks/BiomeSync.framework/Versions/A/BiomeSync
0x000000023c0b0000 	/System/Library/PrivateFrameworks/BiomeDSL.framework/Versions/A/BiomeDSL
0x0000000268a67000 	/System/Library/PrivateFrameworks/PoirotUDFs.framework/Versions/A/PoirotUDFs
0x000000028b25d000 	/usr/lib/swift/libswift_DarwinFoundation2.dylib
0x000000028b25e000 	/usr/lib/swift/libswift_DarwinFoundation3.dylib
0x00000001a1bf7000 	/System/Library/PrivateFrameworks/CoreTime.framework/Versions/A/CoreTime
0x0000000196f68000 	/usr/lib/libiconv.2.dylib
0x0000000196ec5000 	/usr/lib/libcharset.1.dylib
0x00000002689bc000 	/System/Library/PrivateFrameworks/PoirotSQLite.framework/Versions/A/PoirotSQLite
0x000000028b25f000 	/usr/lib/swift/libswift_RegexParser.dylib
0x000000023dfa6000 	/System/Library/PrivateFrameworks/CascadeSets.framework/Versions/A/CascadeSets
0x000000019b6a2000 	/System/Library/PrivateFrameworks/CorePhoneNumbers.framework/Versions/A/CorePhoneNumbers
0x0000000198ebf000 	/System/Library/PrivateFrameworks/AppleJPEG.framework/Versions/A/AppleJPEG
0x0000000198898000 	/usr/lib/libexpat.1.dylib
0x000000019968a000 	/System/Library/Frameworks/ImageIO.framework/Versions/A/Resources/libPng.dylib
0x00000001996b5000 	/System/Library/Frameworks/ImageIO.framework/Versions/A/Resources/libTIFF.dylib
0x000000019979d000 	/System/Library/Frameworks/ImageIO.framework/Versions/A/Resources/libGIF.dylib
0x0000000198f04000 	/System/Library/Frameworks/ImageIO.framework/Versions/A/Resources/libJP2.dylib
0x0000000199744000 	/System/Library/Frameworks/ImageIO.framework/Versions/A/Resources/libJPEG.dylib
0x000000019973b000 	/System/Library/Frameworks/ImageIO.framework/Versions/A/Resources/libRadiance.dylib
0x000000024e01d000 	/System/Library/PrivateFrameworks/GPUCompiler.framework/Versions/32023/Libraries/libllvm-flatbuffers.dylib
0x0000000248a7d000 	/System/Library/PrivateFrameworks/FramePacing.framework/Versions/A/FramePacing
0x000000022c16e000 	/System/Library/Frameworks/OpenGL.framework/Versions/A/Libraries/libCoreFSCache.dylib
0x0000000249baa000 	/System/Library/PrivateFrameworks/GPUCompiler.framework/Versions/32023/Libraries/libGPUCompilerUtils.dylib
0x00000001a1750000 	/System/Library/PrivateFrameworks/GraphicsServices.framework/Versions/A/GraphicsServices
0x000000022c1cd000 	/System/Library/Frameworks/OpenGL.framework/Versions/A/Libraries/libGLU.dylib
0x000000022c190000 	/System/Library/Frameworks/OpenGL.framework/Versions/A/Libraries/libGFXShared.dylib
0x000000022c35d000 	/System/Library/Frameworks/OpenGL.framework/Versions/A/Libraries/libGL.dylib
0x000000022c199000 	/System/Library/Frameworks/OpenGL.framework/Versions/A/Libraries/libGLImage.dylib
0x000000022c18d000 	/System/Library/Frameworks/OpenGL.framework/Versions/A/Libraries/libCVMSPluginSupport.dylib
0x000000022c176000 	/System/Library/Frameworks/OpenGL.framework/Versions/A/Libraries/libCoreVMClient.dylib
0x0000000199736000 	/System/Library/PrivateFrameworks/GPUWrangler.framework/Versions/A/GPUWrangler
0x0000000199716000 	/System/Library/PrivateFrameworks/IOPresentment.framework/Versions/A/IOPresentment
0x000000019973e000 	/System/Library/PrivateFrameworks/DSExternalDisplay.framework/Versions/A/DSExternalDisplay
0x000000027f17c000 	/System/Library/PrivateFrameworks/VideoToolboxParavirtualizationSupport.framework/Versions/A/VideoToolboxParavirtualizationSupport
0x000000019884f000 	/System/Library/PrivateFrameworks/AppleVA.framework/Versions/A/AppleVA
0x000000022e1f2000 	/System/Library/Frameworks/ExtensionFoundation.framework/Versions/A/ExtensionFoundation
0x00000001997a3000 	/System/Library/PrivateFrameworks/CMCaptureCore.framework/Versions/A/CMCaptureCore
0x0000000198b1c000 	/System/Library/PrivateFrameworks/AppServerSupport.framework/Versions/A/AppServerSupport
0x000000019b49b000 	/System/Library/PrivateFrameworks/perfdata.framework/Versions/A/perfdata
0x0000000189c6a000 	/System/Library/PrivateFrameworks/AudioToolboxCore.framework/Versions/A/AudioToolboxCore
0x0000000193a43000 	/System/Library/PrivateFrameworks/caulk.framework/Versions/A/caulk
0x000000019b098000 	/usr/lib/libAudioStatistics.dylib
0x00000001b3312000 	/System/Library/PrivateFrameworks/SystemPolicy.framework/Versions/A/SystemPolicy
0x000000019b340000 	/usr/lib/libSMC.dylib
0x00000001bac2c000 	/usr/lib/swift/libswiftCoreMIDI.dylib
0x00000001a6666000 	/System/Library/Frameworks/CoreMIDI.framework/Versions/A/CoreMIDI
0x0000000199664000 	/usr/lib/libAudioToolboxUtility.dylib
0x000000019b4a9000 	/usr/lib/libperfcheck.dylib
0x000000023b9dd000 	/System/Library/PrivateFrameworks/AudioAnalytics.framework/Versions/A/AudioAnalytics
0x00000001da0ca000 	/System/Library/Frameworks/OSLog.framework/Versions/A/OSLog
0x000000026447d000 	/System/Library/PrivateFrameworks/OSEligibility.framework/Versions/A/OSEligibility
0x000000022f5dd000 	/System/Library/Frameworks/LightweightCodeRequirements.framework/Versions/A/LightweightCodeRequirements
0x0000000198798000 	/System/Library/PrivateFrameworks/PlugInKit.framework/Versions/A/PlugInKit
0x0000000196084000 	/System/Library/PrivateFrameworks/AssertionServices.framework/Versions/A/AssertionServices
0x00000001988bd000 	/System/Library/PrivateFrameworks/IconFoundation.framework/Versions/A/IconFoundation
0x0000000254e42000 	/System/Library/PrivateFrameworks/IconRendering.framework/Versions/A/IconRendering
0x000000026be19000 	/System/Library/PrivateFrameworks/SFSymbols.framework/Versions/A/SFSymbols
0x0000000198acc000 	/System/Library/PrivateFrameworks/GraphVisualizer.framework/Versions/A/GraphVisualizer
0x0000000248988000 	/System/Library/PrivateFrameworks/FontServices.framework/Versions/A/FontServices
0x0000000198adc000 	/System/Library/PrivateFrameworks/OTSVG.framework/Versions/A/OTSVG
0x00000001915ff000 	/System/Library/Frameworks/ApplicationServices.framework/Versions/A/Frameworks/ATS.framework/Versions/A/Resources/libFontRegistry.dylib
0x000000028a399000 	/usr/lib/libhvf.dylib
0x00000002650fd000 	/System/Library/PrivateFrameworks/ParsingInternal.framework/Versions/A/ParsingInternal
0x000000024898c000 	/System/Library/PrivateFrameworks/FontServices.framework/libXTFontStaticRegistryData.dylib
0x0000000194a5e000 	/System/Library/Frameworks/MetalPerformanceShaders.framework/Versions/A/Frameworks/MPSCore.framework/Versions/A/MPSCore
0x0000000196854000 	/System/Library/Frameworks/MetalPerformanceShaders.framework/Versions/A/Frameworks/MPSImage.framework/Versions/A/MPSImage
0x0000000196213000 	/System/Library/Frameworks/MetalPerformanceShaders.framework/Versions/A/Frameworks/MPSNeuralNetwork.framework/Versions/A/MPSNeuralNetwork
0x0000000196652000 	/System/Library/Frameworks/MetalPerformanceShaders.framework/Versions/A/Frameworks/MPSMatrix.framework/Versions/A/MPSMatrix
0x000000019646a000 	/System/Library/Frameworks/MetalPerformanceShaders.framework/Versions/A/Frameworks/MPSRayIntersector.framework/Versions/A/MPSRayIntersector
0x0000000196684000 	/System/Library/Frameworks/MetalPerformanceShaders.framework/Versions/A/Frameworks/MPSNDArray.framework/Versions/A/MPSNDArray
0x000000023045e000 	/System/Library/Frameworks/MetalPerformanceShaders.framework/Versions/A/Frameworks/MPSFunctions.framework/Versions/A/MPSFunctions
0x000000023043f000 	/System/Library/Frameworks/MetalPerformanceShaders.framework/Versions/A/Frameworks/MPSBenchmarkLoop.framework/Versions/A/MPSBenchmarkLoop
0x0000000230472000 	/System/Library/Frameworks/MetalPerformanceShaders.framework/Versions/A/Frameworks/MPSHost.framework/Versions/A/MPSHost
0x00000001879c4000 	/System/Library/PrivateFrameworks/MetalTools.framework/Versions/A/MetalTools
0x00000001b9571000 	/System/Library/PrivateFrameworks/IOAccelMemoryInfo.framework/Versions/A/IOAccelMemoryInfo
0x00000001c7a41000 	/System/Library/PrivateFrameworks/kperf.framework/Versions/A/kperf
0x00000001b42fc000 	/System/Library/PrivateFrameworks/GPURawCounter.framework/Versions/A/GPURawCounter
0x00000001a53eb000 	/System/Library/PrivateFrameworks/ASEProcessing.framework/Versions/A/ASEProcessing
0x00000001d5ac3000 	/System/Library/PrivateFrameworks/Symbolication.framework/Versions/A/Symbolication
0x00000002685a8000 	/System/Library/PrivateFrameworks/PhotosensitivityProcessing.framework/Versions/A/PhotosensitivityProcessing
0x000000026be9f000 	/System/Library/PrivateFrameworks/SILManager.framework/Versions/A/SILManager
0x00000001a1a9b000 	/System/Library/PrivateFrameworks/CoreSymbolication.framework/Versions/A/CoreSymbolication
0x00000001b4271000 	/System/Library/PrivateFrameworks/MallocStackLogging.framework/Versions/A/MallocStackLogging
0x00000001a1a79000 	/System/Library/PrivateFrameworks/DebugSymbols.framework/Versions/A/DebugSymbols
0x00000001c61b8000 	/System/Library/PrivateFrameworks/OSAnalytics.framework/Versions/A/OSAnalytics
0x00000002466ef000 	/System/Library/PrivateFrameworks/DeviceRecovery.framework/Versions/A/DeviceRecovery
0x000000027aa73000 	/System/Library/PrivateFrameworks/Tightbeam.framework/Versions/A/Tightbeam
0x00000001cc86b000 	/System/Library/PrivateFrameworks/AFKUser.framework/Versions/A/AFKUser
0x0000000196cbc000 	/System/Library/Frameworks/UserNotifications.framework/Versions/A/UserNotifications
0x00000001b9cfe000 	/System/Library/PrivateFrameworks/SiriInstrumentation.framework/Versions/A/SiriInstrumentation
0x000000026e2d6000 	/System/Library/PrivateFrameworks/SiriAnalytics.framework/Versions/A/SiriAnalytics
0x00000001b7492000 	/System/Library/PrivateFrameworks/FeedbackLogger.framework/Versions/A/FeedbackLogger
0x00000001d1c95000 	/usr/lib/swift/libswiftAVFoundation.dylib
0x000000027d297000 	/System/Library/PrivateFrameworks/UnifiedAssetFramework.framework/Versions/A/UnifiedAssetFramework
0x000000019b017000 	/System/Library/PrivateFrameworks/AudioSession.framework/Versions/A/AudioSession
0x00000001989dd000 	/System/Library/PrivateFrameworks/MediaExperience.framework/Versions/A/MediaExperience
0x000000019adec000 	/System/Library/PrivateFrameworks/AudioSession.framework/libSessionUtility.dylib
0x00000001a062b000 	/System/Library/Frameworks/CoreBluetooth.framework/Versions/A/CoreBluetooth
0x0000000195ef8000 	/System/Library/PrivateFrameworks/CoreUtils.framework/Versions/A/CoreUtils
0x00000001ac1ca000 	/System/Library/PrivateFrameworks/HID.framework/Versions/A/HID
0x0000000245996000 	/System/Library/PrivateFrameworks/CoreUtilsExtras.framework/Versions/A/CoreUtilsExtras
0x0000000254d97000 	/System/Library/PrivateFrameworks/IO80211.framework/Versions/A/IO80211
0x000000019cfc9000 	/System/Library/Frameworks/IOBluetooth.framework/Versions/A/IOBluetooth
0x000000028b06a000 	/usr/lib/swift/libswiftRegexBuilder.dylib
0x0000000198638000 	/usr/lib/libIOReport.dylib
0x00000001e2592000 	/System/Library/PrivateFrameworks/WiFiPeerToPeer.framework/Versions/A/WiFiPeerToPeer
0x0000000196093000 	/System/Library/Frameworks/SecurityFoundation.framework/Versions/A/SecurityFoundation
0x000000023e05a000 	/System/Library/PrivateFrameworks/Centauri.framework/Versions/A/Centauri
0x00000001883a8000 	/System/Library/PrivateFrameworks/Lexicon.framework/Versions/A/Lexicon
0x000000028a7e9000 	/usr/lib/libmrc.dylib
0x0000000254e02000 	/System/Library/PrivateFrameworks/IPConfiguration.framework/Versions/A/IPConfiguration
0x00000001d629b000 	/System/Library/PrivateFrameworks/Netrb.framework/Versions/A/Netrb
0x00000001961fc000 	/usr/lib/libgermantok.dylib
0x0000000194c4d000 	/System/Library/PrivateFrameworks/LinguisticData.framework/Versions/A/LinguisticData
0x00000001a0834000 	/System/Library/PrivateFrameworks/MediaKit.framework/Versions/A/MediaKit
0x00000001a0782000 	/System/Library/Frameworks/DiscRecording.framework/Versions/A/DiscRecording
0x00000001988b3000 	/usr/lib/libheimdal-asn1.dylib
0x00000001a4253000 	/System/Library/Frameworks/AudioUnit.framework/Versions/A/AudioUnit
0x0000000191917000 	/System/Library/Frameworks/OpenDirectory.framework/Versions/A/OpenDirectory
0x0000000191925000 	/System/Library/Frameworks/OpenDirectory.framework/Versions/A/Frameworks/CFOpenDirectory.framework/Versions/A/CFOpenDirectory
0x000000019d36f000 	/System/Library/PrivateFrameworks/GeoServices.framework/Versions/A/GeoServices
0x000000019adb2000 	/System/Library/PrivateFrameworks/LocationSupport.framework/Versions/A/LocationSupport
0x0000000251ac2000 	/System/Library/PrivateFrameworks/GeoServicesCore.framework/Versions/A/GeoServicesCore
0x00000001ad0c9000 	/System/Library/PrivateFrameworks/PhoneNumbers.framework/Versions/A/PhoneNumbers
0x000000025a25f000 	/System/Library/PrivateFrameworks/LocationLogEncryption.framework/Versions/A/LocationLogEncryption
0x000000022c6e9000 	/System/Library/Frameworks/AVFAudio.framework/Versions/A/AVFAudio
0x000000022c82d000 	/System/Library/Frameworks/AVRouting.framework/Versions/A/AVRouting
0x00000001ad1e1000 	/usr/lib/libAccessibility.dylib
0x0000000258c50000 	/System/Library/PrivateFrameworks/IsolatedCoreAudioClient.framework/Versions/A/IsolatedCoreAudioClient
0x00000002417ec000 	/System/Library/PrivateFrameworks/CoreAudioOrchestration.framework/Versions/A/CoreAudioOrchestration
0x0000000199c8b000 	/System/Library/Frameworks/MediaToolbox.framework/Versions/A/MediaToolbox
0x00000001a095a000 	/System/Library/PrivateFrameworks/CoreAVCHD.framework/Versions/A/CoreAVCHD
0x000000019f890000 	/System/Library/Frameworks/MediaAccessibility.framework/Versions/A/MediaAccessibility
0x00000001a0956000 	/System/Library/PrivateFrameworks/Mangrove.framework/Versions/A/Mangrove
0x000000023d698000 	/System/Library/PrivateFrameworks/CMPhoto.framework/Versions/A/CMPhoto
0x00000001a111e000 	/System/Library/Frameworks/CoreTelephony.framework/Versions/A/CoreTelephony
0x00000001a0949000 	/System/Library/PrivateFrameworks/CoreAUC.framework/Versions/A/CoreAUC
0x000000023a88b000 	/System/Library/PrivateFrameworks/AppleJPEGXL.framework/Versions/A/AppleJPEGXL
0x000000019b6b2000 	/usr/lib/libTelephonyUtilDynamic.dylib
0x00000001dd131000 	/System/Library/Frameworks/CryptoKit.framework/Versions/A/CryptoKit
0x00000001a424e000 	/System/Library/PrivateFrameworks/CryptoKitCBridging.framework/Versions/A/CryptoKitCBridging
0x00000001a1762000 	/System/Library/Frameworks/CryptoTokenKit.framework/Versions/A/CryptoTokenKit
0x0000000246171000 	/System/Library/PrivateFrameworks/Dendrite.framework/Versions/A/Dendrite
0x00000001b3ea6000 	/System/Library/Frameworks/NaturalLanguage.framework/Versions/A/NaturalLanguage
0x00000001e251a000 	/usr/lib/swift/libswiftNaturalLanguage.dylib
0x000000023b3fd000 	/System/Library/PrivateFrameworks/AppleMobileFileIntegrity.framework/Versions/A/AppleMobileFileIntegrity
0x0000000289880000 	/usr/lib/libTLE.dylib
0x00000001b42a3000 	/usr/lib/libmis.dylib
0x00000001ebb36000 	/System/Library/PrivateFrameworks/ConfigProfileHelper.framework/Versions/A/ConfigProfileHelper
0x00000001a43dd000 	/System/Library/PrivateFrameworks/Espresso.framework/Versions/A/Espresso
0x00000001920a4000 	/System/Library/Frameworks/CoreML.framework/Versions/A/CoreML
0x00000001e03da000 	/usr/lib/libedit.3.dylib
0x00000002294f8000 	/System/Library/PrivateFrameworks/ANECompiler.framework/Versions/A/ANECompiler
0x00000001a64ab000 	/System/Library/PrivateFrameworks/AppleNeuralEngine.framework/Versions/A/AppleNeuralEngine
0x000000025a37d000 	/System/Library/PrivateFrameworks/MIL.framework/Versions/A/MIL
0x0000000230478000 	/System/Library/Frameworks/MetalPerformanceShadersGraph.framework/Versions/A/MetalPerformanceShadersGraph
0x000000025aaec000 	/System/Library/PrivateFrameworks/MLCompilerServices.framework/Versions/A/MLCompilerServices
0x00000001a522f000 	/System/Library/PrivateFrameworks/ANEServices.framework/Versions/A/ANEServices
0x00000001b9534000 	/usr/lib/libncurses.5.4.dylib
0x000000018b55d000 	/usr/lib/libsandbox.1.dylib
0x00000001987d9000 	/usr/lib/libMatch.1.dylib
0x00000002641ff000 	/System/Library/PrivateFrameworks/ODIE.framework/Versions/A/ODIE
0x000000025d779000 	/System/Library/PrivateFrameworks/MLModelAsset.framework/Versions/A/MLModelAsset
0x000000025aa92000 	/System/Library/PrivateFrameworks/MLCompilerRuntime.framework/Versions/A/MLCompilerRuntime
0x00000001964bf000 	/System/Library/Frameworks/MLCompute.framework/Versions/A/MLCompute
0x000000025aa14000 	/System/Library/PrivateFrameworks/MLAssetIO.framework/Versions/A/MLAssetIO
0x000000028b03c000 	/usr/lib/swift/libswiftMLCompute.dylib
0x00000001a1339000 	/System/Library/PrivateFrameworks/AVFCore.framework/Versions/A/AVFCore
0x00000001aaaea000 	/System/Library/PrivateFrameworks/AVFCapture.framework/Versions/A/AVFCapture
0x000000023d48f000 	/System/Library/PrivateFrameworks/CMImaging.framework/Versions/A/CMImaging
0x00000001aad2c000 	/System/Library/PrivateFrameworks/Quagga.framework/Versions/A/Quagga
0x00000001aae5d000 	/System/Library/PrivateFrameworks/CMCapture.framework/Versions/A/CMCapture
0x000000019b23d000 	/System/Library/Frameworks/CoreMediaIO.framework/Versions/A/CoreMediaIO
0x000000023d3ca000 	/System/Library/PrivateFrameworks/CMCaptureDevice.framework/Versions/A/CMCaptureDevice
0x0000000198c15000 	/System/Library/PrivateFrameworks/CoreBrightness.framework/Versions/A/CoreBrightness
0x000000023e550000 	/System/Library/PrivateFrameworks/CinematicFraming.framework/Versions/A/CinematicFraming
0x000000026084c000 	/System/Library/PrivateFrameworks/ModelManagerServices.framework/Versions/A/ModelManagerServices
0x00000001ced0a000 	/System/Library/PrivateFrameworks/CPMS.framework/Versions/A/CPMS
0x00000002781ad000 	/System/Library/PrivateFrameworks/SystemStatus.framework/Versions/A/SystemStatus
0x00000001b2ce7000 	/System/Library/Frameworks/CoreMotion.framework/Versions/A/CoreMotion
0x00000001c324a000 	/System/Library/PrivateFrameworks/TimeSync.framework/Versions/A/TimeSync
0x0000000246b22000 	/System/Library/PrivateFrameworks/DistributedSensing.framework/Versions/A/DistributedSensing
0x00000001be664000 	/System/Library/PrivateFrameworks/MobileBluetooth.framework/Versions/A/MobileBluetooth
0x00000001c4f06000 	/System/Library/PrivateFrameworks/IOKitten.framework/Versions/A/IOKitten
0x000000023a709000 	/System/Library/PrivateFrameworks/AppleIntelligenceReporting.framework/Versions/A/AppleIntelligenceReporting
0x0000000195e07000 	/System/Library/PrivateFrameworks/CoreEmoji.framework/Versions/A/CoreEmoji
0x00000001886ba000 	/usr/lib/libCRFSuite.dylib
0x000000018999a000 	/System/Library/PrivateFrameworks/LanguageModeling.framework/Versions/A/LanguageModeling
0x0000000194b2d000 	/System/Library/PrivateFrameworks/CoreNLP.framework/Versions/A/CoreNLP
0x000000018e909000 	/System/Library/PrivateFrameworks/Montreal.framework/Versions/A/Montreal
0x0000000196f70000 	/usr/lib/libcmph.dylib
0x000000019619d000 	/usr/lib/libmecab.dylib
0x00000001970e1000 	/usr/lib/libThaiTokenizer.dylib
0x00000002518b1000 	/System/Library/PrivateFrameworks/GenerativeModelsFoundation.framework/Versions/A/GenerativeModelsFoundation
0x000000027af76000 	/System/Library/PrivateFrameworks/TokenGeneration.framework/Versions/A/TokenGeneration
0x0000000251684000 	/System/Library/PrivateFrameworks/GenerativeFunctions.framework/Versions/A/GenerativeFunctions
0x00000002516d2000 	/System/Library/PrivateFrameworks/GenerativeFunctionsFoundation.framework/Versions/A/GenerativeFunctionsFoundation
0x0000000260511000 	/System/Library/PrivateFrameworks/ModelCatalog.framework/Versions/A/ModelCatalog
0x000000026d4f4000 	/System/Library/PrivateFrameworks/SensitiveContentAnalysisML.framework/Versions/A/SensitiveContentAnalysisML
0x0000000251768000 	/System/Library/PrivateFrameworks/GenerativeFunctionsInstrumentation.framework/Versions/A/GenerativeFunctionsInstrumentation
0x000000026a397000 	/System/Library/PrivateFrameworks/PromptKit.framework/Versions/A/PromptKit
0x0000000269dd0000 	/System/Library/PrivateFrameworks/ProactiveDaemonSupport.framework/Versions/A/ProactiveDaemonSupport
0x000000027b1ae000 	/System/Library/PrivateFrameworks/TokenGenerationCore.framework/Versions/A/TokenGenerationCore
0x00000001b4d6f000 	/System/Library/PrivateFrameworks/Trial.framework/Versions/A/Trial
0x00000001b4cf0000 	/System/Library/PrivateFrameworks/TrialProto.framework/Versions/A/TrialProto
0x000000023a336000 	/System/Library/PrivateFrameworks/AppleFlatBuffers.framework/Versions/A/AppleFlatBuffers
0x000000026d7c4000 	/System/Library/PrivateFrameworks/SentencePieceInternal.framework/Versions/A/SentencePieceInternal
0x000000019f8e9000 	/System/Library/Frameworks/Vision.framework/Versions/A/Vision
0x000000024568f000 	/System/Library/PrivateFrameworks/CoreSceneUnderstanding.framework/Versions/A/CoreSceneUnderstanding
0x000000027fd80000 	/System/Library/PrivateFrameworks/VisionCore.framework/Versions/A/VisionCore
0x00000001bd5f3000 	/System/Library/Frameworks/Vision.framework/libfaceCore.dylib
0x00000001be10d000 	/System/Library/PrivateFrameworks/Futhark.framework/Versions/A/Futhark
0x00000001c2034000 	/System/Library/PrivateFrameworks/InertiaCam.framework/Versions/A/InertiaCam
0x00000001bde9a000 	/System/Library/PrivateFrameworks/TextRecognition.framework/Versions/A/TextRecognition
0x0000000198676000 	/System/Library/PrivateFrameworks/CVNLP.framework/Versions/A/CVNLP
0x00000001da5af000 	/System/Library/PrivateFrameworks/HIDDisplay.framework/Versions/A/HIDDisplay
0x000000019976f000 	/System/Library/Frameworks/ApplicationServices.framework/Versions/A/Frameworks/ATSUI.framework/Versions/A/ATSUI
0x000000019b421000 	/usr/lib/libcups.2.dylib
0x000000019b4b7000 	/System/Library/Frameworks/Kerberos.framework/Versions/A/Kerberos
0x000000019b128000 	/usr/lib/libresolv.9.dylib
0x0000000198b30000 	/System/Library/PrivateFrameworks/Heimdal.framework/Versions/A/Heimdal
0x00000001a4252000 	/System/Library/Frameworks/Kerberos.framework/Versions/A/Libraries/libHeimdalProxy.dylib
0x000000019b51b000 	/System/Library/PrivateFrameworks/CommonAuth.framework/Versions/A/CommonAuth
0x00000001ad0d5000 	/System/Library/PrivateFrameworks/AXCoreUtilities.framework/Versions/A/AXCoreUtilities
0x0000000289381000 	/usr/lib/libAXSafeCategoryBundle.dylib
0x0000000234803000 	/System/Library/Frameworks/TabularData.framework/Versions/A/TabularData
0x000000023b5ac000 	/System/Library/PrivateFrameworks/ArgumentParserInternal.framework/Versions/A/ArgumentParserInternal
0x0000000195cc9000 	/System/Library/Frameworks/Accelerate.framework/Versions/A/Frameworks/vecLib.framework/Versions/A/libvDSP.dylib
0x000000019722b000 	/System/Library/Frameworks/Accelerate.framework/Versions/A/Frameworks/vecLib.framework/Versions/A/libLAPACK.dylib
0x00000001961ff000 	/System/Library/Frameworks/Accelerate.framework/Versions/A/Frameworks/vecLib.framework/Versions/A/libLinearAlgebra.dylib
0x0000000197127000 	/System/Library/Frameworks/Accelerate.framework/Versions/A/Frameworks/vecLib.framework/Versions/A/libSparseBLAS.dylib
0x0000000197226000 	/System/Library/Frameworks/Accelerate.framework/Versions/A/Frameworks/vecLib.framework/Versions/A/libQuadrature.dylib
0x0000000194c54000 	/System/Library/Frameworks/Accelerate.framework/Versions/A/Frameworks/vecLib.framework/Versions/A/libBNNS.dylib
0x00000001884b8000 	/System/Library/Frameworks/Accelerate.framework/Versions/A/Frameworks/vecLib.framework/Versions/A/libSparse.dylib
0x000000019b480000 	/System/Library/PrivateFrameworks/NetAuth.framework/Versions/A/NetAuth
0x0000000191b3b000 	/System/Library/PrivateFrameworks/login.framework/Versions/A/Frameworks/loginsupport.framework/Versions/A/loginsupport
0x0000000196167000 	/usr/lib/libCheckFix.dylib
0x0000000190cc1000 	/System/Library/PrivateFrameworks/MetadataUtilities.framework/Versions/A/MetadataUtilities
0x0000000255897000 	/System/Library/PrivateFrameworks/InstalledContentLibrary.framework/Versions/A/InstalledContentLibrary
0x000000018b422000 	/System/Library/PrivateFrameworks/CoreServicesStore.framework/Versions/A/CoreServicesStore
0x00000001c7b58000 	/System/Library/PrivateFrameworks/MobileSystemServices.framework/Versions/A/MobileSystemServices
0x00000001984fb000 	/usr/lib/libxslt.1.dylib
0x0000000196126000 	/System/Library/PrivateFrameworks/BackgroundTaskManagement.framework/Versions/A/BackgroundTaskManagement
0x00000001a38e8000 	/usr/lib/libcurl.4.dylib
0x000000028a14d000 	/usr/lib/libcrypto.46.dylib
0x000000028ace6000 	/usr/lib/libssl.48.dylib
0x00000001a35c2000 	/System/Library/Frameworks/LDAP.framework/Versions/A/LDAP
0x00000001a35fe000 	/System/Library/PrivateFrameworks/TrustEvaluationAgent.framework/Versions/A/TrustEvaluationAgent
0x000000019b145000 	/usr/lib/libsasl2.2.dylib
0x00000001b11c9000 	/usr/lib/swift/libswiftCoreGraphics.dylib
0x000000019ff83000 	/usr/lib/swift/libswiftFoundation.dylib
0x00000001eb4da000 	/usr/lib/swift/libswiftSwiftOnoneSupport.dylib
0x000000028b393000 	/usr/lib/swift/libswiftsys_time.dylib
0x00000001d62d9000 	/System/Library/PrivateFrameworks/CoreMaterial.framework/Versions/A/CoreMaterial
0x000000028987d000 	/usr/lib/libSpatial.dylib
0x000000028929e000 	/System/Library/SubFrameworks/UIUtilities.framework/Versions/A/UIUtilities
0x00000001034b8000 	/Users/loitran/Library/Java/JavaVirtualMachines/openjdk-20.0.1/Contents/Home/lib/server/libjvm.dylib
0x00000001023a0000 	/Users/loitran/Library/Java/JavaVirtualMachines/openjdk-20.0.1/Contents/Home/lib/libjimage.dylib
0x00000001023cc000 	/Users/loitran/Library/Java/JavaVirtualMachines/openjdk-20.0.1/Contents/Home/lib/libinstrument.dylib
0x0000000102418000 	/Users/loitran/Library/Java/JavaVirtualMachines/openjdk-20.0.1/Contents/Home/lib/libjava.dylib
0x00000001024b4000 	/Users/loitran/Library/Java/JavaVirtualMachines/openjdk-20.0.1/Contents/Home/lib/libzip.dylib
0x000000010248c000 	/Users/loitran/Library/Java/JavaVirtualMachines/openjdk-20.0.1/Contents/Home/lib/libnio.dylib
0x00000001033a8000 	/Users/loitran/Library/Java/JavaVirtualMachines/openjdk-20.0.1/Contents/Home/lib/libnet.dylib
0x00000001033c0000 	/Users/loitran/Library/Java/JavaVirtualMachines/openjdk-20.0.1/Contents/Home/lib/libverify.dylib
0x0000000102408000 	/Users/loitran/.gradle/native/660c5614fbf4a5f2a75b1949f50a0caf5cd603558e7d8a26e50b933a0cfb79d1/osx-aarch64/libnative-platform.dylib
0x000000011f444000 	/Users/loitran/.gradle/native/0.2.8/aarch64-macos/libgradle-fileevents.dylib
0x00000001033f0000 	/Users/loitran/Library/Java/JavaVirtualMachines/openjdk-20.0.1/Contents/Home/lib/libmanagement.dylib
0x0000000103404000 	/Users/loitran/Library/Java/JavaVirtualMachines/openjdk-20.0.1/Contents/Home/lib/libmanagement_ext.dylib
0x0000000103418000 	/Users/loitran/Library/Java/JavaVirtualMachines/openjdk-20.0.1/Contents/Home/lib/libextnet.dylib
0x000000010342c000 	/Users/loitran/Library/Java/JavaVirtualMachines/openjdk-20.0.1/Contents/Home/lib/librmi.dylib
0x0000000131384000 	/Users/loitran/Library/Java/JavaVirtualMachines/openjdk-20.0.1/Contents/Home/lib/libawt.dylib
0x0000000131300000 	/Users/loitran/Library/Java/JavaVirtualMachines/openjdk-20.0.1/Contents/Home/lib/libmlib_image.dylib
0x000000022f5d4000 	/System/Library/Frameworks/JavaRuntimeSupport.framework/Versions/A/JavaRuntimeSupport
0x00000001b2ce6000 	/System/Library/Frameworks/Carbon.framework/Versions/A/Carbon
0x00000001a8f42000 	/System/Library/Frameworks/Carbon.framework/Versions/A/Frameworks/CommonPanels.framework/Versions/A/CommonPanels
0x00000001a38d3000 	/System/Library/Frameworks/Carbon.framework/Versions/A/Frameworks/Help.framework/Versions/A/Help
0x00000001a8f46000 	/System/Library/Frameworks/Carbon.framework/Versions/A/Frameworks/ImageCapture.framework/Versions/A/ImageCapture
0x00000001a8f21000 	/System/Library/Frameworks/Carbon.framework/Versions/A/Frameworks/OpenScripting.framework/Versions/A/OpenScripting
0x00000001a8f41000 	/System/Library/Frameworks/Carbon.framework/Versions/A/Frameworks/Ink.framework/Versions/A/Ink
0x00000001a8f3e000 	/System/Library/Frameworks/Carbon.framework/Versions/A/Frameworks/SecurityHI.framework/Versions/A/SecurityHI
0x00000002896f1000 	/usr/lib/libInterpreterSecurity.dylib
0x00000001c98ce000 	/System/Library/PrivateFrameworks/XprotectFramework.framework/Versions/A/XprotectFramework
0x00000001ac4eb000 	/System/Library/PrivateFrameworks/yara.framework/Versions/A/yara
0x000000028966e000 	/usr/lib/libEndpointSecuritySystem.dylib
0x0000000141120000 	/Users/loitran/Library/Java/JavaVirtualMachines/openjdk-20.0.1/Contents/Home/lib/libawt_lwawt.dylib
0x0000000103470000 	/Users/loitran/Library/Java/JavaVirtualMachines/openjdk-20.0.1/Contents/Home/lib/libosxapp.dylib
0x00000001b1232000 	/System/Library/Frameworks/ExceptionHandling.framework/Versions/A/ExceptionHandling
0x00000001413f8000 	/Users/loitran/Library/Java/JavaVirtualMachines/openjdk-20.0.1/Contents/Home/lib/libfontmanager.dylib
0x0000000131700000 	/Users/loitran/Library/Java/JavaVirtualMachines/openjdk-20.0.1/Contents/Home/lib/libfreetype.dylib


VM Arguments:
jvm_args: --add-opens=java.base/java.lang=ALL-UNNAMED --add-opens=java.base/java.lang.invoke=ALL-UNNAMED --add-opens=java.base/java.util=ALL-UNNAMED --add-opens=java.prefs/java.util.prefs=ALL-UNNAMED --add-exports=jdk.compiler/com.sun.tools.javac.api=ALL-UNNAMED --add-exports=jdk.compiler/com.sun.tools.javac.util=ALL-UNNAMED --add-opens=java.base/java.nio.charset=ALL-UNNAMED --add-opens=java.base/java.net=ALL-UNNAMED --add-opens=java.base/java.util.concurrent=ALL-UNNAMED --add-opens=java.base/java.util.concurrent.atomic=ALL-UNNAMED --add-opens=java.xml/javax.xml.namespace=ALL-UNNAMED --add-opens=java.base/java.time=ALL-UNNAMED -Xmx2048m -Dfile.encoding=UTF-8 -Duser.country=VN -Duser.language=en -Duser.variant -javaagent:/Users/loitran/.gradle/wrapper/dists/gradle-9.5.0-bin/bvnork1r7n8i6kp5cnkibsc9q/gradle-9.5.0/lib/agents/gradle-instrumentation-agent-9.5.0.jar 
java_command: org.gradle.launcher.daemon.bootstrap.GradleDaemon 9.5.0
java_class_path (initial): /Users/loitran/.gradle/wrapper/dists/gradle-9.5.0-bin/bvnork1r7n8i6kp5cnkibsc9q/gradle-9.5.0/lib/gradle-daemon-main-9.5.0.jar
Launcher Type: SUN_STANDARD

[Global flags]
     intx CICompilerCount                          = 4                                         {product} {ergonomic}
     uint ConcGCThreads                            = 2                                         {product} {ergonomic}
     uint G1ConcRefinementThreads                  = 9                                         {product} {ergonomic}
   size_t G1HeapRegionSize                         = 1048576                                   {product} {ergonomic}
    uintx GCDrainStackTargetSize                   = 64                                        {product} {ergonomic}
   size_t InitialHeapSize                          = 268435456                                 {product} {ergonomic}
   size_t MarkStackSize                            = 4194304                                   {product} {ergonomic}
   size_t MaxHeapSize                              = 2147483648                                {product} {command line}
   size_t MaxNewSize                               = 1287651328                                {product} {ergonomic}
   size_t MinHeapDeltaBytes                        = 1048576                                   {product} {ergonomic}
   size_t MinHeapSize                              = 8388608                                   {product} {ergonomic}
    uintx NonNMethodCodeHeapSize                   = 5839564                                {pd product} {ergonomic}
    uintx NonProfiledCodeHeapSize                  = 122909338                              {pd product} {ergonomic}
    uintx ProfiledCodeHeapSize                     = 122909338                              {pd product} {ergonomic}
    uintx ReservedCodeCacheSize                    = 251658240                              {pd product} {ergonomic}
     bool SegmentedCodeCache                       = true                                      {product} {ergonomic}
   size_t SoftMaxHeapSize                          = 2147483648                             {manageable} {ergonomic}
     bool UseCompressedClassPointers               = true                           {product lp64_product} {ergonomic}
     bool UseCompressedOops                        = true                           {product lp64_product} {ergonomic}
     bool UseG1GC                                  = true                                      {product} {ergonomic}
     bool UseNUMA                                  = false                                     {product} {ergonomic}
     bool UseNUMAInterleaving                      = false                                     {product} {ergonomic}

Logging:
Log output configuration:
 #0: stdout all=warning uptime,level,tags foldmultilines=false
 #1: stderr all=off uptime,level,tags foldmultilines=false

Environment Variables:
PATH=/Users/loitran/.npm-global/bin:/Users/loitran/AndroidStudioProjects/@mckimquyen/@gameKotlin/5_Neon/node_modules/.bin:/Users/loitran/AndroidStudioProjects/@mckimquyen/@gameKotlin/node_modules/.bin:/Users/loitran/AndroidStudioProjects/@mckimquyen/node_modules/.bin:/Users/loitran/AndroidStudioProjects/node_modules/.bin:/Users/loitran/node_modules/.bin:/Users/node_modules/.bin:/node_modules/.bin:/opt/homebrew/Cellar/node@20/20.20.2/lib/node_modules/npm/node_modules/@npmcli/run-script/lib/node-gyp-bin:/Users/loitran/.npm-global/bin:/Users/loitran/.local/bin:/Users/loitran/.antigravity/antigravity/bin:/Users/loitran/.antigravity/antigravity/bin:/Users/loitran/.antigravity/antigravity/bin:/Users/loitran/.antigravity/antigravity/bin:/Users/loitran/.antigravity/antigravity/bin:/Users/loitran/.antigravity/antigravity/bin:/Users/loitran/.antigravity/antigravity/bin:/Users/loitran/.antigravity/antigravity/bin:/Users/loitran/.antigravity/antigravity/bin:/Users/loitran/.antigravity/antigravity/bin:/Users/loitran/.antigravity/antigravity/bin:/Users/loitran/.antigravity/antigravity/bin:/Users/loitran/.antigravity/antigravity/bin:/Users/loitran/.antigravity/antigravity/bin:/Users/loitran/.antigravity/antigravity/bin:/Users/loitran/.antigravity/antigravity/bin:/Users/loitran/.antigravity/antigravity/bin:/Users/loitran/.antigravity/antigravity/bin:/Users/loitran/.antigravity/antigravity/bin:/Users/loitran/.antigravity/antigravity/bin:_/usr/local/bin:/System/Cryptexes/App/usr/bin:/usr/bin:/bin:/usr/sbin:/sbin:/opt/homebrew/bin:$PATH:/usr/local/share/npm/bin:$PATH:/opt/homebrew/opt/ruby/bin:$PATH":/Users/loitran/development/flutter_sdk/flutter/bin:/Users/loitran/.pub-cache/bin:/var/run/com.apple.security.cryptexd/codex.system/bootstrap/usr/local/bin:/var/run/com.apple.security.cryptexd/codex.system/bootstrap/usr/bin:/var/run/com.apple.security.cryptexd/codex.system/bootstrap/usr/appleinternal/bin:/opt/pkg/env/active/bin:/opt/pmk/env/global/bin:/Library/Apple/usr/bin:/Users/loitran/Library/Android/sdk/emulator:/Users/loitran/Library/Android/sdk/platform-tools:/Users/loitran/Library/Android/sdk/tools:/Users/loitran/Library/Android/sdk/tools/bin:/Users/loitran/.claude/plugins/cache/claude-plugins-official/figma/2.1.26/bin
SHELL=/bin/zsh
LANG=C.UTF-8
LC_CTYPE=UTF-8
TERM=xterm-256color
TMPDIR=/tmp/claude-501

Active Locale:
LC_ALL=C.UTF-8/UTF-8/C.UTF-8/C.UTF-8/C.UTF-8/C.UTF-8
LC_COLLATE=C.UTF-8
LC_CTYPE=UTF-8
LC_MESSAGES=C.UTF-8
LC_MONETARY=C.UTF-8
LC_NUMERIC=C.UTF-8
LC_TIME=C.UTF-8

Signal Handlers:
   SIGSEGV: crash_handler in libjvm.dylib, mask=11100110000111110111111111111111, flags=SA_ONSTACK|SA_RESTART|SA_SIGINFO, unblocked
    SIGBUS: crash_handler in libjvm.dylib, mask=11100110000111110111111111111111, flags=SA_RESTART|SA_SIGINFO, unblocked
    SIGFPE: crash_handler in libjvm.dylib, mask=11100110000111110111111111111111, flags=SA_RESTART|SA_SIGINFO, unblocked
   SIGPIPE: javaSignalHandler in libjvm.dylib, mask=11100110000111110111111111111111, flags=SA_RESTART|SA_SIGINFO, unblocked
   SIGXFSZ: javaSignalHandler in libjvm.dylib, mask=11100110000111110111111111111111, flags=SA_RESTART|SA_SIGINFO, unblocked
    SIGILL: crash_handler in libjvm.dylib, mask=11100110000111110111111111111111, flags=SA_RESTART|SA_SIGINFO, unblocked
   SIGUSR2: SR_handler in libjvm.dylib, mask=00000000000000000000000000000000, flags=SA_RESTART|SA_SIGINFO, unblocked
    SIGHUP: UserHandler in libjvm.dylib, mask=11100110000111110111111111111111, flags=SA_RESTART|SA_SIGINFO, unblocked
    SIGINT: UserHandler in libjvm.dylib, mask=11100110000111110111111111111111, flags=SA_RESTART|SA_SIGINFO, unblocked
   SIGTERM: UserHandler in libjvm.dylib, mask=11100110000111110111111111111111, flags=SA_RESTART|SA_SIGINFO, unblocked
   SIGQUIT: UserHandler in libjvm.dylib, mask=11100110000111110111111111111111, flags=SA_RESTART|SA_SIGINFO, blocked
   SIGTRAP: crash_handler in libjvm.dylib, mask=11100110000111110111111111111111, flags=SA_RESTART|SA_SIGINFO, unblocked


---------------  S Y S T E M  ---------------

OS:
uname: Darwin 25.4.0 Darwin Kernel Version 25.4.0: Thu Mar 19 19:33:43 PDT 2026; root:xnu-12377.101.15~1/RELEASE_ARM64_T8142 arm64
OS uptime: 34 days 20:16 hours
rlimit (soft/hard): STACK 8176k/65520k , CORE 0k/infinity , NPROC 2666/4000 , NOFILE 10240/infinity , AS infinity/infinity , CPU infinity/infinity , DATA infinity/infinity , FSIZE infinity/infinity , MEMLOCK infinity/infinity , RSS infinity/infinity
load average: 5.14 4.22 4.17

CPU: total 10 (initial active 10) 0x61:0x0:0x1d5a87e8:0, fp, asimd, aes, pmull, crc32, lse

Memory: 16k page, physical 16777216k(74720k free), swap 18874368k(1041472k free)

vm_info: OpenJDK 64-Bit Server VM (20.0.1+9-29) for bsd-aarch64 JRE (20.0.1+9-29), built on 2023-03-07T13:56:11Z by "mach5one" with clang Apple LLVM 12.0.0 (clang-1200.0.32.29)

END.
